timestamp,ambient_temperature,humidity,factory_load
2024-01-01 00:00:00,31.52,62.64,79.28
2024-01-01 00:15:00,24.8,73.49,86.88
2024-01-01 00:30:00,33.75,37.92,84.24
2024-01-01 00:45:00,34.7,55.72,97.65
2024-01-01 01:00:00,20.24,72.44,87.88
2024-01-01 01:15:00,23.49,60.98,86.78
2024-01-01 01:30:00,30.64,82.01,73.08
2024-01-01 01:45:00,28.42,36.36,67.06
2024-01-01 02:00:00,29.92,34.65,95.9
2024-01-01 02:15:00,25.73,71.55,76.12
2024-01-01 02:30:00,34.4,72.99,76.21
2024-01-01 02:45:00,33.89,57.1,94.63
2024-01-01 03:00:00,30.33,66.01,94.13
2024-01-01 03:15:00,35.64,71.18,82.98
2024-01-01 03:30:00,32.34,47.79,83.1
2024-01-01 03:45:00,25.7,49.4,78.36
2024-01-01 04:00:00,31.84,62.85,87.71
2024-01-01 04:15:00,25.21,73.56,75.35
2024-01-01 04:30:00,34.39,42.51,71.58
2024-01-01 04:45:00,29.75,57.03,69.31
2024-01-01 05:00:00,29.08,56.34,84.41
2024-01-01 05:15:00,26.6,66.27,77.99
2024-01-01 05:30:00,36.11,59.87,87.5
2024-01-01 05:45:00,29.23,51.81,77.92
2024-01-01 06:00:00,27.86,78.73,68.34
2024-01-01 06:15:00,28.24,51.91,97.67
2024-01-01 06:30:00,32.66,55.62,97.72
2024-01-01 06:45:00,31.83,36.13,87.1
2024-01-01 07:00:00,32.06,49.3,89.96
2024-01-01 07:15:00,32.15,67.74,75.6
2024-01-01 07:30:00,40.71,64.81,77.07
2024-01-01 07:45:00,27.97,68.99,75.28
2024-01-01 08:00:00,27.44,68.26,81.21
2024-01-01 08:15:00,25.93,90.0,100.0
2024-01-01 08:30:00,33.08,48.78,84.99
2024-01-01 08:45:00,35.64,35.71,56.77
2024-01-01 09:00:00,29.43,44.24,76.55
2024-01-01 09:15:00,25.8,49.45,86.27
2024-01-01 09:30:00,25.88,45.39,81.1
2024-01-01 09:45:00,33.25,61.4,70.92
2024-01-01 10:00:00,33.72,78.79,75.2
2024-01-01 10:15:00,32.72,83.09,72.74
2024-01-01 10:30:00,26.67,67.56,86.0
2024-01-01 10:45:00,31.16,90.0,80.87
2024-01-01 11:00:00,30.58,54.65,88.05
2024-01-01 11:15:00,31.09,35.51,81.82
2024-01-01 11:30:00,34.36,75.8,87.55
2024-01-01 11:45:00,31.12,32.42,69.19
2024-01-01 12:00:00,33.39,48.67,79.33
2024-01-01 12:15:00,30.34,67.8,81.63
2024-01-01 12:30:00,31.45,58.46,88.22
2024-01-01 12:45:00,33.16,57.14,92.87
2024-01-01 13:00:00,22.71,42.29,72.89
2024-01-01 13:15:00,28.4,59.84,81.36
2024-01-01 13:30:00,27.65,75.05,85.59
2024-01-01 13:45:00,26.81,60.3,85.79
2024-01-01 14:00:00,28.62,47.55,76.85
2024-01-01 14:15:00,37.47,41.29,93.18
2024-01-01 14:30:00,25.67,47.86,75.83
2024-01-01 14:45:00,34.84,65.89,84.13
2024-01-01 15:00:00,21.59,65.15,77.18
2024-01-01 15:15:00,28.33,47.99,72.22
2024-01-01 15:30:00,30.81,30.0,82.68
2024-01-01 15:45:00,32.93,66.3,85.02
2024-01-01 16:00:00,33.56,46.53,78.68
2024-01-01 16:15:00,33.97,70.34,92.5
2024-01-01 16:30:00,28.26,48.66,82.61
2024-01-01 16:45:00,27.69,45.18,65.75
2024-01-01 17:00:00,34.29,62.3,92.41
2024-01-01 17:15:00,29.04,90.0,90.53
2024-01-01 17:30:00,23.62,71.24,85.74
2024-01-01 17:45:00,24.33,62.04,89.21
2024-01-01 18:00:00,25.4,65.38,91.64
2024-01-01 18:15:00,32.49,33.73,74.34
2024-01-01 18:30:00,30.71,43.16,89.71
2024-01-01 18:45:00,33.45,30.0,82.99
2024-01-01 19:00:00,27.86,85.95,88.54
2024-01-01 19:15:00,30.79,82.91,94.96
2024-01-01 19:30:00,33.13,65.89,86.68
2024-01-01 19:45:00,28.45,62.03,67.83
2024-01-01 20:00:00,32.28,36.73,66.63
2024-01-01 20:15:00,26.69,56.71,88.51
2024-01-01 20:30:00,28.18,86.89,77.81
2024-01-01 20:45:00,28.09,61.97,64.89
2024-01-01 21:00:00,24.02,51.53,70.04
2024-01-01 21:15:00,32.43,33.63,84.18
2024-01-01 21:30:00,27.65,80.7,71.58
2024-01-01 21:45:00,30.06,58.95,79.88
2024-01-01 22:00:00,32.4,33.65,61.9
2024-01-01 22:15:00,32.23,46.14,73.13
2024-01-01 22:30:00,33.33,40.84,79.19
2024-01-01 22:45:00,29.51,58.02,71.78
2024-01-01 23:00:00,27.88,63.11,87.43
2024-01-01 23:15:00,29.6,52.45,67.28
2024-01-01 23:30:00,21.56,71.66,73.85
2024-01-01 23:45:00,22.76,61.18,82.93
2024-01-02 00:00:00,23.39,75.93,68.0
2024-01-02 00:15:00,25.01,54.64,63.52
2024-01-02 00:30:00,32.0,90.0,76.44
2024-01-02 00:45:00,25.47,51.53,88.99
2024-01-02 01:00:00,28.11,46.45,81.87
2024-01-02 01:15:00,36.5,44.61,98.79
2024-01-02 01:30:00,28.22,56.84,79.89
2024-01-02 01:45:00,33.69,34.21,82.84
2024-01-02 02:00:00,25.33,64.42,89.8
2024-01-02 02:15:00,28.97,31.42,88.81
2024-01-02 02:30:00,25.25,62.43,91.39
2024-01-02 02:45:00,28.3,39.73,79.77
2024-01-02 03:00:00,34.2,54.28,83.96
2024-01-02 03:15:00,21.36,69.07,98.69
2024-01-02 03:30:00,32.17,90.0,55.82
2024-01-02 03:45:00,31.19,43.83,94.08
2024-01-02 04:00:00,27.03,57.75,85.13
2024-01-02 04:15:00,22.77,49.14,81.42
2024-01-02 04:30:00,30.36,46.95,82.02
2024-01-02 04:45:00,27.35,49.28,79.03
2024-01-02 05:00:00,31.16,72.36,65.49
2024-01-02 05:15:00,30.11,52.68,97.84
2024-01-02 05:30:00,38.01,90.0,87.08
2024-01-02 05:45:00,28.8,66.24,91.07
2024-01-02 06:00:00,24.88,44.85,77.79
2024-01-02 06:15:00,30.9,54.5,80.49
2024-01-02 06:30:00,31.1,47.97,89.98
2024-01-02 06:45:00,36.8,72.0,78.83
2024-01-02 07:00:00,34.18,35.42,86.5
2024-01-02 07:15:00,31.78,39.89,94.37
2024-01-02 07:30:00,37.32,51.13,100.0
2024-01-02 07:45:00,24.06,70.24,75.05
2024-01-02 08:00:00,26.8,78.5,70.03
2024-01-02 08:15:00,25.37,80.71,86.06
2024-01-02 08:30:00,28.05,67.95,88.61
2024-01-02 08:45:00,23.12,58.76,74.22
2024-01-02 09:00:00,33.18,71.92,83.37
2024-01-02 09:15:00,28.89,42.83,69.77
2024-01-02 09:30:00,22.65,32.33,75.62
2024-01-02 09:45:00,24.92,66.55,96.49
2024-01-02 10:00:00,31.57,44.91,79.61
2024-01-02 10:15:00,34.19,59.02,88.31
2024-01-02 10:30:00,39.98,61.79,74.45
2024-01-02 10:45:00,44.57,63.72,87.07
2024-01-02 11:00:00,32.07,74.07,79.92
2024-01-02 11:15:00,25.05,72.48,89.62
2024-01-02 11:30:00,20.0,62.93,77.92
2024-01-02 11:45:00,31.34,53.37,82.06
2024-01-02 12:00:00,25.94,61.62,84.62
2024-01-02 12:15:00,27.92,51.06,75.5
2024-01-02 12:30:00,26.94,57.05,77.82
2024-01-02 12:45:00,29.3,90.0,90.12
2024-01-02 13:00:00,35.33,62.73,96.19
2024-01-02 13:15:00,30.79,66.75,95.14
2024-01-02 13:30:00,29.21,49.42,84.64
2024-01-02 13:45:00,24.82,75.3,89.78
2024-01-02 14:00:00,21.63,71.4,89.8
2024-01-02 14:15:00,27.57,71.51,67.85
2024-01-02 14:30:00,29.73,63.22,100.0
2024-01-02 14:45:00,38.84,75.51,84.28
2024-01-02 15:00:00,30.65,79.08,74.57
2024-01-02 15:15:00,34.91,64.25,75.54
2024-01-02 15:30:00,27.5,58.28,71.4
2024-01-02 15:45:00,24.08,73.42,81.42
2024-01-02 16:00:00,25.17,46.44,100.0
2024-01-02 16:15:00,26.37,49.23,79.09
2024-01-02 16:30:00,40.64,59.2,82.55
2024-01-02 16:45:00,25.89,33.88,89.63
2024-01-02 17:00:00,34.19,72.41,92.91
2024-01-02 17:15:00,25.49,45.56,77.19
2024-01-02 17:30:00,34.66,52.93,84.31
2024-01-02 17:45:00,31.92,56.8,86.45
2024-01-02 18:00:00,29.22,60.59,80.21
2024-01-02 18:15:00,29.8,54.85,86.39
2024-01-02 18:30:00,26.73,58.99,86.27
2024-01-02 18:45:00,32.23,59.11,82.68
2024-01-02 19:00:00,27.73,53.29,88.54
2024-01-02 19:15:00,23.87,48.4,97.32
2024-01-02 19:30:00,23.61,76.22,95.63
2024-01-02 19:45:00,30.86,30.0,90.38
2024-01-02 20:00:00,37.9,56.91,78.97
2024-01-02 20:15:00,30.8,52.97,80.47
2024-01-02 20:30:00,29.41,66.28,96.8
2024-01-02 20:45:00,31.43,38.19,72.3
2024-01-02 21:00:00,36.53,52.5,90.94
2024-01-02 21:15:00,31.1,58.46,65.21
2024-01-02 21:30:00,27.95,76.05,83.05
2024-01-02 21:45:00,35.53,64.98,79.99
2024-01-02 22:00:00,32.14,42.25,89.28
2024-01-02 22:15:00,37.68,52.69,84.88
2024-01-02 22:30:00,30.92,73.29,82.81
2024-01-02 22:45:00,23.88,41.99,81.14
2024-01-02 23:00:00,23.16,58.82,81.08
2024-01-02 23:15:00,38.25,59.86,76.39
2024-01-02 23:30:00,38.62,54.21,74.46
2024-01-02 23:45:00,29.1,90.0,89.4
2024-01-03 00:00:00,28.08,53.81,68.81
2024-01-03 00:15:00,37.31,66.75,72.2
2024-01-03 00:30:00,24.46,48.51,100.0
2024-01-03 00:45:00,25.53,67.92,82.23
2024-01-03 01:00:00,33.22,73.06,85.25
2024-01-03 01:15:00,28.03,51.18,84.16
2024-01-03 01:30:00,29.97,59.18,92.09
2024-01-03 01:45:00,29.18,46.57,67.8
2024-01-03 02:00:00,31.69,42.83,82.64
2024-01-03 02:15:00,37.04,75.55,95.82
2024-01-03 02:30:00,30.45,51.69,76.77
2024-01-03 02:45:00,33.22,30.0,84.71
2024-01-03 03:00:00,20.0,86.48,81.56
2024-01-03 03:15:00,29.76,47.97,78.67
2024-01-03 03:30:00,25.78,56.3,100.0
2024-01-03 03:45:00,23.91,84.61,96.72
2024-01-03 04:00:00,25.61,57.87,91.34
2024-01-03 04:15:00,28.33,57.55,93.19
2024-01-03 04:30:00,34.58,41.58,81.97
2024-01-03 04:45:00,23.37,35.48,82.19
2024-01-03 05:00:00,30.15,57.5,81.81
2024-01-03 05:15:00,27.58,65.44,93.51
2024-01-03 05:30:00,28.36,64.58,96.28
2024-01-03 05:45:00,35.01,52.78,80.62
2024-01-03 06:00:00,32.69,60.3,97.51
2024-01-03 06:15:00,36.69,32.44,74.49
2024-01-03 06:30:00,29.23,66.9,82.43
2024-01-03 06:45:00,26.52,62.42,85.94
2024-01-03 07:00:00,28.88,89.6,89.96
2024-01-03 07:15:00,31.21,60.11,89.99
2024-01-03 07:30:00,30.88,45.86,87.88
2024-01-03 07:45:00,24.58,59.24,78.72
2024-01-03 08:00:00,30.45,55.08,83.95
2024-01-03 08:15:00,31.14,66.52,94.93
2024-01-03 08:30:00,42.59,60.4,85.52
2024-01-03 08:45:00,39.38,41.1,72.01
2024-01-03 09:00:00,25.73,35.46,85.49
2024-01-03 09:15:00,28.56,63.94,84.26
2024-01-03 09:30:00,22.68,80.75,80.31
2024-01-03 09:45:00,27.05,61.19,70.85
2024-01-03 10:00:00,31.58,72.2,84.02
2024-01-03 10:15:00,36.03,75.19,93.25
2024-01-03 10:30:00,26.35,64.0,77.05
2024-01-03 10:45:00,26.73,47.78,75.41
2024-01-03 11:00:00,20.0,62.93,92.25
2024-01-03 11:15:00,29.19,78.11,82.06
2024-01-03 11:30:00,24.69,67.95,81.9
2024-01-03 11:45:00,27.35,71.22,80.83
2024-01-03 12:00:00,25.62,53.06,89.93
2024-01-03 12:15:00,29.53,56.96,94.86
2024-01-03 12:30:00,21.21,58.22,66.1
2024-01-03 12:45:00,22.66,59.23,90.68
2024-01-03 13:00:00,40.65,77.52,93.73
2024-01-03 13:15:00,23.56,30.0,83.26
2024-01-03 13:30:00,24.52,60.46,89.49
2024-01-03 13:45:00,39.18,58.81,82.0
2024-01-03 14:00:00,44.53,39.43,88.46
2024-01-03 14:15:00,24.14,70.08,97.37
2024-01-03 14:30:00,28.16,49.13,77.46
2024-01-03 14:45:00,31.71,54.64,81.98
2024-01-03 15:00:00,38.64,87.73,77.36
2024-01-03 15:15:00,25.07,75.15,90.95
2024-01-03 15:30:00,28.77,68.62,80.33
2024-01-03 15:45:00,33.89,65.71,74.14
2024-01-03 16:00:00,32.17,57.53,87.54
2024-01-03 16:15:00,28.12,89.99,89.52
2024-01-03 16:30:00,29.33,72.03,88.02
2024-01-03 16:45:00,23.13,48.76,100.0
2024-01-03 17:00:00,28.81,39.0,71.09
2024-01-03 17:15:00,28.67,68.5,94.18
2024-01-03 17:30:00,31.16,59.16,85.98
2024-01-03 17:45:00,27.22,38.57,85.04
2024-01-03 18:00:00,32.36,66.43,93.48
2024-01-03 18:15:00,35.06,55.96,81.36
2024-01-03 18:30:00,30.78,67.96,85.77
2024-01-03 18:45:00,31.76,66.63,69.27
2024-01-03 19:00:00,30.27,50.88,69.4
2024-01-03 19:15:00,30.0,69.49,86.15
2024-01-03 19:30:00,26.39,52.53,82.59
2024-01-03 19:45:00,31.58,53.51,100.0
2024-01-03 20:00:00,29.51,52.02,74.87
2024-01-03 20:15:00,40.47,76.96,89.68
2024-01-03 20:30:00,37.87,55.79,90.8
2024-01-03 20:45:00,31.93,80.59,71.39
2024-01-03 21:00:00,26.18,86.75,67.0
2024-01-03 21:15:00,24.44,48.92,87.64
2024-01-03 21:30:00,35.96,30.0,74.48
2024-01-03 21:45:00,31.31,75.67,73.53
2024-01-03 22:00:00,32.4,54.87,91.49
2024-01-03 22:15:00,21.28,47.01,83.81
2024-01-03 22:30:00,34.64,51.17,97.59
2024-01-03 22:45:00,32.27,53.78,90.29
2024-01-03 23:00:00,24.45,79.46,88.35
2024-01-03 23:15:00,27.64,62.4,90.43
2024-01-03 23:30:00,31.32,79.25,80.62
2024-01-03 23:45:00,30.26,67.41,83.97
2024-01-04 00:00:00,28.54,55.36,83.19
2024-01-04 00:15:00,29.48,54.14,80.68
2024-01-04 00:30:00,28.74,68.42,94.93
2024-01-04 00:45:00,30.76,72.31,88.38
2024-01-04 01:00:00,37.36,74.95,87.65
2024-01-04 01:15:00,20.0,56.08,78.25
2024-01-04 01:30:00,28.82,62.63,76.95
2024-01-04 01:45:00,30.88,68.76,77.86
2024-01-04 02:00:00,31.48,54.24,92.72
2024-01-04 02:15:00,28.14,42.98,79.73
2024-01-04 02:30:00,21.22,47.91,90.8
2024-01-04 02:45:00,31.64,56.38,80.58
2024-01-04 03:00:00,38.64,69.93,90.52
2024-01-04 03:15:00,22.33,78.88,93.85
2024-01-04 03:30:00,34.32,39.66,74.36
2024-01-04 03:45:00,28.36,51.04,85.28
2024-01-04 04:00:00,29.69,54.63,94.98
2024-01-04 04:15:00,24.74,71.92,67.23
2024-01-04 04:30:00,28.33,52.08,84.03
2024-01-04 04:45:00,36.5,53.55,75.4
2024-01-04 05:00:00,32.91,38.82,65.63
2024-01-04 05:15:00,38.66,67.25,90.98
2024-01-04 05:30:00,35.89,57.58,91.73
2024-01-04 05:45:00,32.2,50.19,87.22
2024-01-04 06:00:00,38.72,56.11,71.99
2024-01-04 06:15:00,32.19,76.9,94.64
2024-01-04 06:30:00,34.14,44.93,98.0
2024-01-04 06:45:00,28.52,47.38,85.53
2024-01-04 07:00:00,30.33,78.78,76.75
2024-01-04 07:15:00,26.51,61.14,74.24
2024-01-04 07:30:00,34.95,70.05,84.74
2024-01-04 07:45:00,24.11,66.03,82.59
2024-01-04 08:00:00,33.91,59.47,78.21
2024-01-04 08:15:00,29.05,54.78,70.72
2024-01-04 08:30:00,35.86,72.47,88.84
2024-01-04 08:45:00,33.75,77.44,100.0
2024-01-04 09:00:00,39.1,76.26,83.58
2024-01-04 09:15:00,33.65,42.22,98.93
2024-01-04 09:30:00,22.14,79.57,87.0
2024-01-04 09:45:00,29.67,54.63,81.46
2024-01-04 10:00:00,24.14,48.67,76.65
2024-01-04 10:15:00,27.41,57.46,74.0
2024-01-04 10:30:00,37.56,72.47,89.74
2024-01-04 10:45:00,33.19,68.11,77.13
2024-01-04 11:00:00,26.51,56.17,82.29
2024-01-04 11:15:00,24.93,72.56,80.99
2024-01-04 11:30:00,30.16,62.1,94.6
2024-01-04 11:45:00,23.92,51.41,88.45
2024-01-04 12:00:00,26.64,49.38,81.3
2024-01-04 12:15:00,31.56,66.15,98.56
2024-01-04 12:30:00,35.78,58.76,83.51
2024-01-04 12:45:00,33.04,39.37,77.15
2024-01-04 13:00:00,20.0,72.71,74.73
2024-01-04 13:15:00,31.52,52.8,81.89
2024-01-04 13:30:00,30.36,83.88,73.36
2024-01-04 13:45:00,32.07,38.96,84.14
2024-01-04 14:00:00,38.08,57.29,95.44
2024-01-04 14:15:00,20.0,49.5,76.08
2024-01-04 14:30:00,27.04,45.37,89.81
2024-01-04 14:45:00,32.95,52.7,93.68
2024-01-04 15:00:00,22.09,86.56,83.54
2024-01-04 15:15:00,37.38,62.15,75.52
2024-01-04 15:30:00,31.84,48.12,83.23
2024-01-04 15:45:00,34.23,32.57,86.83
2024-01-04 16:00:00,27.15,34.18,76.55
2024-01-04 16:15:00,34.07,51.95,86.4
2024-01-04 16:30:00,35.34,50.49,85.07
2024-01-04 16:45:00,31.16,56.64,87.73
2024-01-04 17:00:00,31.17,30.0,68.61
2024-01-04 17:15:00,31.35,58.62,76.27
2024-01-04 17:30:00,25.68,75.42,87.56
2024-01-04 17:45:00,29.26,84.34,91.51
2024-01-04 18:00:00,29.24,31.58,81.79
2024-01-04 18:15:00,31.92,47.98,84.42
2024-01-04 18:30:00,35.0,47.19,75.64
2024-01-04 18:45:00,24.71,62.19,82.29
2024-01-04 19:00:00,29.37,41.7,79.23
2024-01-04 19:15:00,37.41,85.23,69.1
2024-01-04 19:30:00,26.28,60.65,66.23
2024-01-04 19:45:00,25.89,58.15,68.33
2024-01-04 20:00:00,31.01,83.89,82.59
2024-01-04 20:15:00,34.22,59.76,98.22
2024-01-04 20:30:00,30.06,66.0,75.12
2024-01-04 20:45:00,36.64,48.74,66.36
2024-01-04 21:00:00,34.28,39.44,73.0
2024-01-04 21:15:00,34.21,50.84,85.69
2024-01-04 21:30:00,32.77,90.0,73.5
2024-01-04 21:45:00,41.64,69.5,71.05
2024-01-04 22:00:00,28.97,64.12,78.12
2024-01-04 22:15:00,20.0,45.35,87.18
2024-01-04 22:30:00,38.02,73.67,83.4
2024-01-04 22:45:00,27.71,39.63,79.55
2024-01-04 23:00:00,30.54,36.49,72.43
2024-01-04 23:15:00,36.55,51.62,69.08
2024-01-04 23:30:00,21.99,89.32,79.14
2024-01-04 23:45:00,23.74,88.47,83.76
2024-01-05 00:00:00,21.99,53.23,88.67
2024-01-05 00:15:00,26.03,49.89,95.2
2024-01-05 00:30:00,32.2,35.39,86.92
2024-01-05 00:45:00,32.62,61.17,75.75
2024-01-05 01:00:00,31.38,62.43,84.33
2024-01-05 01:15:00,22.94,71.84,79.0
2024-01-05 01:30:00,20.0,73.66,89.86
2024-01-05 01:45:00,30.27,57.04,72.36
2024-01-05 02:00:00,27.64,68.34,87.65
2024-01-05 02:15:00,32.3,49.49,77.03
2024-01-05 02:30:00,33.51,68.06,79.87
2024-01-05 02:45:00,30.69,52.39,87.48
2024-01-05 03:00:00,33.8,66.89,76.91
2024-01-05 03:15:00,31.15,65.68,93.69
2024-01-05 03:30:00,32.65,61.03,81.46
2024-01-05 03:45:00,26.48,71.92,80.15
2024-01-05 04:00:00,29.1,36.44,80.01
2024-01-05 04:15:00,30.98,44.03,89.71
2024-01-05 04:30:00,34.1,55.95,78.97
2024-01-05 04:45:00,28.03,38.35,83.32
2024-01-05 05:00:00,32.61,53.9,82.12
2024-01-05 05:15:00,28.67,54.38,87.08
2024-01-05 05:30:00,29.41,79.65,85.47
2024-01-05 05:45:00,34.15,62.14,68.28
2024-01-05 06:00:00,20.03,75.44,93.1
2024-01-05 06:15:00,23.52,64.53,81.55
2024-01-05 06:30:00,22.59,51.96,69.29
2024-01-05 06:45:00,20.0,62.01,92.8
2024-01-05 07:00:00,26.61,70.94,80.13
2024-01-05 07:15:00,33.75,77.9,78.43
2024-01-05 07:30:00,28.58,58.02,99.72
2024-01-05 07:45:00,30.99,35.29,93.36
2024-01-05 08:00:00,35.45,34.23,74.58
2024-01-05 08:15:00,36.64,55.1,77.68
2024-01-05 08:30:00,29.65,30.0,65.43
2024-01-05 08:45:00,36.77,86.93,89.07
2024-01-05 09:00:00,30.46,68.95,75.72
2024-01-05 09:15:00,25.81,50.46,81.89
2024-01-05 09:30:00,27.03,43.36,80.15
2024-01-05 09:45:00,22.6,75.42,82.66
2024-01-05 10:00:00,25.56,43.3,89.79
2024-01-05 10:15:00,28.21,44.73,75.45
2024-01-05 10:30:00,34.02,48.51,77.76
2024-01-05 10:45:00,38.6,61.71,86.05
2024-01-05 11:00:00,23.09,69.31,95.78
2024-01-05 11:15:00,31.96,77.89,83.2
2024-01-05 11:30:00,24.8,75.67,88.04
2024-01-05 11:45:00,32.37,60.01,77.16
2024-01-05 12:00:00,29.34,75.31,86.06
2024-01-05 12:15:00,20.85,49.94,100.0
2024-01-05 12:30:00,34.64,32.69,76.56
2024-01-05 12:45:00,26.97,49.93,91.1
2024-01-05 13:00:00,27.33,47.91,80.72
2024-01-05 13:15:00,24.65,50.52,74.1
2024-01-05 13:30:00,26.73,45.61,85.79
2024-01-05 13:45:00,32.14,53.08,85.51
2024-01-05 14:00:00,29.05,69.3,88.89
2024-01-05 14:15:00,31.64,85.73,100.0
2024-01-05 14:30:00,31.81,34.12,78.19
2024-01-05 14:45:00,36.6,40.68,94.37
2024-01-05 15:00:00,28.29,48.13,71.34
2024-01-05 15:15:00,22.62,71.49,89.08
2024-01-05 15:30:00,35.34,56.93,85.78
2024-01-05 15:45:00,28.34,49.14,79.94
2024-01-05 16:00:00,35.57,70.75,91.07
2024-01-05 16:15:00,31.92,74.35,85.42
2024-01-05 16:30:00,29.34,59.72,100.0
2024-01-05 16:45:00,31.74,47.76,89.72
2024-01-05 17:00:00,39.76,64.05,89.58
2024-01-05 17:15:00,40.38,56.5,78.0
2024-01-05 17:30:00,30.35,56.38,89.3
2024-01-05 17:45:00,30.8,52.31,86.8
2024-01-05 18:00:00,35.38,73.87,70.98
2024-01-05 18:15:00,25.77,63.75,76.61
2024-01-05 18:30:00,31.67,75.54,100.0
2024-01-05 18:45:00,29.87,80.04,94.16
2024-01-05 19:00:00,31.57,66.88,93.21
2024-01-05 19:15:00,25.83,52.4,71.53
2024-01-05 19:30:00,22.05,75.6,74.45
2024-01-05 19:45:00,20.0,66.98,90.76
2024-01-05 20:00:00,24.41,90.0,70.48
2024-01-05 20:15:00,27.71,64.65,85.84
2024-01-05 20:30:00,28.53,70.47,78.09
2024-01-05 20:45:00,39.69,64.36,98.79
2024-01-05 21:00:00,35.53,58.51,82.37
2024-01-05 21:15:00,25.19,56.12,75.42
2024-01-05 21:30:00,31.74,64.41,89.5
2024-01-05 21:45:00,27.96,67.82,72.92
2024-01-05 22:00:00,28.58,77.32,87.65
2024-01-05 22:15:00,30.93,64.63,85.63
2024-01-05 22:30:00,33.1,53.06,92.35
2024-01-05 22:45:00,28.3,55.1,82.48
2024-01-05 23:00:00,35.32,40.16,83.6
2024-01-05 23:15:00,24.29,84.92,70.46
2024-01-05 23:30:00,30.03,51.88,99.12
2024-01-05 23:45:00,42.99,74.51,81.6
2024-01-06 00:00:00,31.12,64.15,86.81
2024-01-06 00:15:00,37.17,64.56,84.23
2024-01-06 00:30:00,30.46,58.24,89.99
2024-01-06 00:45:00,32.9,48.18,90.26
2024-01-06 01:00:00,29.72,45.47,77.18
2024-01-06 01:15:00,29.15,85.93,90.79
2024-01-06 01:30:00,26.1,61.71,88.38
2024-01-06 01:45:00,32.15,76.88,90.36
2024-01-06 02:00:00,25.74,80.77,100.0
2024-01-06 02:15:00,33.33,53.84,85.32
2024-01-06 02:30:00,35.43,66.35,84.15
2024-01-06 02:45:00,31.83,60.68,81.18
2024-01-06 03:00:00,28.57,42.64,85.32
2024-01-06 03:15:00,32.27,57.22,80.65
2024-01-06 03:30:00,28.46,68.81,81.39
2024-01-06 03:45:00,34.68,52.51,67.09
2024-01-06 04:00:00,20.84,55.13,86.26
2024-01-06 04:15:00,28.32,57.4,65.61
2024-01-06 04:30:00,20.05,90.0,78.15
2024-01-06 04:45:00,22.52,32.49,90.41
2024-01-06 05:00:00,36.82,67.52,69.77
2024-01-06 05:15:00,34.48,56.2,85.29
2024-01-06 05:30:00,26.4,50.39,80.35
2024-01-06 05:45:00,22.49,55.83,82.82
2024-01-06 06:00:00,20.0,70.01,92.73
2024-01-06 06:15:00,27.28,70.87,91.53
2024-01-06 06:30:00,42.1,62.79,93.71
2024-01-06 06:45:00,32.17,76.39,81.2
2024-01-06 07:00:00,27.2,79.03,79.87
2024-01-06 07:15:00,32.33,72.25,83.07
2024-01-06 07:30:00,22.2,51.81,91.76
2024-01-06 07:45:00,28.51,67.42,93.03
2024-01-06 08:00:00,30.5,67.49,87.59
2024-01-06 08:15:00,29.57,47.77,74.35
2024-01-06 08:30:00,33.95,36.46,89.6
2024-01-06 08:45:00,31.72,30.0,87.09
2024-01-06 09:00:00,33.34,61.05,86.31
2024-01-06 09:15:00,26.56,64.47,94.09
2024-01-06 09:30:00,34.49,42.27,83.27
2024-01-06 09:45:00,38.14,75.69,92.27
2024-01-06 10:00:00,25.15,62.28,89.71
2024-01-06 10:15:00,25.56,80.24,76.54
2024-01-06 10:30:00,36.68,65.56,96.62
2024-01-06 10:45:00,29.04,44.0,76.51
2024-01-06 11:00:00,37.02,66.87,96.58
2024-01-06 11:15:00,27.79,70.05,89.02
2024-01-06 11:30:00,37.28,51.79,84.99
2024-01-06 11:45:00,30.66,38.37,79.99
2024-01-06 12:00:00,31.29,61.5,87.26
2024-01-06 12:15:00,37.82,44.99,100.0
2024-01-06 12:30:00,28.19,76.81,65.28
2024-01-06 12:45:00,25.29,53.89,89.65
2024-01-06 13:00:00,27.76,85.87,79.59
2024-01-06 13:15:00,32.26,30.0,78.09
2024-01-06 13:30:00,22.17,62.02,86.33
2024-01-06 13:45:00,33.19,81.44,79.05
2024-01-06 14:00:00,27.31,46.65,81.68
2024-01-06 14:15:00,35.74,57.61,90.54
2024-01-06 14:30:00,20.0,53.95,94.3
2024-01-06 14:45:00,26.07,49.74,88.77
2024-01-06 15:00:00,21.57,63.67,75.47
2024-01-06 15:15:00,25.87,40.57,91.75
2024-01-06 15:30:00,31.24,58.34,84.91
2024-01-06 15:45:00,29.1,67.74,87.5
2024-01-06 16:00:00,28.73,56.77,90.23
2024-01-06 16:15:00,29.2,45.0,100.0
2024-01-06 16:30:00,31.02,75.45,72.86
2024-01-06 16:45:00,24.96,70.95,82.12
2024-01-06 17:00:00,33.53,44.38,77.37
2024-01-06 17:15:00,33.31,40.59,78.68
2024-01-06 17:30:00,31.93,45.72,88.98
2024-01-06 17:45:00,32.78,68.18,89.2
2024-01-06 18:00:00,31.48,64.13,85.83
2024-01-06 18:15:00,40.18,71.85,88.28
2024-01-06 18:30:00,29.56,55.11,73.93
2024-01-06 18:45:00,28.46,46.13,86.16
2024-01-06 19:00:00,26.23,73.78,69.34
2024-01-06 19:15:00,24.84,51.7,79.47
2024-01-06 19:30:00,23.78,62.8,74.35
2024-01-06 19:45:00,25.56,36.75,75.01
2024-01-06 20:00:00,29.65,51.45,80.93
2024-01-06 20:15:00,31.67,75.14,82.95
2024-01-06 20:30:00,30.26,49.26,69.98
2024-01-06 20:45:00,26.17,72.22,75.95
2024-01-06 21:00:00,34.5,30.0,88.96
2024-01-06 21:15:00,33.7,51.61,81.79
2024-01-06 21:30:00,29.2,57.43,98.87
2024-01-06 21:45:00,26.74,86.14,74.04
2024-01-06 22:00:00,32.74,42.46,88.96
2024-01-06 22:15:00,30.94,70.06,81.55
2024-01-06 22:30:00,22.76,75.85,80.52
2024-01-06 22:45:00,29.66,49.18,88.69
2024-01-06 23:00:00,31.31,54.4,80.53
2024-01-06 23:15:00,25.5,62.12,80.24
2024-01-06 23:30:00,30.95,37.78,75.85
2024-01-06 23:45:00,22.73,53.17,78.89
2024-01-07 00:00:00,36.68,79.14,82.2
2024-01-07 00:15:00,36.24,67.84,83.3
2024-01-07 00:30:00,28.74,57.65,93.77
2024-01-07 00:45:00,31.82,61.7,65.67
2024-01-07 01:00:00,20.0,68.71,91.06
2024-01-07 01:15:00,24.22,71.59,92.47
2024-01-07 01:30:00,28.53,51.65,68.74
2024-01-07 01:45:00,24.64,83.02,75.29
2024-01-07 02:00:00,33.57,79.75,79.59
2024-01-07 02:15:00,39.99,70.16,70.62
2024-01-07 02:30:00,24.12,47.36,95.94
2024-01-07 02:45:00,25.81,44.7,81.43
2024-01-07 03:00:00,31.18,55.1,80.93
2024-01-07 03:15:00,38.06,60.91,80.79
2024-01-07 03:30:00,23.89,33.47,79.92
2024-01-07 03:45:00,31.25,67.42,89.4
2024-01-07 04:00:00,39.11,79.31,91.14
2024-01-07 04:15:00,21.74,68.65,72.11
2024-01-07 04:30:00,23.59,49.86,85.65
2024-01-07 04:45:00,27.88,48.08,65.58
2024-01-07 05:00:00,27.4,64.5,97.7
2024-01-07 05:15:00,34.06,57.7,80.02
2024-01-07 05:30:00,31.21,66.65,94.42
2024-01-07 05:45:00,21.13,69.03,91.45
2024-01-07 06:00:00,32.58,76.38,78.65
2024-01-07 06:15:00,27.11,43.02,86.08
2024-01-07 06:30:00,36.37,63.32,85.27
2024-01-07 06:45:00,26.86,54.55,75.17
2024-01-07 07:00:00,26.82,58.52,95.33
2024-01-07 07:15:00,32.71,72.97,76.73
2024-01-07 07:30:00,33.81,74.6,100.0
2024-01-07 07:45:00,32.24,80.98,88.05
2024-01-07 08:00:00,21.57,66.38,69.52
2024-01-07 08:15:00,32.69,58.35,82.55
2024-01-07 08:30:00,24.83,56.21,76.18
2024-01-07 08:45:00,31.18,33.98,73.37
2024-01-07 09:00:00,22.88,80.1,86.41
2024-01-07 09:15:00,32.23,55.17,75.67
2024-01-07 09:30:00,25.97,67.59,100.0
2024-01-07 09:45:00,23.59,70.18,71.07
2024-01-07 10:00:00,33.57,41.32,88.4
2024-01-07 10:15:00,31.21,46.15,77.59
2024-01-07 10:30:00,26.93,83.21,73.32
2024-01-07 10:45:00,37.26,64.36,91.46
2024-01-07 11:00:00,27.8,51.29,65.34
2024-01-07 11:15:00,30.16,58.1,89.68
2024-01-07 11:30:00,31.34,76.29,90.31
2024-01-07 11:45:00,26.9,74.01,71.98
2024-01-07 12:00:00,32.36,38.01,74.57
2024-01-07 12:15:00,27.33,84.51,85.9
2024-01-07 12:30:00,27.94,74.49,67.21
2024-01-07 12:45:00,36.81,57.71,91.34
2024-01-07 13:00:00,24.8,42.12,75.41
2024-01-07 13:15:00,20.0,75.81,78.71
2024-01-07 13:30:00,38.05,67.15,86.1
2024-01-07 13:45:00,42.75,38.13,80.58
2024-01-07 14:00:00,27.97,56.52,95.82
2024-01-07 14:15:00,20.32,90.0,87.55
2024-01-07 14:30:00,28.45,60.25,85.9
2024-01-07 14:45:00,28.57,48.87,83.03
2024-01-07 15:00:00,29.05,44.87,73.02
2024-01-07 15:15:00,24.43,86.58,73.8
2024-01-07 15:30:00,32.9,72.72,78.14
2024-01-07 15:45:00,32.62,81.11,82.58
2024-01-07 16:00:00,22.53,63.72,80.31
2024-01-07 16:15:00,33.5,78.81,81.19
2024-01-07 16:30:00,40.26,47.28,82.68
2024-01-07 16:45:00,30.86,62.44,81.04
2024-01-07 17:00:00,28.31,64.31,76.94
2024-01-07 17:15:00,29.29,80.74,94.77
2024-01-07 17:30:00,33.08,64.78,67.26
2024-01-07 17:45:00,21.35,50.62,94.77
2024-01-07 18:00:00,30.82,60.96,82.37
2024-01-07 18:15:00,28.05,34.85,94.76
2024-01-07 18:30:00,39.24,30.0,87.93
2024-01-07 18:45:00,29.13,72.47,80.94
2024-01-07 19:00:00,38.34,54.38,94.59
2024-01-07 19:15:00,24.48,56.08,74.93
2024-01-07 19:30:00,32.94,72.46,74.13
2024-01-07 19:45:00,31.6,80.96,87.11
2024-01-07 20:00:00,25.65,68.02,86.08
2024-01-07 20:15:00,30.89,88.92,66.02
2024-01-07 20:30:00,36.06,67.54,78.69
2024-01-07 20:45:00,28.38,64.53,95.27
2024-01-07 21:00:00,21.54,63.61,84.27
2024-01-07 21:15:00,29.91,40.72,74.26
2024-01-07 21:30:00,25.49,74.34,85.52
2024-01-07 21:45:00,28.29,30.0,80.14
2024-01-07 22:00:00,29.59,51.21,68.86
2024-01-07 22:15:00,21.47,60.34,93.57
2024-01-07 22:30:00,21.92,48.15,94.6
2024-01-07 22:45:00,32.41,53.22,76.25
2024-01-07 23:00:00,27.39,87.59,76.01
2024-01-07 23:15:00,20.0,76.56,79.44
2024-01-07 23:30:00,33.92,49.71,88.11
2024-01-07 23:45:00,31.36,52.96,78.45
2024-01-08 00:00:00,26.43,40.84,84.41
2024-01-08 00:15:00,23.42,70.57,80.57
2024-01-08 00:30:00,34.18,56.25,73.83
2024-01-08 00:45:00,31.75,30.5,86.28
2024-01-08 01:00:00,41.91,61.51,86.19
2024-01-08 01:15:00,32.1,66.58,86.98
2024-01-08 01:30:00,31.94,74.45,85.16
2024-01-08 01:45:00,29.17,58.9,94.15
2024-01-08 02:00:00,34.08,54.41,70.83
2024-01-08 02:15:00,33.13,89.79,88.89
2024-01-08 02:30:00,36.26,60.1,81.01
2024-01-08 02:45:00,27.39,70.79,88.92
2024-01-08 03:00:00,27.82,51.91,80.55
2024-01-08 03:15:00,27.6,70.35,92.33
2024-01-08 03:30:00,33.95,38.17,66.79
2024-01-08 03:45:00,37.49,53.07,84.45
2024-01-08 04:00:00,27.71,41.88,81.16
2024-01-08 04:15:00,27.88,50.93,72.56
2024-01-08 04:30:00,31.57,78.76,84.81
2024-01-08 04:45:00,28.77,50.82,80.31
2024-01-08 05:00:00,34.76,70.77,82.46
2024-01-08 05:15:00,20.0,82.76,81.8
2024-01-08 05:30:00,25.87,59.59,92.08
2024-01-08 05:45:00,26.09,74.91,99.44
2024-01-08 06:00:00,20.0,67.97,79.42
2024-01-08 06:15:00,25.18,61.75,89.48
2024-01-08 06:30:00,25.42,71.25,85.91
2024-01-08 06:45:00,28.99,87.6,87.75
2024-01-08 07:00:00,35.56,50.44,83.75
2024-01-08 07:15:00,28.77,45.61,82.68
2024-01-08 07:30:00,24.85,44.73,87.31
2024-01-08 07:45:00,29.72,74.92,84.06
2024-01-08 08:00:00,35.25,76.94,73.45
2024-01-08 08:15:00,25.12,51.94,92.46
2024-01-08 08:30:00,25.45,30.0,77.93
2024-01-08 08:45:00,32.79,49.88,81.84
2024-01-08 09:00:00,28.89,68.22,66.67
2024-01-08 09:15:00,33.24,59.0,70.12
2024-01-08 09:30:00,29.93,62.71,89.43
2024-01-08 09:45:00,33.51,52.15,89.58
2024-01-08 10:00:00,24.82,75.21,92.79
2024-01-08 10:15:00,29.94,65.15,78.42
2024-01-08 10:30:00,28.95,68.8,83.16
2024-01-08 10:45:00,23.92,62.39,72.74
2024-01-08 11:00:00,22.18,67.87,87.72
2024-01-08 11:15:00,33.43,66.88,72.73
2024-01-08 11:30:00,28.25,46.08,87.29
2024-01-08 11:45:00,24.89,65.6,77.81
2024-01-08 12:00:00,29.52,71.87,76.92
2024-01-08 12:15:00,35.64,77.33,73.28
2024-01-08 12:30:00,20.0,66.24,82.67
2024-01-08 12:45:00,22.52,45.52,81.0
2024-01-08 13:00:00,25.39,47.83,75.53
2024-01-08 13:15:00,37.31,53.47,84.68
2024-01-08 13:30:00,31.41,62.84,85.41
2024-01-08 13:45:00,33.84,58.17,86.05
2024-01-08 14:00:00,24.3,43.14,79.5
2024-01-08 14:15:00,24.4,43.05,82.72
2024-01-08 14:30:00,32.24,30.0,78.92
2024-01-08 14:45:00,30.29,30.0,94.27
2024-01-08 15:00:00,32.74,58.02,95.52
2024-01-08 15:15:00,29.06,90.0,73.74
2024-01-08 15:30:00,31.39,86.95,92.57
2024-01-08 15:45:00,30.79,45.33,72.08
2024-01-08 16:00:00,33.89,62.25,74.17
2024-01-08 16:15:00,34.04,38.03,71.74
2024-01-08 16:30:00,21.9,40.32,76.58
2024-01-08 16:45:00,20.0,42.04,66.97
2024-01-08 17:00:00,35.01,56.62,72.1
2024-01-08 17:15:00,35.94,57.26,73.81
2024-01-08 17:30:00,24.9,63.79,82.97
2024-01-08 17:45:00,20.7,69.95,84.78
2024-01-08 18:00:00,30.5,54.95,91.5
2024-01-08 18:15:00,34.65,60.54,82.0
2024-01-08 18:30:00,38.99,43.59,84.31
2024-01-08 18:45:00,32.58,39.83,94.92
2024-01-08 19:00:00,28.14,37.52,75.14
2024-01-08 19:15:00,25.53,69.74,85.37
2024-01-08 19:30:00,30.06,54.93,80.34
2024-01-08 19:45:00,28.5,31.93,74.12
2024-01-08 20:00:00,24.92,59.05,71.42
2024-01-08 20:15:00,40.24,41.27,91.08
2024-01-08 20:30:00,38.93,84.91,85.42
2024-01-08 20:45:00,35.68,51.32,88.9
2024-01-08 21:00:00,25.4,70.22,73.68
2024-01-08 21:15:00,34.28,76.33,84.6
2024-01-08 21:30:00,33.2,45.68,89.04
2024-01-08 21:45:00,32.21,61.14,82.6
2024-01-08 22:00:00,36.25,68.3,90.12
2024-01-08 22:15:00,33.18,61.73,83.83
2024-01-08 22:30:00,33.7,65.42,88.0
2024-01-08 22:45:00,33.18,40.06,78.68
2024-01-08 23:00:00,31.7,68.31,64.73
2024-01-08 23:15:00,21.08,52.71,97.34
2024-01-08 23:30:00,30.42,65.24,73.01
2024-01-08 23:45:00,27.22,73.8,73.78
2024-01-09 00:00:00,23.6,70.03,82.86
2024-01-09 00:15:00,38.41,65.23,70.31
2024-01-09 00:30:00,38.64,69.63,77.05
2024-01-09 00:45:00,36.8,70.33,73.47
2024-01-09 01:00:00,31.28,82.43,79.95
2024-01-09 01:15:00,36.75,59.49,80.28
2024-01-09 01:30:00,30.06,62.46,89.12
2024-01-09 01:45:00,31.01,73.98,83.5
2024-01-09 02:00:00,24.53,52.64,88.03
2024-01-09 02:15:00,31.98,39.97,75.16
2024-01-09 02:30:00,30.3,67.4,77.2
2024-01-09 02:45:00,23.49,56.91,88.41
2024-01-09 03:00:00,29.74,41.89,91.81
2024-01-09 03:15:00,29.6,67.51,74.3
2024-01-09 03:30:00,38.99,81.47,72.86
2024-01-09 03:45:00,34.47,35.55,93.69
2024-01-09 04:00:00,30.06,75.33,79.89
2024-01-09 04:15:00,31.24,30.0,77.61
2024-01-09 04:30:00,30.22,54.0,82.77
2024-01-09 04:45:00,28.99,87.61,90.1
2024-01-09 05:00:00,24.59,55.08,81.54
2024-01-09 05:15:00,29.24,61.35,88.09
2024-01-09 05:30:00,26.27,71.44,94.52
2024-01-09 05:45:00,23.75,34.25,62.02
2024-01-09 06:00:00,32.56,61.08,95.5
2024-01-09 06:15:00,31.96,60.96,77.95
2024-01-09 06:30:00,21.07,87.93,91.33
2024-01-09 06:45:00,29.39,41.46,69.8
2024-01-09 07:00:00,34.98,54.28,76.6
2024-01-09 07:15:00,35.3,46.07,88.05
2024-01-09 07:30:00,35.13,44.48,93.88
2024-01-09 07:45:00,30.19,76.91,82.83
2024-01-09 08:00:00,25.77,60.4,74.64
2024-01-09 08:15:00,24.58,51.67,72.11
2024-01-09 08:30:00,31.72,52.23,91.83
2024-01-09 08:45:00,31.9,51.55,87.76
2024-01-09 09:00:00,36.44,52.89,80.46
2024-01-09 09:15:00,35.5,41.03,80.53
2024-01-09 09:30:00,29.34,56.12,85.91
2024-01-09 09:45:00,23.78,54.61,72.12
2024-01-09 10:00:00,28.4,48.63,71.87
2024-01-09 10:15:00,31.09,62.33,83.19
2024-01-09 10:30:00,28.99,63.6,88.11
2024-01-09 10:45:00,27.11,51.65,98.8
2024-01-09 11:00:00,31.26,57.84,84.46
2024-01-09 11:15:00,27.48,90.0,74.35
2024-01-09 11:30:00,26.86,90.0,87.84
2024-01-09 11:45:00,31.56,44.19,78.54
2024-01-09 12:00:00,27.99,46.28,85.78
2024-01-09 12:15:00,31.22,44.11,78.25
2024-01-09 12:30:00,31.37,75.86,100.0
2024-01-09 12:45:00,24.3,54.02,84.45
2024-01-09 13:00:00,27.59,63.6,92.38
2024-01-09 13:15:00,37.19,89.95,72.87
2024-01-09 13:30:00,24.19,59.84,93.78
2024-01-09 13:45:00,20.0,70.59,83.2
2024-01-09 14:00:00,20.69,67.81,80.94
2024-01-09 14:15:00,30.15,51.18,79.58
2024-01-09 14:30:00,30.15,75.89,78.86
2024-01-09 14:45:00,29.41,47.25,98.35
2024-01-09 15:00:00,36.07,80.1,92.83
2024-01-09 15:15:00,20.0,51.19,75.88
2024-01-09 15:30:00,31.98,52.83,83.42
2024-01-09 15:45:00,37.81,43.67,71.75
2024-01-09 16:00:00,24.36,46.14,72.38
2024-01-09 16:15:00,28.1,53.6,93.59
2024-01-09 16:30:00,26.24,30.0,89.16
2024-01-09 16:45:00,25.53,56.5,87.92
2024-01-09 17:00:00,28.37,52.38,82.6
2024-01-09 17:15:00,37.14,71.85,80.08
2024-01-09 17:30:00,39.19,66.34,89.79
2024-01-09 17:45:00,28.32,49.39,65.61
2024-01-09 18:00:00,39.53,53.12,96.91
2024-01-09 18:15:00,30.18,56.48,87.83
2024-01-09 18:30:00,38.77,82.29,95.42
2024-01-09 18:45:00,29.53,47.67,86.78
2024-01-09 19:00:00,30.66,49.2,76.28
2024-01-09 19:15:00,31.83,43.07,82.31
2024-01-09 19:30:00,45.0,37.77,90.25
2024-01-09 19:45:00,34.26,64.61,77.6
2024-01-09 20:00:00,26.46,63.04,86.78
2024-01-09 20:15:00,34.84,79.24,76.04
2024-01-09 20:30:00,28.19,75.62,93.46
2024-01-09 20:45:00,27.55,90.0,89.36
2024-01-09 21:00:00,34.54,58.89,92.01
2024-01-09 21:15:00,30.16,56.09,79.33
2024-01-09 21:30:00,31.39,40.5,78.48
2024-01-09 21:45:00,30.07,70.45,85.52
2024-01-09 22:00:00,31.68,61.78,82.07
2024-01-09 22:15:00,32.12,69.77,79.47
2024-01-09 22:30:00,20.32,42.91,67.82
2024-01-09 22:45:00,33.33,65.27,86.03
2024-01-09 23:00:00,25.09,63.08,84.41
2024-01-09 23:15:00,22.79,62.09,89.11
2024-01-09 23:30:00,29.71,49.75,75.26
2024-01-09 23:45:00,30.42,77.84,59.35
2024-01-10 00:00:00,26.53,90.0,97.55
2024-01-10 00:15:00,34.16,43.34,88.65
2024-01-10 00:30:00,23.29,70.81,70.18
2024-01-10 00:45:00,27.97,30.0,69.35
2024-01-10 01:00:00,27.08,70.03,74.21
2024-01-10 01:15:00,29.77,31.95,87.65
2024-01-10 01:30:00,31.39,52.13,83.39
2024-01-10 01:45:00,24.96,40.3,82.43
2024-01-10 02:00:00,33.62,56.77,80.82
2024-01-10 02:15:00,30.32,72.58,98.2
2024-01-10 02:30:00,20.54,32.14,78.62
2024-01-10 02:45:00,20.21,54.61,89.32
2024-01-10 03:00:00,29.94,52.3,82.49
2024-01-10 03:15:00,28.9,83.72,97.69
2024-01-10 03:30:00,29.48,66.48,78.56
2024-01-10 03:45:00,29.86,42.34,82.58
2024-01-10 04:00:00,31.13,52.93,90.6
2024-01-10 04:15:00,34.74,83.34,71.27
2024-01-10 04:30:00,24.44,70.72,77.81
2024-01-10 04:45:00,24.14,46.23,88.13
2024-01-10 05:00:00,24.53,55.99,96.9
2024-01-10 05:15:00,31.44,56.47,67.18
2024-01-10 05:30:00,36.22,51.93,82.72
2024-01-10 05:45:00,27.84,34.35,95.4
2024-01-10 06:00:00,20.0,49.84,85.19
2024-01-10 06:15:00,21.48,80.84,81.88
2024-01-10 06:30:00,25.83,54.28,78.64
2024-01-10 06:45:00,27.21,58.45,61.81
2024-01-10 07:00:00,27.96,62.11,79.37
2024-01-10 07:15:00,30.19,90.0,84.55
2024-01-10 07:30:00,28.44,60.13,77.23
2024-01-10 07:45:00,35.25,76.41,92.13
2024-01-10 08:00:00,26.62,51.03,93.6
2024-01-10 08:15:00,25.69,56.11,67.09
2024-01-10 08:30:00,32.39,60.19,80.35
2024-01-10 08:45:00,22.32,48.39,94.22
2024-01-10 09:00:00,31.95,56.94,68.21
2024-01-10 09:15:00,30.51,73.32,70.1
2024-01-10 09:30:00,29.26,47.99,79.71
2024-01-10 09:45:00,37.94,60.0,79.55
2024-01-10 10:00:00,26.89,70.63,69.27
2024-01-10 10:15:00,40.3,47.63,77.61
2024-01-10 10:30:00,28.87,76.43,88.57
2024-01-10 10:45:00,23.61,61.09,71.54
2024-01-10 11:00:00,30.35,57.52,89.39
2024-01-10 11:15:00,24.62,30.0,84.6
2024-01-10 11:30:00,26.24,54.4,81.48
2024-01-10 11:45:00,31.99,65.57,82.47
2024-01-10 12:00:00,32.78,86.18,66.43
2024-01-10 12:15:00,26.89,68.52,66.21
2024-01-10 12:30:00,34.94,76.89,88.8
2024-01-10 12:45:00,35.79,41.86,100.0
2024-01-10 13:00:00,37.18,58.1,71.24
2024-01-10 13:15:00,32.65,78.31,84.72
2024-01-10 13:30:00,36.82,46.68,98.85
2024-01-10 13:45:00,20.6,74.48,83.42
2024-01-10 14:00:00,28.41,71.0,86.89
2024-01-10 14:15:00,25.66,64.12,79.73
2024-01-10 14:30:00,30.6,55.07,100.0
2024-01-10 14:45:00,27.14,45.21,92.79
2024-01-10 15:00:00,29.17,86.63,81.81
2024-01-10 15:15:00,39.41,69.48,82.39
2024-01-10 15:30:00,29.15,65.11,84.03
2024-01-10 15:45:00,32.07,53.81,96.55
2024-01-10 16:00:00,28.84,60.57,100.0
2024-01-10 16:15:00,30.38,62.47,79.38
2024-01-10 16:30:00,30.03,66.0,79.17
2024-01-10 16:45:00,32.24,71.02,85.71
2024-01-10 17:00:00,35.83,48.26,81.17
2024-01-10 17:15:00,38.24,38.0,84.24
2024-01-10 17:30:00,31.55,61.26,81.67
2024-01-10 17:45:00,32.95,33.79,92.42
2024-01-10 18:00:00,24.25,55.15,92.41
2024-01-10 18:15:00,29.56,52.36,73.05
2024-01-10 18:30:00,34.7,67.38,87.79
2024-01-10 18:45:00,34.33,89.74,85.75
2024-01-10 19:00:00,31.06,30.83,82.36
2024-01-10 19:15:00,34.43,90.0,84.16
2024-01-10 19:30:00,32.45,56.5,78.92
2024-01-10 19:45:00,36.0,65.22,94.42
2024-01-10 20:00:00,31.45,38.78,92.59
2024-01-10 20:15:00,28.22,74.95,79.61
2024-01-10 20:30:00,31.68,60.62,74.87
2024-01-10 20:45:00,20.0,59.08,81.24
2024-01-10 21:00:00,31.91,30.94,62.39
2024-01-10 21:15:00,20.0,61.11,89.65
2024-01-10 21:30:00,21.38,72.69,76.85
2024-01-10 21:45:00,32.26,56.46,95.77
2024-01-10 22:00:00,32.39,77.61,91.85
2024-01-10 22:15:00,24.19,76.99,93.4
2024-01-10 22:30:00,26.44,50.38,68.95
2024-01-10 22:45:00,36.85,83.93,86.66
2024-01-10 23:00:00,27.58,60.68,86.37
2024-01-10 23:15:00,41.21,60.75,85.52
2024-01-10 23:30:00,29.99,61.48,69.45
2024-01-10 23:45:00,32.04,61.04,75.07
2024-01-11 00:00:00,38.08,30.0,91.76
2024-01-11 00:15:00,30.66,57.22,84.33
2024-01-11 00:30:00,24.99,39.54,94.88
2024-01-11 00:45:00,29.45,84.4,95.41
2024-01-11 01:00:00,29.82,83.79,96.95
2024-01-11 01:15:00,23.18,72.78,94.02
2024-01-11 01:30:00,28.72,56.42,89.97
2024-01-11 01:45:00,26.29,44.88,79.87
2024-01-11 02:00:00,34.62,50.14,75.29
2024-01-11 02:15:00,30.17,89.14,80.38
2024-01-11 02:30:00,28.59,49.62,75.44
2024-01-11 02:45:00,29.47,30.0,96.86
2024-01-11 03:00:00,31.12,75.45,70.96
2024-01-11 03:15:00,33.08,82.51,82.17
2024-01-11 03:30:00,25.0,84.89,98.62
2024-01-11 03:45:00,24.79,75.58,88.24
2024-01-11 04:00:00,35.52,78.02,86.52
2024-01-11 04:15:00,27.94,60.79,70.67
2024-01-11 04:30:00,22.92,30.0,77.45
2024-01-11 04:45:00,32.22,60.42,93.84
2024-01-11 05:00:00,32.32,69.32,87.79
2024-01-11 05:15:00,22.35,57.97,79.69
2024-01-11 05:30:00,31.15,57.29,91.95
2024-01-11 05:45:00,33.68,45.54,77.68
2024-01-11 06:00:00,31.87,44.97,90.86
2024-01-11 06:15:00,33.16,87.57,72.38
2024-01-11 06:30:00,22.98,88.12,100.0
2024-01-11 06:45:00,31.66,59.96,71.08
2024-01-11 07:00:00,28.49,64.22,91.87
2024-01-11 07:15:00,27.59,45.29,88.63
2024-01-11 07:30:00,34.35,69.64,67.24
2024-01-11 07:45:00,37.4,86.39,75.02
2024-01-11 08:00:00,38.97,37.06,84.12
2024-01-11 08:15:00,36.57,66.96,85.04
2024-01-11 08:30:00,29.45,68.09,84.71
2024-01-11 08:45:00,31.76,67.91,87.64
2024-01-11 09:00:00,33.83,84.64,78.05
2024-01-11 09:15:00,30.61,90.0,91.57
2024-01-11 09:30:00,30.65,56.5,72.59
2024-01-11 09:45:00,34.12,70.1,78.88
2024-01-11 10:00:00,29.7,61.26,94.27
2024-01-11 10:15:00,26.35,50.52,99.71
2024-01-11 10:30:00,27.93,64.06,81.09
2024-01-11 10:45:00,33.17,70.07,72.97
2024-01-11 11:00:00,30.01,63.25,95.0
2024-01-11 11:15:00,31.7,46.78,76.62
2024-01-11 11:30:00,33.35,53.05,83.19
2024-01-11 11:45:00,28.13,53.16,76.25
2024-01-11 12:00:00,33.78,47.36,71.27
2024-01-11 12:15:00,31.89,64.7,81.94
2024-01-11 12:30:00,23.83,66.27,85.99
2024-01-11 12:45:00,37.21,74.69,86.47
2024-01-11 13:00:00,27.5,47.14,75.0
2024-01-11 13:15:00,21.72,51.34,67.19
2024-01-11 13:30:00,24.77,83.32,74.38
2024-01-11 13:45:00,24.89,57.53,90.84
2024-01-11 14:00:00,30.26,60.45,98.01
2024-01-11 14:15:00,28.63,57.37,100.0
2024-01-11 14:30:00,28.32,77.0,97.48
2024-01-11 14:45:00,33.1,77.58,80.77
2024-01-11 15:00:00,31.7,76.7,88.67
2024-01-11 15:15:00,31.58,60.4,80.33
2024-01-11 15:30:00,32.05,46.91,82.76
2024-01-11 15:45:00,33.08,88.88,85.54
2024-01-11 16:00:00,20.0,72.84,98.87
2024-01-11 16:15:00,28.18,53.15,90.41
2024-01-11 16:30:00,20.0,81.36,88.52
2024-01-11 16:45:00,30.18,51.97,86.51
2024-01-11 17:00:00,29.98,81.16,94.52
2024-01-11 17:15:00,35.23,82.17,95.27
2024-01-11 17:30:00,35.94,46.18,76.52
2024-01-11 17:45:00,31.01,68.73,98.69
2024-01-11 18:00:00,27.5,71.73,97.28
2024-01-11 18:15:00,32.43,90.0,97.34
2024-01-11 18:30:00,27.36,48.87,82.86
2024-01-11 18:45:00,29.99,81.49,81.56
2024-01-11 19:00:00,34.93,60.26,91.49
2024-01-11 19:15:00,27.21,41.38,88.35
2024-01-11 19:30:00,34.03,58.2,93.75
2024-01-11 19:45:00,33.39,60.04,77.31
2024-01-11 20:00:00,25.23,44.12,83.63
2024-01-11 20:15:00,34.87,64.68,77.36
2024-01-11 20:30:00,33.49,74.37,86.53
2024-01-11 20:45:00,30.51,63.57,85.42
2024-01-11 21:00:00,26.19,51.87,72.01
2024-01-11 21:15:00,25.7,57.77,76.86
2024-01-11 21:30:00,27.31,59.93,63.47
2024-01-11 21:45:00,32.71,63.26,80.19
2024-01-11 22:00:00,25.22,76.65,92.48
2024-01-11 22:15:00,32.19,64.08,67.77
2024-01-11 22:30:00,23.79,38.96,70.21
2024-01-11 22:45:00,28.98,51.57,70.62
2024-01-11 23:00:00,30.55,62.49,71.12
2024-01-11 23:15:00,42.23,76.86,76.39
2024-01-11 23:30:00,23.11,79.47,98.72
2024-01-11 23:45:00,37.36,86.62,85.56
2024-01-12 00:00:00,30.75,61.96,76.64
2024-01-12 00:15:00,32.06,71.45,80.15
2024-01-12 00:30:00,30.59,38.18,73.04
2024-01-12 00:45:00,32.22,66.45,85.26
2024-01-12 01:00:00,29.23,43.87,94.21
2024-01-12 01:15:00,37.27,59.06,76.06
2024-01-12 01:30:00,27.72,90.0,66.15
2024-01-12 01:45:00,35.66,64.55,81.93
2024-01-12 02:00:00,26.78,47.04,73.63
2024-01-12 02:15:00,29.7,66.12,80.98
2024-01-12 02:30:00,24.64,52.24,90.99
2024-01-12 02:45:00,32.28,45.59,85.45
2024-01-12 03:00:00,37.23,90.0,77.45
2024-01-12 03:15:00,29.61,76.0,90.07
2024-01-12 03:30:00,29.02,65.18,78.02
2024-01-12 03:45:00,24.43,54.12,80.48
2024-01-12 04:00:00,28.85,55.34,94.87
2024-01-12 04:15:00,22.04,83.14,78.57
2024-01-12 04:30:00,25.44,64.6,80.97
2024-01-12 04:45:00,31.13,30.0,88.53
2024-01-12 05:00:00,36.6,90.0,88.63
2024-01-12 05:15:00,44.05,62.75,100.0
2024-01-12 05:30:00,27.07,65.15,75.18
2024-01-12 05:45:00,37.18,76.3,79.87
2024-01-12 06:00:00,31.22,66.98,88.76
2024-01-12 06:15:00,29.24,71.2,77.67
2024-01-12 06:30:00,32.16,53.64,97.66
2024-01-12 06:45:00,30.31,41.55,81.38
2024-01-12 07:00:00,30.55,64.2,73.99
2024-01-12 07:15:00,27.96,81.47,96.15
2024-01-12 07:30:00,23.01,50.28,93.22
2024-01-12 07:45:00,22.28,49.08,73.46
2024-01-12 08:00:00,33.27,78.32,73.08
2024-01-12 08:15:00,28.62,53.14,89.54
2024-01-12 08:30:00,27.02,53.84,97.26
2024-01-12 08:45:00,30.04,54.4,86.65
2024-01-12 09:00:00,33.97,59.03,63.3
2024-01-12 09:15:00,30.9,36.4,75.31
2024-01-12 09:30:00,26.72,51.91,87.74
2024-01-12 09:45:00,36.13,63.46,79.34
2024-01-12 10:00:00,37.9,63.35,93.76
2024-01-12 10:15:00,32.47,77.37,89.21
2024-01-12 10:30:00,34.87,87.59,82.68
2024-01-12 10:45:00,36.21,82.69,84.75
2024-01-12 11:00:00,35.65,73.72,71.43
2024-01-12 11:15:00,33.07,57.77,85.37
2024-01-12 11:30:00,32.99,50.65,75.78
2024-01-12 11:45:00,32.6,60.27,82.26
2024-01-12 12:00:00,24.51,68.78,80.21
2024-01-12 12:15:00,33.5,72.33,83.88
2024-01-12 12:30:00,23.22,69.35,82.1
2024-01-12 12:45:00,26.03,58.18,93.98
2024-01-12 13:00:00,36.52,71.8,74.33
2024-01-12 13:15:00,34.2,78.91,77.43
2024-01-12 13:30:00,37.44,73.2,93.49
2024-01-12 13:45:00,28.64,59.52,82.72
2024-01-12 14:00:00,24.24,47.49,86.45
2024-01-12 14:15:00,28.8,47.14,84.27
2024-01-12 14:30:00,30.51,49.78,77.29
2024-01-12 14:45:00,30.39,63.86,88.47
2024-01-12 15:00:00,35.67,67.8,76.44
2024-01-12 15:15:00,28.19,38.78,89.81
2024-01-12 15:30:00,31.76,52.44,77.77
2024-01-12 15:45:00,25.06,63.65,69.95
2024-01-12 16:00:00,32.25,46.5,92.05
2024-01-12 16:15:00,30.02,66.51,81.08
2024-01-12 16:30:00,26.25,55.39,73.19
2024-01-12 16:45:00,28.82,49.15,71.93
2024-01-12 17:00:00,29.08,60.8,62.22
2024-01-12 17:15:00,28.65,65.88,81.44
2024-01-12 17:30:00,38.86,47.27,86.24
2024-01-12 17:45:00,29.51,56.36,78.53
2024-01-12 18:00:00,28.78,67.02,79.28
2024-01-12 18:15:00,20.0,48.57,66.52
2024-01-12 18:30:00,25.53,35.13,73.58
2024-01-12 18:45:00,28.68,36.95,96.48
2024-01-12 19:00:00,26.57,53.73,82.94
2024-01-12 19:15:00,36.91,40.22,73.76
2024-01-12 19:30:00,29.18,54.78,85.61
2024-01-12 19:45:00,36.44,84.97,85.15
2024-01-12 20:00:00,30.31,39.32,83.19
2024-01-12 20:15:00,30.19,55.76,66.33
2024-01-12 20:30:00,29.56,90.0,77.03
2024-01-12 20:45:00,30.02,66.12,63.19
2024-01-12 21:00:00,38.59,54.48,88.0
2024-01-12 21:15:00,20.0,57.65,89.75
2024-01-12 21:30:00,20.0,66.44,80.54
2024-01-12 21:45:00,27.28,85.44,71.73
2024-01-12 22:00:00,30.07,52.04,69.59
2024-01-12 22:15:00,33.45,48.64,87.37
2024-01-12 22:30:00,32.37,39.32,85.7
2024-01-12 22:45:00,28.08,61.55,82.78
2024-01-12 23:00:00,35.1,38.91,88.9
2024-01-12 23:15:00,35.15,53.04,74.99
2024-01-12 23:30:00,30.92,46.37,89.64
2024-01-12 23:45:00,34.81,76.11,75.6
2024-01-13 00:00:00,31.36,52.37,63.67
2024-01-13 00:15:00,27.19,65.95,79.56
2024-01-13 00:30:00,33.49,35.94,91.79
2024-01-13 00:45:00,30.55,61.97,70.76
2024-01-13 01:00:00,30.01,41.95,81.17
2024-01-13 01:15:00,37.36,53.62,86.2
2024-01-13 01:30:00,20.0,90.0,84.84
2024-01-13 01:45:00,22.91,73.98,79.89
2024-01-13 02:00:00,24.06,58.07,71.45
2024-01-13 02:15:00,28.18,90.0,96.7
2024-01-13 02:30:00,28.73,46.27,75.15
2024-01-13 02:45:00,22.46,77.48,74.26
2024-01-13 03:00:00,25.07,37.01,78.58
2024-01-13 03:15:00,25.7,56.34,83.71
2024-01-13 03:30:00,42.29,39.78,78.94
2024-01-13 03:45:00,39.01,63.86,74.47
2024-01-13 04:00:00,27.94,60.84,74.9
2024-01-13 04:15:00,28.18,55.39,97.24
2024-01-13 04:30:00,24.25,76.38,89.35
2024-01-13 04:45:00,20.46,51.49,76.81
2024-01-13 05:00:00,29.42,64.9,77.68
2024-01-13 05:15:00,25.01,72.31,77.86
2024-01-13 05:30:00,29.58,37.75,91.39
2024-01-13 05:45:00,22.0,48.77,92.77
2024-01-13 06:00:00,26.19,60.81,81.88
2024-01-13 06:15:00,30.74,69.45,84.54
2024-01-13 06:30:00,31.83,81.32,81.18
2024-01-13 06:45:00,32.09,56.76,79.28
2024-01-13 07:00:00,23.4,55.25,79.65
2024-01-13 07:15:00,34.27,46.91,66.86
2024-01-13 07:30:00,26.0,64.95,77.32
2024-01-13 07:45:00,33.16,55.54,94.42
2024-01-13 08:00:00,29.95,55.89,97.17
2024-01-13 08:15:00,23.12,58.59,70.15
2024-01-13 08:30:00,28.42,68.27,77.03
2024-01-13 08:45:00,31.83,51.54,81.34
2024-01-13 09:00:00,33.06,48.42,81.87
2024-01-13 09:15:00,29.3,66.48,86.58
2024-01-13 09:30:00,37.66,30.0,85.78
2024-01-13 09:45:00,35.04,50.94,90.84
2024-01-13 10:00:00,28.72,42.73,66.78
2024-01-13 10:15:00,33.75,78.05,93.49
2024-01-13 10:30:00,39.67,53.39,95.79
2024-01-13 10:45:00,39.8,51.59,83.2
2024-01-13 11:00:00,23.86,59.27,86.08
2024-01-13 11:15:00,25.37,51.07,83.75
2024-01-13 11:30:00,37.42,53.96,65.33
2024-01-13 11:45:00,24.71,61.46,90.24
2024-01-13 12:00:00,23.39,53.67,98.07
2024-01-13 12:15:00,27.57,53.56,96.68
2024-01-13 12:30:00,32.1,44.85,82.16
2024-01-13 12:45:00,29.49,42.69,96.63
2024-01-13 13:00:00,26.75,60.91,82.9
2024-01-13 13:15:00,26.63,64.6,73.1
2024-01-13 13:30:00,26.44,38.58,91.85
2024-01-13 13:45:00,25.6,71.4,75.99
2024-01-13 14:00:00,41.41,71.46,73.04
2024-01-13 14:15:00,31.49,74.62,80.07
2024-01-13 14:30:00,34.43,64.5,84.03
2024-01-13 14:45:00,27.55,69.56,81.54
2024-01-13 15:00:00,29.07,90.0,72.47
2024-01-13 15:15:00,26.43,55.48,75.2
2024-01-13 15:30:00,20.0,44.31,84.42
2024-01-13 15:45:00,23.11,36.99,91.51
2024-01-13 16:00:00,20.95,86.34,80.85
2024-01-13 16:15:00,20.0,86.53,85.0
2024-01-13 16:30:00,24.02,46.13,94.02
2024-01-13 16:45:00,36.62,49.09,91.45
2024-01-13 17:00:00,29.78,55.14,86.41
2024-01-13 17:15:00,36.45,78.36,78.64
2024-01-13 17:30:00,32.05,40.69,85.69
2024-01-13 17:45:00,33.91,30.5,84.22
2024-01-13 18:00:00,25.5,90.0,78.14
2024-01-13 18:15:00,32.62,64.69,76.06
2024-01-13 18:30:00,33.64,66.82,74.75
2024-01-13 18:45:00,27.12,56.92,83.06
2024-01-13 19:00:00,32.8,66.99,96.21
2024-01-13 19:15:00,32.83,37.29,85.3
2024-01-13 19:30:00,27.25,47.39,83.14
2024-01-13 19:45:00,24.39,61.58,95.92
2024-01-13 20:00:00,24.08,30.0,74.73
2024-01-13 20:15:00,30.43,55.46,70.27
2024-01-13 20:30:00,31.64,54.54,85.03
2024-01-13 20:45:00,26.04,55.46,90.45
2024-01-13 21:00:00,30.13,51.73,86.79
2024-01-13 21:15:00,32.85,45.06,78.86
2024-01-13 21:30:00,33.09,32.67,84.05
2024-01-13 21:45:00,37.76,62.17,83.93
2024-01-13 22:00:00,36.38,55.5,86.38
2024-01-13 22:15:00,24.99,39.37,76.44
2024-01-13 22:30:00,38.42,60.94,87.53
2024-01-13 22:45:00,27.35,55.58,82.05
2024-01-13 23:00:00,35.22,53.08,71.28
2024-01-13 23:15:00,30.34,30.0,68.06
2024-01-13 23:30:00,27.94,70.24,76.67
2024-01-13 23:45:00,20.96,41.5,87.43
2024-01-14 00:00:00,29.14,60.95,80.67
2024-01-14 00:15:00,22.2,47.88,84.15
2024-01-14 00:30:00,34.84,54.17,70.82
2024-01-14 00:45:00,37.58,77.28,87.34
2024-01-14 01:00:00,26.02,67.97,81.93
2024-01-14 01:15:00,31.51,76.95,99.2
2024-01-14 01:30:00,26.37,64.96,79.59
2024-01-14 01:45:00,26.86,65.94,86.24
2024-01-14 02:00:00,33.87,33.28,84.16
2024-01-14 02:15:00,29.81,55.24,90.38
2024-01-14 02:30:00,38.7,56.63,93.26
2024-01-14 02:45:00,27.59,78.35,88.56
2024-01-14 03:00:00,35.0,52.41,91.43
2024-01-14 03:15:00,30.49,63.97,76.85
2024-01-14 03:30:00,33.98,63.39,88.47
2024-01-14 03:45:00,27.76,77.37,95.56
2024-01-14 04:00:00,29.75,57.99,85.3
2024-01-14 04:15:00,29.42,72.42,74.21
2024-01-14 04:30:00,25.82,34.43,87.15
2024-01-14 04:45:00,33.31,35.79,95.55
2024-01-14 05:00:00,33.25,30.0,90.48
2024-01-14 05:15:00,32.97,71.79,86.0
2024-01-14 05:30:00,37.68,70.11,78.7
2024-01-14 05:45:00,37.25,73.45,66.74
2024-01-14 06:00:00,28.13,49.84,85.6
2024-01-14 06:15:00,31.87,51.55,77.61
2024-01-14 06:30:00,26.88,58.18,80.81
2024-01-14 06:45:00,30.12,81.66,74.7
2024-01-14 07:00:00,27.0,85.41,94.68
2024-01-14 07:15:00,38.1,71.91,88.45
2024-01-14 07:30:00,31.82,64.97,100.0
2024-01-14 07:45:00,28.91,80.03,82.05
2024-01-14 08:00:00,35.97,56.16,82.61
2024-01-14 08:15:00,20.0,54.14,74.59
2024-01-14 08:30:00,20.0,58.06,77.91
2024-01-14 08:45:00,33.98,45.32,74.25
2024-01-14 09:00:00,30.3,57.37,64.76
2024-01-14 09:15:00,31.25,43.24,81.92
2024-01-14 09:30:00,23.37,75.38,83.27
2024-01-14 09:45:00,29.88,68.16,80.72
2024-01-14 10:00:00,40.02,81.44,77.68
2024-01-14 10:15:00,34.12,35.56,79.14
2024-01-14 10:30:00,30.85,88.53,79.79
2024-01-14 10:45:00,27.8,36.41,85.41
2024-01-14 11:00:00,28.03,42.03,89.66
2024-01-14 11:15:00,20.0,50.69,78.83
2024-01-14 11:30:00,31.29,79.62,66.3
2024-01-14 11:45:00,34.23,63.38,85.46
2024-01-14 12:00:00,22.12,56.34,91.51
2024-01-14 12:15:00,26.69,48.11,89.93
2024-01-14 12:30:00,24.21,39.36,88.44
2024-01-14 12:45:00,25.17,76.99,79.13
2024-01-14 13:00:00,30.27,71.98,86.22
2024-01-14 13:15:00,20.0,80.29,90.88
2024-01-14 13:30:00,33.07,65.95,90.18
2024-01-14 13:45:00,33.77,30.0,75.3
2024-01-14 14:00:00,28.74,41.33,91.84
2024-01-14 14:15:00,20.0,66.97,90.09
2024-01-14 14:30:00,25.02,54.45,64.36
2024-01-14 14:45:00,36.16,51.62,75.12
2024-01-14 15:00:00,20.0,43.45,86.11
2024-01-14 15:15:00,28.26,74.21,88.27
2024-01-14 15:30:00,24.1,66.84,100.0
2024-01-14 15:45:00,34.02,67.52,71.22
2024-01-14 16:00:00,26.62,50.5,80.13
2024-01-14 16:15:00,32.02,62.64,92.63
2024-01-14 16:30:00,32.83,39.93,73.62
2024-01-14 16:45:00,39.18,58.05,84.08
2024-01-14 17:00:00,28.99,30.0,82.2
2024-01-14 17:15:00,31.88,36.48,68.62
2024-01-14 17:30:00,22.57,55.17,91.65
2024-01-14 17:45:00,35.95,90.0,73.53
2024-01-14 18:00:00,26.2,32.99,92.36
2024-01-14 18:15:00,27.2,41.35,86.47
2024-01-14 18:30:00,29.89,63.25,87.53
2024-01-14 18:45:00,22.19,86.54,87.48
2024-01-14 19:00:00,31.14,63.03,82.4
2024-01-14 19:15:00,34.84,70.53,85.08
2024-01-14 19:30:00,31.46,54.94,74.16
2024-01-14 19:45:00,22.06,52.34,98.17
2024-01-14 20:00:00,29.38,61.23,68.24
2024-01-14 20:15:00,33.71,50.13,87.57
2024-01-14 20:30:00,20.61,70.86,72.49
2024-01-14 20:45:00,24.63,35.91,80.79
2024-01-14 21:00:00,34.38,73.35,72.79
2024-01-14 21:15:00,31.35,60.59,71.96
2024-01-14 21:30:00,32.06,56.78,82.78
2024-01-14 21:45:00,39.3,35.36,66.0
2024-01-14 22:00:00,32.34,45.3,76.55
2024-01-14 22:15:00,33.29,77.98,77.32
2024-01-14 22:30:00,43.55,56.87,71.8
2024-01-14 22:45:00,28.93,64.18,91.59
2024-01-14 23:00:00,26.01,46.81,91.73
2024-01-14 23:15:00,32.14,59.56,81.52
2024-01-14 23:30:00,32.19,39.42,79.38
2024-01-14 23:45:00,27.37,61.5,73.82
2024-01-15 00:00:00,24.84,65.56,77.83
2024-01-15 00:15:00,41.55,64.81,91.28
2024-01-15 00:30:00,31.63,46.45,76.92
2024-01-15 00:45:00,26.34,54.87,92.63
2024-01-15 01:00:00,34.58,68.06,95.28
2024-01-15 01:15:00,29.45,56.83,96.43
2024-01-15 01:30:00,28.74,55.69,84.0
2024-01-15 01:45:00,32.81,88.55,81.76
2024-01-15 02:00:00,23.54,45.74,89.36
2024-01-15 02:15:00,31.76,76.21,87.58
2024-01-15 02:30:00,39.56,42.68,71.8
2024-01-15 02:45:00,32.33,69.82,76.82
2024-01-15 03:00:00,28.12,70.62,80.18
2024-01-15 03:15:00,27.46,52.34,77.43
2024-01-15 03:30:00,27.95,41.74,95.19
2024-01-15 03:45:00,28.73,30.44,85.51
2024-01-15 04:00:00,28.11,50.77,79.24
2024-01-15 04:15:00,34.58,67.89,76.22
2024-01-15 04:30:00,21.33,43.84,75.04
2024-01-15 04:45:00,34.31,61.45,96.93
2024-01-15 05:00:00,28.1,37.85,90.54
2024-01-15 05:15:00,31.88,56.49,67.4
2024-01-15 05:30:00,24.37,42.79,78.36
2024-01-15 05:45:00,36.64,58.83,100.0
2024-01-15 06:00:00,36.23,52.48,75.07
2024-01-15 06:15:00,34.8,42.14,92.21
2024-01-15 06:30:00,22.43,50.12,75.77
2024-01-15 06:45:00,34.15,45.99,74.4
2024-01-15 07:00:00,32.02,40.29,85.54
2024-01-15 07:15:00,21.97,76.24,78.24
2024-01-15 07:30:00,29.88,54.6,91.27
2024-01-15 07:45:00,31.82,30.0,93.92
2024-01-15 08:00:00,32.78,50.65,84.04
2024-01-15 08:15:00,30.89,73.72,82.62
2024-01-15 08:30:00,31.46,48.58,88.18
2024-01-15 08:45:00,37.37,82.47,95.26
2024-01-15 09:00:00,36.13,47.15,81.65
2024-01-15 09:15:00,20.0,67.55,83.98
2024-01-15 09:30:00,28.41,75.55,76.04
2024-01-15 09:45:00,29.18,66.75,91.32
2024-01-15 10:00:00,21.24,39.38,85.05
2024-01-15 10:15:00,30.47,45.86,70.36
2024-01-15 10:30:00,36.24,77.55,85.37
2024-01-15 10:45:00,24.57,47.93,94.38
2024-01-15 11:00:00,31.68,74.64,86.74
2024-01-15 11:15:00,25.42,53.55,84.34
2024-01-15 11:30:00,26.64,62.12,89.15
2024-01-15 11:45:00,37.39,39.21,85.0
2024-01-15 12:00:00,27.29,50.88,79.63
2024-01-15 12:15:00,32.31,46.87,69.26
2024-01-15 12:30:00,20.64,63.38,95.23
2024-01-15 12:45:00,39.31,61.4,84.48
2024-01-15 13:00:00,33.01,66.94,85.79
2024-01-15 13:15:00,29.09,52.64,99.16
2024-01-15 13:30:00,32.88,46.05,64.72
2024-01-15 13:45:00,22.95,62.74,87.96
2024-01-15 14:00:00,35.91,44.56,76.22
2024-01-15 14:15:00,28.38,76.18,81.85
2024-01-15 14:30:00,28.98,58.28,92.11
2024-01-15 14:45:00,27.54,55.11,82.88
2024-01-15 15:00:00,27.1,66.93,86.57
2024-01-15 15:15:00,33.47,58.85,89.46
2024-01-15 15:30:00,31.28,35.13,85.27
2024-01-15 15:45:00,33.26,44.08,84.22
2024-01-15 16:00:00,29.96,75.87,73.9
2024-01-15 16:15:00,32.57,61.26,74.89
2024-01-15 16:30:00,27.91,34.78,84.67
2024-01-15 16:45:00,41.15,65.28,90.42
2024-01-15 17:00:00,22.16,51.61,75.64
2024-01-15 17:15:00,36.3,46.88,88.14
2024-01-15 17:30:00,36.84,42.83,75.54
2024-01-15 17:45:00,25.74,75.0,79.13
2024-01-15 18:00:00,41.15,30.52,84.92
2024-01-15 18:15:00,34.98,47.44,74.31
2024-01-15 18:30:00,34.86,61.8,94.47
2024-01-15 18:45:00,30.14,83.68,80.47
2024-01-15 19:00:00,28.91,68.31,86.95
2024-01-15 19:15:00,28.95,47.31,90.82
2024-01-15 19:30:00,31.95,82.94,65.25
2024-01-15 19:45:00,37.01,39.67,62.17
2024-01-15 20:00:00,30.91,63.98,89.07
2024-01-15 20:15:00,25.44,67.32,90.59
2024-01-15 20:30:00,34.12,46.78,73.82
2024-01-15 20:45:00,34.61,70.46,92.98
2024-01-15 21:00:00,33.27,52.29,67.43
2024-01-15 21:15:00,33.73,70.43,80.56
2024-01-15 21:30:00,28.65,32.41,90.13
2024-01-15 21:45:00,25.36,65.02,85.31
2024-01-15 22:00:00,25.66,53.82,84.43
2024-01-15 22:15:00,21.82,77.25,63.53
2024-01-15 22:30:00,31.18,59.34,81.67
2024-01-15 22:45:00,29.58,78.74,70.18
2024-01-15 23:00:00,27.8,67.61,84.46
2024-01-15 23:15:00,20.0,58.09,83.8
2024-01-15 23:30:00,23.76,71.82,67.98
2024-01-15 23:45:00,35.6,71.91,88.41
2024-01-16 00:00:00,26.68,67.08,94.25
2024-01-16 00:15:00,31.8,30.0,73.54
2024-01-16 00:30:00,23.05,45.26,76.27
2024-01-16 00:45:00,37.19,80.76,92.33
2024-01-16 01:00:00,29.28,41.16,73.28
2024-01-16 01:15:00,31.45,73.24,82.39
2024-01-16 01:30:00,41.63,70.6,72.39
2024-01-16 01:45:00,37.58,49.11,82.1
2024-01-16 02:00:00,28.47,30.07,87.14
2024-01-16 02:15:00,27.03,51.47,81.13
2024-01-16 02:30:00,28.37,90.0,75.03
2024-01-16 02:45:00,32.55,47.05,89.32
2024-01-16 03:00:00,29.47,48.09,77.52
2024-01-16 03:15:00,28.02,45.04,81.35
2024-01-16 03:30:00,37.34,78.22,91.1
2024-01-16 03:45:00,29.43,56.36,87.3
2024-01-16 04:00:00,41.5,50.61,71.54
2024-01-16 04:15:00,30.45,81.2,86.03
2024-01-16 04:30:00,38.93,68.69,88.13
2024-01-16 04:45:00,31.79,46.21,76.36
2024-01-16 05:00:00,34.81,41.65,98.91
2024-01-16 05:15:00,26.38,77.37,82.16
2024-01-16 05:30:00,25.73,60.25,68.26
2024-01-16 05:45:00,32.3,36.76,84.99
2024-01-16 06:00:00,34.94,33.25,94.98
2024-01-16 06:15:00,30.2,43.26,87.23
2024-01-16 06:30:00,23.57,41.41,85.94
2024-01-16 06:45:00,23.2,30.0,84.84
2024-01-16 07:00:00,22.86,43.51,85.04
2024-01-16 07:15:00,21.16,46.21,93.79
2024-01-16 07:30:00,30.55,53.06,74.06
2024-01-16 07:45:00,35.63,85.39,73.63
2024-01-16 08:00:00,29.93,56.0,83.64
2024-01-16 08:15:00,20.0,57.49,74.65
2024-01-16 08:30:00,29.05,67.64,88.14
2024-01-16 08:45:00,29.19,56.44,66.69
2024-01-16 09:00:00,40.48,66.0,76.71
2024-01-16 09:15:00,22.71,64.21,78.1
2024-01-16 09:30:00,28.05,61.84,85.68
2024-01-16 09:45:00,38.53,90.0,75.2
2024-01-16 10:00:00,32.25,73.67,79.83
2024-01-16 10:15:00,32.82,43.77,76.99
2024-01-16 10:30:00,30.57,65.55,95.19
2024-01-16 10:45:00,31.65,48.12,81.1
2024-01-16 11:00:00,33.89,66.69,71.62
2024-01-16 11:15:00,25.95,39.37,71.7
2024-01-16 11:30:00,34.39,43.38,71.62
2024-01-16 11:45:00,23.13,65.16,65.12
2024-01-16 12:00:00,31.64,74.97,75.72
2024-01-16 12:15:00,30.89,67.54,79.91
2024-01-16 12:30:00,26.92,72.81,99.35
2024-01-16 12:45:00,29.89,65.61,87.71
2024-01-16 13:00:00,26.89,62.59,68.62
2024-01-16 13:15:00,24.64,52.44,76.62
2024-01-16 13:30:00,28.23,72.2,69.02
2024-01-16 13:45:00,24.48,75.37,77.86
2024-01-16 14:00:00,31.61,59.05,82.13
2024-01-16 14:15:00,24.25,58.25,66.34
2024-01-16 14:30:00,33.56,83.87,78.6
2024-01-16 14:45:00,24.09,59.69,79.14
2024-01-16 15:00:00,27.17,61.14,81.96
2024-01-16 15:15:00,26.88,67.26,72.46
2024-01-16 15:30:00,36.63,58.53,92.61
2024-01-16 15:45:00,31.65,47.69,82.61
2024-01-16 16:00:00,28.94,65.67,74.04
2024-01-16 16:15:00,32.49,59.42,86.23
2024-01-16 16:30:00,20.0,87.63,88.92
2024-01-16 16:45:00,29.78,71.83,75.76
2024-01-16 17:00:00,39.99,51.07,82.5
2024-01-16 17:15:00,30.66,70.94,84.57
2024-01-16 17:30:00,30.34,64.62,73.04
2024-01-16 17:45:00,32.74,79.64,67.34
2024-01-16 18:00:00,34.48,52.13,90.1
2024-01-16 18:15:00,20.01,62.83,84.63
2024-01-16 18:30:00,21.59,58.51,78.84
2024-01-16 18:45:00,31.05,60.88,91.93
2024-01-16 19:00:00,26.43,46.72,90.56
2024-01-16 19:15:00,36.56,68.64,100.0
2024-01-16 19:30:00,28.42,66.27,77.91
2024-01-16 19:45:00,20.33,79.28,77.37
2024-01-16 20:00:00,23.66,59.85,83.53
2024-01-16 20:15:00,20.0,53.82,84.41
2024-01-16 20:30:00,28.83,71.84,79.64
2024-01-16 20:45:00,29.06,48.09,90.07
2024-01-16 21:00:00,27.88,76.27,76.71
2024-01-16 21:15:00,35.39,76.24,69.32
2024-01-16 21:30:00,35.99,78.86,85.09
2024-01-16 21:45:00,29.15,65.65,78.11
2024-01-16 22:00:00,20.0,52.7,68.06
2024-01-16 22:15:00,33.09,61.64,68.13
2024-01-16 22:30:00,32.78,65.7,90.18
2024-01-16 22:45:00,31.55,51.6,97.12
2024-01-16 23:00:00,34.91,80.0,86.71
2024-01-16 23:15:00,24.18,68.7,80.72
2024-01-16 23:30:00,40.04,46.62,80.46
2024-01-16 23:45:00,25.2,88.24,74.26
2024-01-17 00:00:00,33.75,61.46,90.57
2024-01-17 00:15:00,21.56,43.59,75.87
2024-01-17 00:30:00,25.35,47.55,77.93
2024-01-17 00:45:00,37.58,82.32,82.23
2024-01-17 01:00:00,28.7,87.37,96.83
2024-01-17 01:15:00,34.2,75.14,81.09
2024-01-17 01:30:00,31.18,79.79,78.48
2024-01-17 01:45:00,29.48,78.25,75.52
2024-01-17 02:00:00,36.82,68.35,90.63
2024-01-17 02:15:00,28.82,64.94,94.82
2024-01-17 02:30:00,21.1,68.1,82.9
2024-01-17 02:45:00,25.98,71.04,93.23
2024-01-17 03:00:00,32.76,48.88,77.49
2024-01-17 03:15:00,31.98,70.98,72.55
2024-01-17 03:30:00,22.16,81.88,78.64
2024-01-17 03:45:00,26.38,56.9,67.84
2024-01-17 04:00:00,27.09,55.3,89.11
2024-01-17 04:15:00,28.17,67.15,80.57
2024-01-17 04:30:00,23.12,50.26,78.12
2024-01-17 04:45:00,26.86,40.25,64.0
2024-01-17 05:00:00,26.36,77.22,85.93
2024-01-17 05:15:00,33.86,53.24,88.31
2024-01-17 05:30:00,34.05,60.28,89.72
2024-01-17 05:45:00,29.27,50.85,70.88
2024-01-17 06:00:00,28.04,79.15,83.56
2024-01-17 06:15:00,30.7,72.8,74.7
2024-01-17 06:30:00,25.92,56.39,90.72
2024-01-17 06:45:00,24.27,42.3,73.72
2024-01-17 07:00:00,25.3,54.8,93.42
2024-01-17 07:15:00,26.83,68.55,89.67
2024-01-17 07:30:00,24.18,62.83,86.67
2024-01-17 07:45:00,30.81,61.64,89.25
2024-01-17 08:00:00,33.65,63.18,80.2
2024-01-17 08:15:00,22.06,71.38,78.49
2024-01-17 08:30:00,30.13,59.37,85.17
2024-01-17 08:45:00,28.9,66.75,71.81
2024-01-17 09:00:00,31.71,45.2,89.85
2024-01-17 09:15:00,29.94,90.0,94.11
2024-01-17 09:30:00,22.73,55.74,91.94
2024-01-17 09:45:00,23.69,63.05,91.95
2024-01-17 10:00:00,30.15,68.5,67.58
2024-01-17 10:15:00,35.14,53.84,71.9
2024-01-17 10:30:00,20.0,60.12,79.73
2024-01-17 10:45:00,31.73,59.94,75.64
2024-01-17 11:00:00,35.95,46.29,90.48
2024-01-17 11:15:00,29.23,66.58,90.07
2024-01-17 11:30:00,32.75,35.26,92.05
2024-01-17 11:45:00,26.48,86.29,76.76
2024-01-17 12:00:00,29.4,71.89,93.52
2024-01-17 12:15:00,21.9,69.59,85.21
2024-01-17 12:30:00,20.0,33.95,95.46
2024-01-17 12:45:00,34.71,48.11,88.57
2024-01-17 13:00:00,25.08,80.84,83.29
2024-01-17 13:15:00,27.72,90.0,67.01
2024-01-17 13:30:00,23.07,77.92,92.42
2024-01-17 13:45:00,22.95,75.55,80.13
2024-01-17 14:00:00,29.13,67.87,79.83
2024-01-17 14:15:00,26.35,47.29,81.49
2024-01-17 14:30:00,31.89,74.93,74.68
2024-01-17 14:45:00,32.26,43.48,75.23
2024-01-17 15:00:00,31.6,41.84,75.29
2024-01-17 15:15:00,31.19,40.9,88.26
2024-01-17 15:30:00,37.89,74.64,90.64
2024-01-17 15:45:00,24.66,59.14,96.8
2024-01-17 16:00:00,29.73,61.51,82.85
2024-01-17 16:15:00,35.66,59.77,80.3
2024-01-17 16:30:00,36.32,43.11,84.86
2024-01-17 16:45:00,22.89,49.94,85.11
2024-01-17 17:00:00,28.44,50.69,61.4
2024-01-17 17:15:00,36.79,38.92,95.36
2024-01-17 17:30:00,32.54,52.44,96.77
2024-01-17 17:45:00,30.98,43.78,72.25
2024-01-17 18:00:00,28.91,68.67,85.16
2024-01-17 18:15:00,28.08,69.91,81.72
2024-01-17 18:30:00,31.44,40.6,99.0
2024-01-17 18:45:00,28.74,55.55,82.95
2024-01-17 19:00:00,29.79,87.84,72.86
2024-01-17 19:15:00,30.39,45.29,80.53
2024-01-17 19:30:00,26.61,66.4,85.26
2024-01-17 19:45:00,32.66,61.58,64.64
2024-01-17 20:00:00,44.57,76.39,93.29
2024-01-17 20:15:00,21.12,64.43,94.84
2024-01-17 20:30:00,31.62,53.53,81.7
2024-01-17 20:45:00,26.2,61.0,82.96
2024-01-17 21:00:00,32.89,61.22,77.25
2024-01-17 21:15:00,30.23,58.62,77.96
2024-01-17 21:30:00,33.81,40.21,87.3
2024-01-17 21:45:00,35.88,78.65,71.11
2024-01-17 22:00:00,30.96,76.0,82.23
2024-01-17 22:15:00,35.66,44.34,92.28
2024-01-17 22:30:00,20.0,55.49,84.03
2024-01-17 22:45:00,37.95,56.62,90.65
2024-01-17 23:00:00,31.88,42.65,93.21
2024-01-17 23:15:00,35.39,32.0,97.27
2024-01-17 23:30:00,23.9,49.94,95.92
2024-01-17 23:45:00,25.85,54.65,81.03
2024-01-18 00:00:00,30.73,38.38,76.4
2024-01-18 00:15:00,29.91,62.65,69.47
2024-01-18 00:30:00,31.42,77.44,70.01
2024-01-18 00:45:00,35.42,72.63,78.8
2024-01-18 01:00:00,21.17,58.1,83.8
2024-01-18 01:15:00,34.87,32.39,84.76
2024-01-18 01:30:00,30.04,70.74,92.84
2024-01-18 01:45:00,28.98,62.2,80.1
2024-01-18 02:00:00,22.64,66.37,84.76
2024-01-18 02:15:00,32.52,89.04,74.05
2024-01-18 02:30:00,20.0,47.63,65.35
2024-01-18 02:45:00,33.24,30.0,74.49
2024-01-18 03:00:00,22.54,44.2,100.0
2024-01-18 03:15:00,30.27,67.29,73.33
2024-01-18 03:30:00,29.4,60.4,93.85
2024-01-18 03:45:00,35.85,41.77,75.42
2024-01-18 04:00:00,29.11,38.7,86.26
2024-01-18 04:15:00,26.53,54.68,88.09
2024-01-18 04:30:00,27.47,41.31,92.17
2024-01-18 04:45:00,36.36,67.81,74.81
2024-01-18 05:00:00,32.68,53.83,95.17
2024-01-18 05:15:00,28.07,50.59,72.18
2024-01-18 05:30:00,28.82,48.63,82.8
2024-01-18 05:45:00,22.16,63.95,72.73
2024-01-18 06:00:00,31.94,60.64,85.54
2024-01-18 06:15:00,21.2,63.03,88.71
2024-01-18 06:30:00,33.76,62.7,95.64
2024-01-18 06:45:00,30.64,58.92,90.02
2024-01-18 07:00:00,41.93,44.5,78.88
2024-01-18 07:15:00,24.5,49.04,89.58
2024-01-18 07:30:00,29.49,54.08,76.8
2024-01-18 07:45:00,38.99,90.0,77.55
2024-01-18 08:00:00,35.96,39.77,81.37
2024-01-18 08:15:00,26.52,53.72,79.6
2024-01-18 08:30:00,31.12,61.47,75.7
2024-01-18 08:45:00,30.01,55.45,90.74
2024-01-18 09:00:00,31.41,76.11,61.88
2024-01-18 09:15:00,26.51,55.37,86.23
2024-01-18 09:30:00,29.55,56.48,77.71
2024-01-18 09:45:00,22.01,72.22,88.03
2024-01-18 10:00:00,30.68,87.16,76.92
2024-01-18 10:15:00,32.25,81.11,73.02
2024-01-18 10:30:00,28.86,57.95,83.84
2024-01-18 10:45:00,21.92,59.26,89.31
2024-01-18 11:00:00,34.94,60.7,99.79
2024-01-18 11:15:00,31.82,62.2,86.44
2024-01-18 11:30:00,26.37,47.29,100.0
2024-01-18 11:45:00,28.6,74.05,81.06
2024-01-18 12:00:00,22.5,63.1,89.32
2024-01-18 12:15:00,24.87,59.33,66.95
2024-01-18 12:30:00,27.31,40.93,65.74
2024-01-18 12:45:00,36.14,60.93,66.85
2024-01-18 13:00:00,26.8,31.6,87.53
2024-01-18 13:15:00,33.2,51.28,77.82
2024-01-18 13:30:00,27.31,51.55,70.83
2024-01-18 13:45:00,31.24,64.3,89.9
2024-01-18 14:00:00,29.29,88.2,100.0
2024-01-18 14:15:00,34.37,68.58,85.6
2024-01-18 14:30:00,27.33,81.73,94.46
2024-01-18 14:45:00,22.14,69.68,67.89
2024-01-18 15:00:00,23.09,76.88,90.06
2024-01-18 15:15:00,27.34,87.86,72.34
2024-01-18 15:30:00,23.75,49.02,78.19
2024-01-18 15:45:00,32.05,48.04,88.49
2024-01-18 16:00:00,27.67,70.03,70.66
2024-01-18 16:15:00,41.87,59.94,83.91
2024-01-18 16:30:00,21.31,63.31,86.54
2024-01-18 16:45:00,31.02,56.27,72.7
2024-01-18 17:00:00,24.36,51.06,65.0
2024-01-18 17:15:00,27.53,84.31,69.48
2024-01-18 17:30:00,30.71,43.5,68.78
2024-01-18 17:45:00,20.0,70.3,99.87
2024-01-18 18:00:00,31.18,67.86,80.44
2024-01-18 18:15:00,39.51,36.31,77.54
2024-01-18 18:30:00,27.73,47.54,78.67
2024-01-18 18:45:00,31.3,50.06,87.88
2024-01-18 19:00:00,35.12,68.47,91.58
2024-01-18 19:15:00,29.18,54.49,96.06
2024-01-18 19:30:00,27.1,58.72,76.04
2024-01-18 19:45:00,20.0,38.14,83.47
2024-01-18 20:00:00,33.2,90.0,69.64
2024-01-18 20:15:00,29.43,61.07,93.2
2024-01-18 20:30:00,24.94,67.49,78.44
2024-01-18 20:45:00,30.63,51.89,87.54
2024-01-18 21:00:00,27.08,50.21,71.64
2024-01-18 21:15:00,27.36,88.69,93.73
2024-01-18 21:30:00,33.03,31.25,85.38
2024-01-18 21:45:00,23.31,64.18,87.38
2024-01-18 22:00:00,35.24,41.83,74.91
2024-01-18 22:15:00,23.01,53.92,82.33
2024-01-18 22:30:00,26.69,50.43,80.76
2024-01-18 22:45:00,39.61,45.21,86.8
2024-01-18 23:00:00,35.64,60.53,87.98
2024-01-18 23:15:00,30.49,30.0,79.92
2024-01-18 23:30:00,25.3,55.27,76.62
2024-01-18 23:45:00,27.35,58.65,74.95
2024-01-19 00:00:00,30.37,39.61,83.35
2024-01-19 00:15:00,30.19,82.7,89.05
2024-01-19 00:30:00,29.55,51.08,75.03
2024-01-19 00:45:00,29.85,56.44,67.64
2024-01-19 01:00:00,28.93,51.12,73.52
2024-01-19 01:15:00,22.79,58.78,76.36
2024-01-19 01:30:00,27.42,79.62,78.43
2024-01-19 01:45:00,34.57,90.0,90.43
2024-01-19 02:00:00,23.16,71.18,66.71
2024-01-19 02:15:00,29.05,76.32,96.44
2024-01-19 02:30:00,25.9,85.75,84.08
2024-01-19 02:45:00,30.56,63.73,76.77
2024-01-19 03:00:00,28.06,83.55,92.26
2024-01-19 03:15:00,37.39,71.89,79.6
2024-01-19 03:30:00,32.53,62.16,79.44
2024-01-19 03:45:00,23.44,65.26,85.59
2024-01-19 04:00:00,33.36,32.68,93.41
2024-01-19 04:15:00,26.13,64.38,84.94
2024-01-19 04:30:00,27.12,36.84,85.38
2024-01-19 04:45:00,31.57,35.62,76.13
2024-01-19 05:00:00,27.54,62.89,80.35
2024-01-19 05:15:00,34.46,43.29,83.65
2024-01-19 05:30:00,26.13,59.89,78.25
2024-01-19 05:45:00,26.91,62.08,82.36
2024-01-19 06:00:00,26.72,62.75,94.26
2024-01-19 06:15:00,27.17,46.44,72.19
2024-01-19 06:30:00,35.5,73.48,74.35
2024-01-19 06:45:00,33.14,58.66,74.42
2024-01-19 07:00:00,38.55,66.62,91.76
2024-01-19 07:15:00,41.34,42.05,95.53
2024-01-19 07:30:00,24.85,57.33,78.39
2024-01-19 07:45:00,30.35,76.46,100.0
2024-01-19 08:00:00,24.12,74.55,89.25
2024-01-19 08:15:00,26.11,48.04,87.95
2024-01-19 08:30:00,26.85,51.82,86.77
2024-01-19 08:45:00,24.71,45.17,88.18
2024-01-19 09:00:00,24.74,50.15,82.87
2024-01-19 09:15:00,29.28,39.01,76.99
2024-01-19 09:30:00,23.92,57.93,69.38
2024-01-19 09:45:00,34.21,69.5,67.97
2024-01-19 10:00:00,25.41,48.22,81.7
2024-01-19 10:15:00,44.05,58.64,87.72
2024-01-19 10:30:00,27.74,56.69,82.63
2024-01-19 10:45:00,30.36,75.83,82.98
2024-01-19 11:00:00,23.52,50.83,94.95
2024-01-19 11:15:00,38.53,51.37,94.62
2024-01-19 11:30:00,35.6,47.31,91.37
2024-01-19 11:45:00,31.48,42.94,76.52
2024-01-19 12:00:00,23.27,67.94,85.02
2024-01-19 12:15:00,31.05,57.97,85.99
2024-01-19 12:30:00,24.39,60.82,76.17
2024-01-19 12:45:00,37.31,79.12,83.76
2024-01-19 13:00:00,34.05,79.98,76.94
2024-01-19 13:15:00,30.48,35.31,77.34
2024-01-19 13:30:00,20.0,69.72,78.95
2024-01-19 13:45:00,25.08,63.38,88.25
2024-01-19 14:00:00,33.44,53.08,78.79
2024-01-19 14:15:00,36.06,64.92,81.48
2024-01-19 14:30:00,35.55,34.1,70.96
2024-01-19 14:45:00,22.04,81.94,93.15
2024-01-19 15:00:00,31.51,67.72,87.43
2024-01-19 15:15:00,35.08,47.02,90.63
2024-01-19 15:30:00,21.71,51.22,85.71
2024-01-19 15:45:00,29.96,34.45,81.43
2024-01-19 16:00:00,31.37,55.29,88.32
2024-01-19 16:15:00,28.5,52.76,83.64
2024-01-19 16:30:00,20.74,40.12,84.75
2024-01-19 16:45:00,28.37,71.65,74.49
2024-01-19 17:00:00,28.36,79.15,75.89
2024-01-19 17:15:00,29.26,59.59,93.72
2024-01-19 17:30:00,27.18,55.42,67.72
2024-01-19 17:45:00,27.78,66.52,99.21
2024-01-19 18:00:00,29.8,59.71,78.19
2024-01-19 18:15:00,32.21,43.77,72.92
2024-01-19 18:30:00,28.48,50.21,78.38
2024-01-19 18:45:00,27.95,55.55,81.16
2024-01-19 19:00:00,30.46,63.72,90.7
2024-01-19 19:15:00,20.4,60.14,85.92
2024-01-19 19:30:00,32.39,63.16,75.82
2024-01-19 19:45:00,30.0,37.13,74.28
2024-01-19 20:00:00,30.2,69.98,89.18
2024-01-19 20:15:00,34.8,60.05,74.18
2024-01-19 20:30:00,20.24,90.0,70.54
2024-01-19 20:45:00,20.13,54.19,80.54
2024-01-19 21:00:00,31.37,64.85,93.85
2024-01-19 21:15:00,29.96,90.0,73.96
2024-01-19 21:30:00,30.85,62.91,68.49
2024-01-19 21:45:00,27.69,58.99,87.92
2024-01-19 22:00:00,33.32,45.2,89.36
2024-01-19 22:15:00,34.66,82.92,86.94
2024-01-19 22:30:00,32.42,42.61,90.24
2024-01-19 22:45:00,28.7,66.41,89.31
2024-01-19 23:00:00,20.0,52.9,89.15
2024-01-19 23:15:00,33.85,57.16,90.24
2024-01-19 23:30:00,36.11,38.64,74.67
2024-01-19 23:45:00,33.22,80.15,76.57
2024-01-20 00:00:00,25.6,55.83,96.79
2024-01-20 00:15:00,33.37,41.77,77.65
2024-01-20 00:30:00,34.3,78.79,87.27
2024-01-20 00:45:00,37.79,52.44,82.53
2024-01-20 01:00:00,25.62,65.02,82.17
2024-01-20 01:15:00,28.87,72.62,77.45
2024-01-20 01:30:00,33.74,67.11,93.36
2024-01-20 01:45:00,30.29,30.0,70.41
2024-01-20 02:00:00,24.41,70.43,87.18
2024-01-20 02:15:00,32.07,58.49,100.0
2024-01-20 02:30:00,32.89,55.06,92.69
2024-01-20 02:45:00,30.44,58.36,100.0
2024-01-20 03:00:00,31.1,35.85,93.33
2024-01-20 03:15:00,28.71,62.88,81.79
2024-01-20 03:30:00,37.39,39.53,88.39
2024-01-20 03:45:00,25.5,55.71,76.43
2024-01-20 04:00:00,27.06,62.34,85.07
2024-01-20 04:15:00,30.05,76.11,86.3
2024-01-20 04:30:00,34.39,47.71,81.57
2024-01-20 04:45:00,22.51,81.77,73.4
2024-01-20 05:00:00,23.45,74.2,85.43
2024-01-20 05:15:00,20.0,53.56,83.13
2024-01-20 05:30:00,30.16,43.37,68.53
2024-01-20 05:45:00,24.41,38.34,81.82
2024-01-20 06:00:00,28.08,64.08,78.08
2024-01-20 06:15:00,33.31,48.94,97.16
2024-01-20 06:30:00,26.79,77.99,68.27
2024-01-20 06:45:00,31.16,49.81,95.85
2024-01-20 07:00:00,28.5,46.49,76.11
2024-01-20 07:15:00,33.36,63.5,93.27
2024-01-20 07:30:00,32.38,49.71,83.41
2024-01-20 07:45:00,26.54,60.13,71.74
2024-01-20 08:00:00,29.16,74.79,87.87
2024-01-20 08:15:00,35.22,61.76,90.21
2024-01-20 08:30:00,31.97,61.81,72.76
2024-01-20 08:45:00,23.02,63.08,86.98
2024-01-20 09:00:00,33.28,34.6,84.03
2024-01-20 09:15:00,24.58,65.88,90.49
2024-01-20 09:30:00,37.06,62.4,89.66
2024-01-20 09:45:00,35.12,73.39,66.92
2024-01-20 10:00:00,31.45,69.09,79.05
2024-01-20 10:15:00,30.79,56.97,71.76
2024-01-20 10:30:00,28.95,75.49,89.74
2024-01-20 10:45:00,33.39,55.61,83.74
2024-01-20 11:00:00,28.15,63.71,80.1
2024-01-20 11:15:00,31.18,55.33,88.72
2024-01-20 11:30:00,34.36,66.93,72.26
2024-01-20 11:45:00,27.19,54.35,94.55
2024-01-20 12:00:00,26.92,84.71,87.7
2024-01-20 12:15:00,24.03,90.0,81.99
2024-01-20 12:30:00,24.68,73.11,69.58
2024-01-20 12:45:00,20.86,83.12,74.39
2024-01-20 13:00:00,33.65,36.91,82.52
2024-01-20 13:15:00,39.04,38.68,90.79
2024-01-20 13:30:00,37.13,55.18,79.71
2024-01-20 13:45:00,21.87,60.62,71.35
2024-01-20 14:00:00,33.62,57.03,84.32
2024-01-20 14:15:00,37.11,35.37,71.94
2024-01-20 14:30:00,27.72,77.27,77.1
2024-01-20 14:45:00,30.51,90.0,78.01
2024-01-20 15:00:00,20.0,79.21,79.97
2024-01-20 15:15:00,31.33,76.28,93.04
2024-01-20 15:30:00,24.68,63.39,86.25
2024-01-20 15:45:00,31.0,47.36,81.29
2024-01-20 16:00:00,22.19,61.09,77.3
2024-01-20 16:15:00,32.71,90.0,73.18
2024-01-20 16:30:00,35.12,54.72,80.51
2024-01-20 16:45:00,26.08,53.18,83.19
2024-01-20 17:00:00,24.32,76.61,83.03
2024-01-20 17:15:00,20.0,77.61,65.84
2024-01-20 17:30:00,28.67,47.28,83.05
2024-01-20 17:45:00,27.09,56.08,85.16
2024-01-20 18:00:00,22.24,52.47,74.9
2024-01-20 18:15:00,32.27,61.05,94.94
2024-01-20 18:30:00,27.75,76.56,74.65
2024-01-20 18:45:00,24.62,47.94,83.94
2024-01-20 19:00:00,27.23,76.34,85.83
2024-01-20 19:15:00,35.36,61.52,73.75
2024-01-20 19:30:00,33.01,90.0,87.19
2024-01-20 19:45:00,29.35,64.78,80.03
2024-01-20 20:00:00,33.1,58.55,90.26
2024-01-20 20:15:00,24.2,68.62,90.82
2024-01-20 20:30:00,30.16,54.94,85.21
2024-01-20 20:45:00,30.74,33.07,81.03
2024-01-20 21:00:00,27.65,56.39,77.49
2024-01-20 21:15:00,32.18,56.16,78.8
2024-01-20 21:30:00,26.1,36.12,85.47
2024-01-20 21:45:00,32.55,58.9,79.96
2024-01-20 22:00:00,32.76,30.0,79.78
2024-01-20 22:15:00,20.0,54.78,89.44
2024-01-20 22:30:00,35.95,63.65,88.94
2024-01-20 22:45:00,20.0,61.45,85.6
2024-01-20 23:00:00,26.92,53.83,85.07
2024-01-20 23:15:00,35.13,58.72,86.44
2024-01-20 23:30:00,28.41,48.24,80.33
2024-01-20 23:45:00,22.67,60.16,90.88
2024-01-21 00:00:00,24.53,60.87,97.09
2024-01-21 00:15:00,35.13,46.5,88.73
2024-01-21 00:30:00,20.39,64.02,70.95
2024-01-21 00:45:00,35.64,63.92,89.85
2024-01-21 01:00:00,29.72,57.51,93.83
2024-01-21 01:15:00,24.04,90.0,76.6
2024-01-21 01:30:00,27.08,57.89,75.14
2024-01-21 01:45:00,24.91,55.81,68.97
2024-01-21 02:00:00,34.33,53.66,78.11
2024-01-21 02:15:00,33.66,45.44,77.62
2024-01-21 02:30:00,21.4,70.29,77.79
2024-01-21 02:45:00,27.98,49.71,78.6
2024-01-21 03:00:00,25.68,51.48,79.97
2024-01-21 03:15:00,36.47,51.93,92.12
2024-01-21 03:30:00,23.25,45.23,85.96
2024-01-21 03:45:00,38.02,33.73,83.5
2024-01-21 04:00:00,29.83,53.06,85.48
2024-01-21 04:15:00,24.19,73.1,89.0
2024-01-21 04:30:00,26.61,62.95,88.81
2024-01-21 04:45:00,25.99,83.41,91.76
2024-01-21 05:00:00,23.63,71.26,95.33
2024-01-21 05:15:00,30.47,67.86,87.07
2024-01-21 05:30:00,23.86,88.24,77.79
2024-01-21 05:45:00,20.0,58.54,74.6
2024-01-21 06:00:00,28.1,60.95,83.53
2024-01-21 06:15:00,20.99,59.83,77.05
2024-01-21 06:30:00,26.24,83.16,63.74
2024-01-21 06:45:00,25.45,60.04,74.12
2024-01-21 07:00:00,25.64,50.28,65.1
2024-01-21 07:15:00,40.0,68.82,97.32
2024-01-21 07:30:00,30.28,47.76,77.59
2024-01-21 07:45:00,31.23,68.0,95.02
2024-01-21 08:00:00,21.12,66.21,83.1
2024-01-21 08:15:00,26.73,57.16,76.33
2024-01-21 08:30:00,31.08,68.49,74.89
2024-01-21 08:45:00,24.88,37.68,97.31
2024-01-21 09:00:00,34.54,62.44,73.61
2024-01-21 09:15:00,23.99,53.06,80.24
2024-01-21 09:30:00,28.57,90.0,69.59
2024-01-21 09:45:00,27.07,62.34,70.61
2024-01-21 10:00:00,30.82,51.05,76.08
2024-01-21 10:15:00,26.8,39.33,89.1
2024-01-21 10:30:00,28.65,79.58,78.64
2024-01-21 10:45:00,28.82,54.75,90.78
2024-01-21 11:00:00,26.33,48.13,65.31
2024-01-21 11:15:00,32.43,65.04,70.99
2024-01-21 11:30:00,31.19,69.75,65.43
2024-01-21 11:45:00,29.56,69.51,94.59
2024-01-21 12:00:00,27.85,60.3,92.97
2024-01-21 12:15:00,33.98,62.39,93.01
2024-01-21 12:30:00,28.82,63.48,80.53
2024-01-21 12:45:00,28.47,65.05,80.52
2024-01-21 13:00:00,30.52,66.37,67.77
2024-01-21 13:15:00,38.48,76.42,95.76
2024-01-21 13:30:00,23.3,60.85,91.34
2024-01-21 13:45:00,33.85,47.75,69.12
2024-01-21 14:00:00,20.53,57.84,71.19
2024-01-21 14:15:00,31.09,71.31,79.92
2024-01-21 14:30:00,37.88,33.2,66.24
2024-01-21 14:45:00,32.44,33.29,87.42
2024-01-21 15:00:00,30.85,73.77,88.68
2024-01-21 15:15:00,27.2,82.8,69.82
2024-01-21 15:30:00,30.16,41.02,78.83
2024-01-21 15:45:00,28.74,61.51,83.22
2024-01-21 16:00:00,26.07,54.01,85.26
2024-01-21 16:15:00,28.55,56.09,85.0
2024-01-21 16:30:00,30.99,64.58,84.59
2024-01-21 16:45:00,26.16,40.61,76.46
2024-01-21 17:00:00,25.97,43.39,98.89
2024-01-21 17:15:00,23.2,55.48,78.14
2024-01-21 17:30:00,31.95,57.82,89.1
2024-01-21 17:45:00,32.73,43.11,89.54
2024-01-21 18:00:00,31.16,71.84,90.14
2024-01-21 18:15:00,34.83,53.74,63.84
2024-01-21 18:30:00,30.44,53.67,76.74
2024-01-21 18:45:00,31.96,64.24,80.61
2024-01-21 19:00:00,31.52,58.07,88.55
2024-01-21 19:15:00,29.54,72.56,95.44
2024-01-21 19:30:00,27.35,46.0,83.33
2024-01-21 19:45:00,41.07,39.04,65.29
2024-01-21 20:00:00,27.74,55.35,87.49
2024-01-21 20:15:00,26.67,60.9,82.94
2024-01-21 20:30:00,32.17,41.39,89.45
2024-01-21 20:45:00,31.26,39.18,89.65
2024-01-21 21:00:00,22.98,62.73,81.55
2024-01-21 21:15:00,35.61,48.63,89.22
2024-01-21 21:30:00,29.53,38.21,81.3
2024-01-21 21:45:00,24.45,74.48,73.71
2024-01-21 22:00:00,35.94,50.52,82.75
2024-01-21 22:15:00,33.13,77.25,73.88
2024-01-21 22:30:00,23.68,60.43,71.07
2024-01-21 22:45:00,38.89,64.42,84.79
2024-01-21 23:00:00,33.29,56.83,81.25
2024-01-21 23:15:00,29.95,30.0,84.18
2024-01-21 23:30:00,37.95,42.95,81.6
2024-01-21 23:45:00,30.8,58.11,88.71
2024-01-22 00:00:00,29.86,65.47,88.32
2024-01-22 00:15:00,26.7,33.15,95.03
2024-01-22 00:30:00,32.91,59.2,74.16
2024-01-22 00:45:00,32.38,43.17,82.07
2024-01-22 01:00:00,30.07,63.52,77.16
2024-01-22 01:15:00,26.05,59.71,84.07
2024-01-22 01:30:00,30.65,71.15,67.18
2024-01-22 01:45:00,29.65,76.0,84.61
2024-01-22 02:00:00,23.33,66.88,88.52
2024-01-22 02:15:00,22.64,72.91,85.06
2024-01-22 02:30:00,32.83,54.74,75.17
2024-01-22 02:45:00,20.0,90.0,81.67
2024-01-22 03:00:00,31.03,41.72,71.89
2024-01-22 03:15:00,27.61,52.08,98.75
2024-01-22 03:30:00,36.54,73.52,87.02
2024-01-22 03:45:00,27.53,71.29,74.16
2024-01-22 04:00:00,33.3,67.31,89.31
2024-01-22 04:15:00,28.02,70.13,92.37
2024-01-22 04:30:00,30.57,30.0,88.9
2024-01-22 04:45:00,33.68,83.84,79.46
2024-01-22 05:00:00,27.69,56.94,73.19
2024-01-22 05:15:00,34.98,78.69,77.53
2024-01-22 05:30:00,25.03,30.0,88.5
2024-01-22 05:45:00,31.47,63.85,88.6
2024-01-22 06:00:00,34.61,51.55,83.52
2024-01-22 06:15:00,33.3,68.58,70.87
2024-01-22 06:30:00,39.58,64.76,84.06
2024-01-22 06:45:00,26.18,65.49,79.72
2024-01-22 07:00:00,23.1,44.12,83.99
2024-01-22 07:15:00,25.03,59.15,81.72
2024-01-22 07:30:00,33.3,57.3,96.99
2024-01-22 07:45:00,32.49,67.43,88.84
2024-01-22 08:00:00,30.51,74.84,76.32
2024-01-22 08:15:00,24.39,62.26,88.05
2024-01-22 08:30:00,33.83,40.86,87.45
2024-01-22 08:45:00,23.88,61.61,77.31
2024-01-22 09:00:00,35.79,90.0,75.42
2024-01-22 09:15:00,44.29,84.69,88.76
2024-01-22 09:30:00,31.83,30.0,76.04
2024-01-22 09:45:00,32.92,60.95,79.14
2024-01-22 10:00:00,27.54,73.98,87.88
2024-01-22 10:15:00,20.95,57.27,86.01
2024-01-22 10:30:00,26.99,53.1,91.51
2024-01-22 10:45:00,24.54,56.0,87.27
2024-01-22 11:00:00,22.76,68.28,81.42
2024-01-22 11:15:00,38.61,42.77,96.09
2024-01-22 11:30:00,31.36,77.83,60.36
2024-01-22 11:45:00,31.9,59.16,72.33
2024-01-22 12:00:00,28.45,45.97,89.0
2024-01-22 12:15:00,29.14,76.87,89.2
2024-01-22 12:30:00,34.82,36.82,75.15
2024-01-22 12:45:00,29.84,51.67,92.05
2024-01-22 13:00:00,32.65,51.42,84.95
2024-01-22 13:15:00,29.02,90.0,85.31
2024-01-22 13:30:00,28.29,49.72,85.25
2024-01-22 13:45:00,22.97,30.0,73.68
2024-01-22 14:00:00,20.11,51.27,90.65
2024-01-22 14:15:00,28.69,66.83,64.38
2024-01-22 14:30:00,30.28,71.76,81.11
2024-01-22 14:45:00,23.57,90.0,82.68
2024-01-22 15:00:00,29.83,81.1,98.79
2024-01-22 15:15:00,30.27,62.82,86.26
2024-01-22 15:30:00,20.0,46.63,79.28
2024-01-22 15:45:00,25.42,84.36,83.97
2024-01-22 16:00:00,32.04,54.47,71.3
2024-01-22 16:15:00,31.94,50.13,81.79
2024-01-22 16:30:00,24.23,53.74,96.03
2024-01-22 16:45:00,30.79,41.22,81.56
2024-01-22 17:00:00,35.11,53.02,71.66
2024-01-22 17:15:00,33.89,56.5,99.75
2024-01-22 17:30:00,29.52,70.96,72.54
2024-01-22 17:45:00,27.66,54.18,90.13
2024-01-22 18:00:00,26.85,40.99,70.68
2024-01-22 18:15:00,32.34,35.94,81.28
2024-01-22 18:30:00,30.98,63.14,94.73
2024-01-22 18:45:00,33.15,61.09,87.83
2024-01-22 19:00:00,30.66,51.69,70.75
2024-01-22 19:15:00,34.09,52.99,83.31
2024-01-22 19:30:00,30.47,65.83,73.83
2024-01-22 19:45:00,33.92,80.86,86.08
2024-01-22 20:00:00,34.35,48.3,79.94
2024-01-22 20:15:00,25.98,61.33,83.38
2024-01-22 20:30:00,20.96,74.37,71.1
2024-01-22 20:45:00,37.72,48.36,82.65
2024-01-22 21:00:00,31.28,59.77,71.56
2024-01-22 21:15:00,21.43,59.43,87.47
2024-01-22 21:30:00,26.43,40.33,82.14
2024-01-22 21:45:00,33.86,62.53,76.2
2024-01-22 22:00:00,28.6,60.47,79.68
2024-01-22 22:15:00,27.44,68.33,89.42
2024-01-22 22:30:00,37.0,42.2,82.03
2024-01-22 22:45:00,24.76,60.15,94.64
2024-01-22 23:00:00,26.01,80.73,88.71
2024-01-22 23:15:00,31.06,90.0,90.32
2024-01-22 23:30:00,31.95,79.2,81.01
2024-01-22 23:45:00,32.48,42.34,84.55
2024-01-23 00:00:00,34.56,66.77,81.24
2024-01-23 00:15:00,30.99,52.75,86.63
2024-01-23 00:30:00,32.45,64.26,67.47
2024-01-23 00:45:00,28.7,48.42,93.8
2024-01-23 01:00:00,30.31,34.3,77.76
2024-01-23 01:15:00,30.54,54.83,82.2
2024-01-23 01:30:00,31.08,70.84,94.76
2024-01-23 01:45:00,33.86,64.32,81.63
2024-01-23 02:00:00,32.78,66.04,82.64
2024-01-23 02:15:00,30.22,63.25,89.34
2024-01-23 02:30:00,25.95,66.07,90.81
2024-01-23 02:45:00,30.34,67.94,82.89
2024-01-23 03:00:00,29.86,55.88,93.49
2024-01-23 03:15:00,30.97,61.24,87.14
2024-01-23 03:30:00,41.03,86.15,71.81
2024-01-23 03:45:00,27.38,62.13,89.99
2024-01-23 04:00:00,32.11,60.64,81.97
2024-01-23 04:15:00,35.34,61.54,64.59
2024-01-23 04:30:00,30.49,56.73,62.36
2024-01-23 04:45:00,41.69,53.47,70.73
2024-01-23 05:00:00,28.11,63.13,75.29
2024-01-23 05:15:00,31.62,52.41,72.69
2024-01-23 05:30:00,26.01,57.82,80.5
2024-01-23 05:45:00,28.24,48.14,84.28
2024-01-23 06:00:00,31.24,61.62,84.98
2024-01-23 06:15:00,34.23,68.76,67.68
2024-01-23 06:30:00,31.6,56.82,87.43
2024-01-23 06:45:00,36.3,30.0,88.32
2024-01-23 07:00:00,29.53,68.86,79.87
2024-01-23 07:15:00,28.34,61.8,82.93
2024-01-23 07:30:00,43.52,45.1,88.72
2024-01-23 07:45:00,31.97,71.6,76.49
2024-01-23 08:00:00,26.4,39.02,79.34
2024-01-23 08:15:00,26.53,75.68,85.77
2024-01-23 08:30:00,25.29,59.14,72.15
2024-01-23 08:45:00,34.68,30.0,85.7
2024-01-23 09:00:00,28.18,62.67,89.83
2024-01-23 09:15:00,30.64,53.91,73.41
2024-01-23 09:30:00,29.68,51.65,79.84
2024-01-23 09:45:00,33.66,48.93,92.29
2024-01-23 10:00:00,25.77,58.09,83.01
2024-01-23 10:15:00,24.62,52.72,94.54
2024-01-23 10:30:00,31.12,32.15,94.42
2024-01-23 10:45:00,33.0,79.08,79.47
2024-01-23 11:00:00,31.66,56.33,75.37
2024-01-23 11:15:00,25.95,49.02,72.31
2024-01-23 11:30:00,33.39,43.07,89.92
2024-01-23 11:45:00,26.28,71.56,77.52
2024-01-23 12:00:00,27.39,40.52,99.49
2024-01-23 12:15:00,25.28,62.01,76.22
2024-01-23 12:30:00,36.51,51.25,86.02
2024-01-23 12:45:00,33.17,52.12,83.41
2024-01-23 13:00:00,33.02,43.45,72.94
2024-01-23 13:15:00,36.24,50.7,79.61
2024-01-23 13:30:00,44.06,60.13,80.14
2024-01-23 13:45:00,21.45,63.53,94.57
2024-01-23 14:00:00,26.31,48.22,89.7
2024-01-23 14:15:00,26.92,58.64,88.43
2024-01-23 14:30:00,25.75,73.33,96.23
2024-01-23 14:45:00,24.61,35.06,70.22
2024-01-23 15:00:00,28.5,59.91,74.82
2024-01-23 15:15:00,23.92,45.74,85.31
2024-01-23 15:30:00,31.68,44.21,84.41
2024-01-23 15:45:00,30.26,63.92,89.85
2024-01-23 16:00:00,32.41,51.82,79.65
2024-01-23 16:15:00,32.54,41.75,78.69
2024-01-23 16:30:00,33.02,79.86,83.43
2024-01-23 16:45:00,28.13,73.8,73.79
2024-01-23 17:00:00,40.61,31.02,77.44
2024-01-23 17:15:00,31.17,37.88,81.38
2024-01-23 17:30:00,20.69,68.9,76.92
2024-01-23 17:45:00,24.99,55.73,86.57
2024-01-23 18:00:00,21.3,82.51,90.66
2024-01-23 18:15:00,30.09,69.25,72.71
2024-01-23 18:30:00,29.39,64.49,80.88
2024-01-23 18:45:00,27.66,44.67,84.46
2024-01-23 19:00:00,40.05,67.37,98.17
2024-01-23 19:15:00,32.74,40.86,80.25
2024-01-23 19:30:00,33.63,79.58,87.42
2024-01-23 19:45:00,25.34,66.33,75.01
2024-01-23 20:00:00,25.0,47.63,77.04
2024-01-23 20:15:00,30.18,72.07,82.63
2024-01-23 20:30:00,30.87,90.0,78.45
2024-01-23 20:45:00,20.72,56.74,100.0
2024-01-23 21:00:00,29.1,68.26,75.18
2024-01-23 21:15:00,30.07,53.52,93.69
2024-01-23 21:30:00,28.92,61.28,80.61
2024-01-23 21:45:00,25.93,37.39,85.41
2024-01-23 22:00:00,27.3,59.99,90.47
2024-01-23 22:15:00,29.12,60.65,65.1
2024-01-23 22:30:00,30.45,86.98,88.23
2024-01-23 22:45:00,33.02,33.07,78.09
2024-01-23 23:00:00,35.4,55.79,87.24
2024-01-23 23:15:00,28.53,79.32,73.26
2024-01-23 23:30:00,27.72,56.37,78.13
2024-01-23 23:45:00,32.19,57.43,97.13
2024-01-24 00:00:00,33.05,47.5,76.75
2024-01-24 00:15:00,27.83,46.01,84.86
2024-01-24 00:30:00,33.95,32.61,71.78
2024-01-24 00:45:00,34.9,50.56,88.93
2024-01-24 01:00:00,36.46,45.16,78.66
2024-01-24 01:15:00,38.89,61.77,89.3
2024-01-24 01:30:00,25.67,48.18,95.63
2024-01-24 01:45:00,30.07,52.81,79.95
2024-01-24 02:00:00,30.06,53.22,74.83
2024-01-24 02:15:00,29.51,59.28,72.53
2024-01-24 02:30:00,26.75,52.07,79.99
2024-01-24 02:45:00,22.57,44.07,93.03
2024-01-24 03:00:00,30.46,61.29,71.64
2024-01-24 03:15:00,26.16,76.01,89.28
2024-01-24 03:30:00,30.43,61.93,91.78
2024-01-24 03:45:00,26.03,50.85,84.91
2024-01-24 04:00:00,24.5,58.15,86.62
2024-01-24 04:15:00,31.17,30.0,85.37
2024-01-24 04:30:00,30.75,57.91,70.08
2024-01-24 04:45:00,32.9,53.99,72.46
2024-01-24 05:00:00,40.93,46.0,83.26
2024-01-24 05:15:00,31.39,48.72,88.09
2024-01-24 05:30:00,32.43,53.85,67.73
2024-01-24 05:45:00,24.61,74.89,71.93
2024-01-24 06:00:00,23.57,76.38,98.45
2024-01-24 06:15:00,37.91,46.08,80.69
2024-01-24 06:30:00,25.38,52.23,77.93
2024-01-24 06:45:00,24.78,52.61,92.08
2024-01-24 07:00:00,29.8,72.14,75.93
2024-01-24 07:15:00,29.55,62.18,85.82
2024-01-24 07:30:00,25.49,61.39,72.36
2024-01-24 07:45:00,28.48,68.04,94.19
2024-01-24 08:00:00,36.15,51.05,73.14
2024-01-24 08:15:00,25.97,80.46,78.19
2024-01-24 08:30:00,23.03,59.97,97.18
2024-01-24 08:45:00,34.71,47.16,87.86
2024-01-24 09:00:00,32.46,56.56,70.91
2024-01-24 09:15:00,26.9,78.48,69.87
2024-01-24 09:30:00,22.09,53.62,67.55
2024-01-24 09:45:00,26.28,74.24,76.93
2024-01-24 10:00:00,29.73,50.62,90.34
2024-01-24 10:15:00,35.83,48.52,83.92
2024-01-24 10:30:00,24.82,69.89,100.0
2024-01-24 10:45:00,29.58,46.89,90.2
2024-01-24 11:00:00,33.38,72.34,92.29
2024-01-24 11:15:00,20.0,65.27,82.7
2024-01-24 11:30:00,35.17,46.9,81.88
2024-01-24 11:45:00,24.09,58.93,85.77
2024-01-24 12:00:00,31.66,51.77,74.34
2024-01-24 12:15:00,31.23,65.23,74.1
2024-01-24 12:30:00,35.42,88.32,87.29
2024-01-24 12:45:00,32.75,54.44,92.16
2024-01-24 13:00:00,20.0,68.01,68.51
2024-01-24 13:15:00,26.08,60.37,81.94
2024-01-24 13:30:00,30.69,60.36,68.05
2024-01-24 13:45:00,29.03,57.52,86.23
2024-01-24 14:00:00,32.39,47.14,76.96
2024-01-24 14:15:00,33.95,65.03,82.81
2024-01-24 14:30:00,33.04,55.67,87.92
2024-01-24 14:45:00,28.93,46.43,67.71
2024-01-24 15:00:00,20.77,75.21,88.58
2024-01-24 15:15:00,27.72,61.49,96.08
2024-01-24 15:30:00,32.08,56.58,97.32
2024-01-24 15:45:00,24.55,80.1,74.32
2024-01-24 16:00:00,33.16,32.46,76.33
2024-01-24 16:15:00,34.54,79.09,91.97
2024-01-24 16:30:00,30.63,46.8,96.18
2024-01-24 16:45:00,20.0,63.17,100.0
2024-01-24 17:00:00,23.61,51.18,94.24
2024-01-24 17:15:00,39.43,46.15,84.16
2024-01-24 17:30:00,27.27,79.71,79.19
2024-01-24 17:45:00,20.08,87.84,70.46
2024-01-24 18:00:00,36.18,56.68,66.45
2024-01-24 18:15:00,30.07,65.03,69.91
2024-01-24 18:30:00,35.52,60.85,72.76
2024-01-24 18:45:00,31.38,85.96,76.72
2024-01-24 19:00:00,32.29,30.0,79.62
2024-01-24 19:15:00,31.82,65.66,87.58
2024-01-24 19:30:00,33.49,49.09,70.3
2024-01-24 19:45:00,41.39,30.0,77.92
2024-01-24 20:00:00,34.86,54.59,79.01
2024-01-24 20:15:00,22.1,87.72,67.13
2024-01-24 20:30:00,32.23,50.16,92.09
2024-01-24 20:45:00,35.71,71.86,65.79
2024-01-24 21:00:00,36.01,77.98,84.29
2024-01-24 21:15:00,27.87,59.81,87.29
2024-01-24 21:30:00,35.82,61.81,76.19
2024-01-24 21:45:00,34.64,34.26,69.96
2024-01-24 22:00:00,42.86,49.26,100.0
2024-01-24 22:15:00,26.25,73.61,94.95
2024-01-24 22:30:00,27.46,60.91,90.17
2024-01-24 22:45:00,28.47,65.51,88.64
2024-01-24 23:00:00,27.55,62.0,70.2
2024-01-24 23:15:00,25.55,90.0,83.75
2024-01-24 23:30:00,20.0,53.54,71.51
2024-01-24 23:45:00,27.83,84.08,65.97
2024-01-25 00:00:00,31.85,62.0,100.0
2024-01-25 00:15:00,27.53,85.41,88.07
2024-01-25 00:30:00,39.68,41.63,69.81
2024-01-25 00:45:00,30.07,62.77,84.82
2024-01-25 01:00:00,36.46,54.09,72.78
2024-01-25 01:15:00,31.31,62.09,77.22
2024-01-25 01:30:00,34.13,78.34,73.09
2024-01-25 01:45:00,31.4,65.68,90.41
2024-01-25 02:00:00,36.84,78.31,76.29
2024-01-25 02:15:00,30.28,49.95,79.6
2024-01-25 02:30:00,32.48,47.66,99.43
2024-01-25 02:45:00,31.83,60.24,90.93
2024-01-25 03:00:00,28.56,59.42,75.0
2024-01-25 03:15:00,32.02,57.21,88.3
2024-01-25 03:30:00,41.17,45.62,96.99
2024-01-25 03:45:00,28.65,77.98,85.7
2024-01-25 04:00:00,32.1,54.56,87.39
2024-01-25 04:15:00,36.29,81.39,84.14
2024-01-25 04:30:00,35.7,60.19,87.21
2024-01-25 04:45:00,30.06,69.73,93.92
2024-01-25 05:00:00,20.0,68.37,71.84
2024-01-25 05:15:00,32.58,47.64,83.29
2024-01-25 05:30:00,20.0,65.51,80.65
2024-01-25 05:45:00,37.35,88.92,85.99
2024-01-25 06:00:00,30.85,63.77,71.8
2024-01-25 06:15:00,35.0,73.52,95.05
2024-01-25 06:30:00,25.49,70.4,90.24
2024-01-25 06:45:00,22.24,64.61,96.9
2024-01-25 07:00:00,31.3,62.8,79.38
2024-01-25 07:15:00,29.83,68.21,87.0
2024-01-25 07:30:00,27.54,71.45,83.64
2024-01-25 07:45:00,30.42,39.72,73.99
2024-01-25 08:00:00,43.84,63.71,82.19
2024-01-25 08:15:00,34.17,57.24,75.64
2024-01-25 08:30:00,35.25,54.13,85.15
2024-01-25 08:45:00,34.22,79.44,96.0
2024-01-25 09:00:00,37.4,49.0,69.15
2024-01-25 09:15:00,29.05,39.08,78.76
2024-01-25 09:30:00,20.0,71.94,95.85
2024-01-25 09:45:00,29.06,38.69,79.25
2024-01-25 10:00:00,34.06,31.08,83.92
2024-01-25 10:15:00,25.15,73.62,71.37
2024-01-25 10:30:00,29.12,62.38,59.3
2024-01-25 10:45:00,26.54,67.09,79.88
2024-01-25 11:00:00,37.51,53.36,72.82
2024-01-25 11:15:00,33.75,39.23,93.47
2024-01-25 11:30:00,33.26,42.21,82.91
2024-01-25 11:45:00,33.11,55.92,84.42
2024-01-25 12:00:00,29.81,40.91,93.35
2024-01-25 12:15:00,30.99,64.61,97.29
2024-01-25 12:30:00,24.07,53.06,84.07
2024-01-25 12:45:00,20.0,62.78,91.84
2024-01-25 13:00:00,30.75,62.33,92.8
2024-01-25 13:15:00,31.62,65.8,75.26
2024-01-25 13:30:00,36.05,67.49,74.81
2024-01-25 13:45:00,37.86,54.84,66.53
2024-01-25 14:00:00,37.85,62.76,82.62
2024-01-25 14:15:00,25.01,63.54,72.93
2024-01-25 14:30:00,28.24,30.0,81.06
2024-01-25 14:45:00,32.4,69.7,92.48
2024-01-25 15:00:00,42.66,62.25,80.74
2024-01-25 15:15:00,37.4,68.46,86.93
2024-01-25 15:30:00,35.6,40.7,83.87
2024-01-25 15:45:00,28.06,55.26,84.9
2024-01-25 16:00:00,25.58,43.63,88.6
2024-01-25 16:15:00,33.94,71.17,98.69
2024-01-25 16:30:00,24.5,38.92,100.0
2024-01-25 16:45:00,28.81,46.07,74.11
2024-01-25 17:00:00,29.43,68.01,85.2
2024-01-25 17:15:00,37.96,50.56,86.77
2024-01-25 17:30:00,28.23,46.07,85.18
2024-01-25 17:45:00,20.0,73.6,87.32
2024-01-25 18:00:00,32.52,74.22,82.18
2024-01-25 18:15:00,26.5,70.83,95.63
2024-01-25 18:30:00,30.21,72.73,88.29
2024-01-25 18:45:00,29.57,56.53,87.29
2024-01-25 19:00:00,28.63,56.93,98.26
2024-01-25 19:15:00,33.95,50.28,87.91
2024-01-25 19:30:00,22.34,62.52,74.84
2024-01-25 19:45:00,27.41,52.08,89.49
2024-01-25 20:00:00,33.42,53.5,68.47
2024-01-25 20:15:00,26.93,69.0,74.75
2024-01-25 20:30:00,21.96,77.77,90.22
2024-01-25 20:45:00,33.34,65.97,76.49
2024-01-25 21:00:00,35.62,86.91,84.25
2024-01-25 21:15:00,29.78,49.42,96.86
2024-01-25 21:30:00,20.2,32.43,77.58
2024-01-25 21:45:00,33.53,70.72,67.69
2024-01-25 22:00:00,21.7,48.42,77.8
2024-01-25 22:15:00,31.54,55.89,80.82
2024-01-25 22:30:00,25.56,33.45,85.3
2024-01-25 22:45:00,24.2,46.51,70.96
2024-01-25 23:00:00,27.79,37.47,91.01
2024-01-25 23:15:00,29.08,53.49,76.06
2024-01-25 23:30:00,26.78,54.08,85.7
2024-01-25 23:45:00,32.94,61.35,90.0
2024-01-26 00:00:00,27.77,78.6,80.89
2024-01-26 00:15:00,34.9,70.15,92.18
2024-01-26 00:30:00,31.41,35.67,81.7
2024-01-26 00:45:00,26.51,69.12,84.31
2024-01-26 01:00:00,25.67,61.68,68.11
2024-01-26 01:15:00,21.76,58.53,82.46
2024-01-26 01:30:00,31.45,59.66,74.6
2024-01-26 01:45:00,28.23,63.07,81.05
2024-01-26 02:00:00,20.0,49.62,77.99
2024-01-26 02:15:00,27.32,57.26,76.31
2024-01-26 02:30:00,25.49,77.76,68.38
2024-01-26 02:45:00,37.88,49.44,77.95
2024-01-26 03:00:00,21.49,44.55,90.37
2024-01-26 03:15:00,22.79,59.07,82.7
2024-01-26 03:30:00,35.55,43.04,81.51
2024-01-26 03:45:00,36.78,34.16,77.23
2024-01-26 04:00:00,26.28,54.83,84.78
2024-01-26 04:15:00,26.84,81.73,77.11
2024-01-26 04:30:00,33.08,59.42,86.59
2024-01-26 04:45:00,20.0,62.68,77.29
2024-01-26 05:00:00,20.69,30.0,67.14
2024-01-26 05:15:00,28.6,66.57,97.35
2024-01-26 05:30:00,37.75,61.4,93.83
2024-01-26 05:45:00,27.82,50.03,68.26
2024-01-26 06:00:00,30.5,62.7,92.45
2024-01-26 06:15:00,35.67,62.55,74.75
2024-01-26 06:30:00,40.53,44.11,74.67
2024-01-26 06:45:00,27.12,64.98,84.19
2024-01-26 07:00:00,29.92,77.96,91.71
2024-01-26 07:15:00,39.11,56.58,73.88
2024-01-26 07:30:00,22.39,46.99,88.8
2024-01-26 07:45:00,35.14,57.34,81.36
2024-01-26 08:00:00,24.91,72.82,74.34
2024-01-26 08:15:00,30.51,41.61,79.81
2024-01-26 08:30:00,28.79,68.68,74.96
2024-01-26 08:45:00,25.21,49.83,87.78
2024-01-26 09:00:00,25.08,63.63,79.56
2024-01-26 09:15:00,31.38,51.54,78.88
2024-01-26 09:30:00,34.98,51.49,72.56
2024-01-26 09:45:00,29.35,82.85,90.25
2024-01-26 10:00:00,30.35,38.86,89.68
2024-01-26 10:15:00,32.86,67.28,84.85
2024-01-26 10:30:00,25.14,85.97,84.38
2024-01-26 10:45:00,33.7,70.28,85.02
2024-01-26 11:00:00,34.1,40.03,81.42
2024-01-26 11:15:00,43.02,40.78,74.11
2024-01-26 11:30:00,28.12,48.73,78.46
2024-01-26 11:45:00,27.71,62.37,76.39
2024-01-26 12:00:00,33.84,63.39,68.55
2024-01-26 12:15:00,34.1,40.92,71.17
2024-01-26 12:30:00,27.32,46.91,68.72
2024-01-26 12:45:00,27.98,47.83,94.7
2024-01-26 13:00:00,32.71,57.29,74.66
2024-01-26 13:15:00,25.86,89.77,87.96
2024-01-26 13:30:00,27.95,46.0,82.34
2024-01-26 13:45:00,30.45,45.35,74.89
2024-01-26 14:00:00,34.98,43.0,95.1
2024-01-26 14:15:00,26.98,69.53,93.69
2024-01-26 14:30:00,20.79,59.38,78.69
2024-01-26 14:45:00,20.42,46.56,88.48
2024-01-26 15:00:00,23.7,54.56,93.78
2024-01-26 15:15:00,23.43,48.13,100.0
2024-01-26 15:30:00,29.23,64.44,81.84
2024-01-26 15:45:00,24.06,90.0,71.64
2024-01-26 16:00:00,26.49,68.26,95.48
2024-01-26 16:15:00,26.13,58.61,77.47
2024-01-26 16:30:00,27.8,50.03,67.85
2024-01-26 16:45:00,36.61,39.85,94.53
2024-01-26 17:00:00,33.31,71.01,85.31
2024-01-26 17:15:00,30.08,70.19,69.67
2024-01-26 17:30:00,27.69,53.01,76.0
2024-01-26 17:45:00,27.83,78.2,70.97
2024-01-26 18:00:00,31.64,60.32,77.28
2024-01-26 18:15:00,32.92,71.62,85.4
2024-01-26 18:30:00,25.46,64.44,86.57
2024-01-26 18:45:00,30.18,57.34,71.52
2024-01-26 19:00:00,20.0,45.68,71.74
2024-01-26 19:15:00,31.06,57.82,83.57
2024-01-26 19:30:00,33.81,72.63,71.57
2024-01-26 19:45:00,28.6,52.38,78.1
2024-01-26 20:00:00,39.08,66.6,93.27
2024-01-26 20:15:00,25.59,43.76,79.87
2024-01-26 20:30:00,31.09,71.7,91.09
2024-01-26 20:45:00,29.82,64.69,85.35
2024-01-26 21:00:00,29.5,41.97,79.3
2024-01-26 21:15:00,29.43,56.64,86.27
2024-01-26 21:30:00,30.54,73.97,68.35
2024-01-26 21:45:00,34.24,41.11,65.32
2024-01-26 22:00:00,36.89,43.94,94.27
2024-01-26 22:15:00,29.99,58.96,81.26
2024-01-26 22:30:00,34.08,90.0,79.77
2024-01-26 22:45:00,26.49,49.91,81.45
2024-01-26 23:00:00,33.83,67.43,94.75
2024-01-26 23:15:00,26.19,63.9,100.0
2024-01-26 23:30:00,35.45,51.16,67.91
2024-01-26 23:45:00,41.05,62.42,74.12
2024-01-27 00:00:00,29.39,53.28,80.67
2024-01-27 00:15:00,20.0,54.63,75.28
2024-01-27 00:30:00,27.26,35.08,79.5
2024-01-27 00:45:00,36.16,59.63,78.34
2024-01-27 01:00:00,32.77,73.49,83.95
2024-01-27 01:15:00,31.24,60.86,66.35
2024-01-27 01:30:00,35.04,76.36,88.77
2024-01-27 01:45:00,32.42,68.7,81.45
2024-01-27 02:00:00,36.09,59.11,62.55
2024-01-27 02:15:00,34.6,50.58,90.52
2024-01-27 02:30:00,37.61,52.71,74.71
2024-01-27 02:45:00,31.79,37.94,84.7
2024-01-27 03:00:00,34.53,55.99,95.9
2024-01-27 03:15:00,28.46,62.19,70.49
2024-01-27 03:30:00,26.99,85.73,84.9
2024-01-27 03:45:00,38.53,67.92,72.61
2024-01-27 04:00:00,31.08,47.03,77.29
2024-01-27 04:15:00,34.02,38.41,97.61
2024-01-27 04:30:00,30.62,56.9,90.07
2024-01-27 04:45:00,27.07,72.18,72.54
2024-01-27 05:00:00,30.05,56.69,86.66
2024-01-27 05:15:00,37.18,68.13,90.32
2024-01-27 05:30:00,32.78,57.28,72.66
2024-01-27 05:45:00,21.44,70.76,71.13
2024-01-27 06:00:00,28.92,36.04,83.35
2024-01-27 06:15:00,38.91,84.06,83.7
2024-01-27 06:30:00,28.93,43.31,68.95
2024-01-27 06:45:00,21.0,71.91,80.97
2024-01-27 07:00:00,39.47,55.92,70.17
2024-01-27 07:15:00,33.41,58.26,81.55
2024-01-27 07:30:00,29.65,56.38,86.87
2024-01-27 07:45:00,28.14,63.83,74.69
2024-01-27 08:00:00,35.41,66.86,89.54
2024-01-27 08:15:00,27.29,75.88,76.26
2024-01-27 08:30:00,35.74,81.12,83.52
2024-01-27 08:45:00,32.71,64.98,96.2
2024-01-27 09:00:00,31.22,85.71,77.78
2024-01-27 09:15:00,30.73,61.39,66.79
2024-01-27 09:30:00,29.13,76.16,76.82
2024-01-27 09:45:00,35.23,66.43,85.11
2024-01-27 10:00:00,25.67,51.76,87.27
2024-01-27 10:15:00,21.89,62.72,76.58
2024-01-27 10:30:00,33.07,67.55,96.93
2024-01-27 10:45:00,33.16,59.52,89.76
2024-01-27 11:00:00,32.4,66.19,72.04
2024-01-27 11:15:00,32.04,72.98,79.8
2024-01-27 11:30:00,28.4,59.65,72.51
2024-01-27 11:45:00,33.94,30.0,65.93
2024-01-27 12:00:00,29.77,85.17,89.98
2024-01-27 12:15:00,27.56,55.54,77.49
2024-01-27 12:30:00,28.44,47.65,69.26
2024-01-27 12:45:00,40.1,43.14,78.2
2024-01-27 13:00:00,21.33,54.95,80.42
2024-01-27 13:15:00,32.5,51.56,81.82
2024-01-27 13:30:00,21.6,48.94,75.11
2024-01-27 13:45:00,29.46,49.77,88.9
2024-01-27 14:00:00,27.83,67.95,82.77
2024-01-27 14:15:00,20.0,90.0,97.12
2024-01-27 14:30:00,31.95,72.31,81.0
2024-01-27 14:45:00,28.1,76.84,73.57
2024-01-27 15:00:00,20.0,54.34,98.24
2024-01-27 15:15:00,34.2,61.57,75.99
2024-01-27 15:30:00,37.18,66.4,75.71
2024-01-27 15:45:00,37.45,50.11,97.01
2024-01-27 16:00:00,31.79,53.61,92.08
2024-01-27 16:15:00,30.23,72.82,91.16
2024-01-27 16:30:00,36.64,76.35,78.44
2024-01-27 16:45:00,38.41,61.01,90.51
2024-01-27 17:00:00,35.67,42.07,78.15
2024-01-27 17:15:00,25.29,55.57,80.91
2024-01-27 17:30:00,31.01,38.38,81.66
2024-01-27 17:45:00,32.2,61.13,84.37
2024-01-27 18:00:00,20.95,63.83,77.47
2024-01-27 18:15:00,32.35,55.94,89.67
2024-01-27 18:30:00,41.36,63.63,94.07
2024-01-27 18:45:00,33.2,66.25,93.81
2024-01-27 19:00:00,37.37,63.85,68.34
2024-01-27 19:15:00,30.91,41.98,87.07
2024-01-27 19:30:00,29.63,56.2,80.97
2024-01-27 19:45:00,31.91,66.15,87.87
2024-01-27 20:00:00,25.92,83.68,75.07
2024-01-27 20:15:00,25.18,55.92,85.63
2024-01-27 20:30:00,36.33,68.26,90.93
2024-01-27 20:45:00,36.86,73.17,93.81
2024-01-27 21:00:00,25.04,57.05,82.37
2024-01-27 21:15:00,34.84,77.23,75.7
2024-01-27 21:30:00,29.57,78.03,80.9
2024-01-27 21:45:00,31.7,80.71,87.99
2024-01-27 22:00:00,32.3,66.88,92.26
2024-01-27 22:15:00,34.97,90.0,89.82
2024-01-27 22:30:00,30.41,50.77,82.6
2024-01-27 22:45:00,37.05,90.0,80.18
2024-01-27 23:00:00,31.55,71.52,75.77
2024-01-27 23:15:00,33.12,80.11,78.45
2024-01-27 23:30:00,25.83,55.2,71.5
2024-01-27 23:45:00,40.79,72.67,70.66
2024-01-28 00:00:00,32.35,81.4,64.62
2024-01-28 00:15:00,33.56,43.69,80.28
2024-01-28 00:30:00,21.96,57.55,91.02
2024-01-28 00:45:00,25.89,30.0,91.81
2024-01-28 01:00:00,36.19,57.33,95.16
2024-01-28 01:15:00,31.43,47.76,75.91
2024-01-28 01:30:00,20.43,56.73,92.83
2024-01-28 01:45:00,35.19,90.0,87.07
2024-01-28 02:00:00,27.28,85.77,66.87
2024-01-28 02:15:00,37.06,38.41,87.05
2024-01-28 02:30:00,29.56,68.34,73.1
2024-01-28 02:45:00,31.02,71.98,86.45
2024-01-28 03:00:00,35.89,54.93,92.5
2024-01-28 03:15:00,25.51,62.67,76.83
2024-01-28 03:30:00,25.04,64.14,78.26
2024-01-28 03:45:00,29.02,39.8,73.59
2024-01-28 04:00:00,34.14,44.53,82.04
2024-01-28 04:15:00,23.35,62.58,87.63
2024-01-28 04:30:00,21.66,61.49,96.41
2024-01-28 04:45:00,34.12,49.37,87.29
2024-01-28 05:00:00,26.99,48.08,69.72
2024-01-28 05:15:00,28.04,58.65,74.4
2024-01-28 05:30:00,20.72,73.29,75.44
2024-01-28 05:45:00,26.61,58.85,74.31
2024-01-28 06:00:00,29.96,84.34,69.99
2024-01-28 06:15:00,34.65,49.56,67.47
2024-01-28 06:30:00,26.14,62.9,83.98
2024-01-28 06:45:00,38.29,54.69,78.06
2024-01-28 07:00:00,26.58,68.82,86.61
2024-01-28 07:15:00,26.58,48.28,75.24
2024-01-28 07:30:00,37.69,88.91,71.47
2024-01-28 07:45:00,31.06,34.64,96.42
2024-01-28 08:00:00,27.24,85.73,84.8
2024-01-28 08:15:00,29.22,61.35,73.51
2024-01-28 08:30:00,36.77,68.29,83.85
2024-01-28 08:45:00,37.33,80.02,73.78
2024-01-28 09:00:00,25.92,72.86,99.25
2024-01-28 09:15:00,29.79,49.05,85.6
2024-01-28 09:30:00,30.45,69.0,76.97
2024-01-28 09:45:00,25.07,88.01,85.48
2024-01-28 10:00:00,29.72,46.69,87.62
2024-01-28 10:15:00,30.03,90.0,77.75
2024-01-28 10:30:00,35.7,65.79,75.69
2024-01-28 10:45:00,36.04,53.5,77.86
2024-01-28 11:00:00,28.35,46.6,73.88
2024-01-28 11:15:00,28.93,56.65,89.94
2024-01-28 11:30:00,33.32,30.67,88.68
2024-01-28 11:45:00,27.07,53.77,94.14
2024-01-28 12:00:00,32.94,56.06,82.97
2024-01-28 12:15:00,29.56,43.88,95.68
2024-01-28 12:30:00,25.15,71.22,81.15
2024-01-28 12:45:00,25.22,56.72,79.04
2024-01-28 13:00:00,37.24,50.46,78.85
2024-01-28 13:15:00,29.22,55.12,78.49
2024-01-28 13:30:00,38.2,65.33,80.19
2024-01-28 13:45:00,27.43,61.1,67.22
2024-01-28 14:00:00,31.46,49.49,94.19
2024-01-28 14:15:00,41.96,61.88,78.1
2024-01-28 14:30:00,24.71,59.24,84.41
2024-01-28 14:45:00,20.51,42.91,80.47
2024-01-28 15:00:00,36.43,55.67,97.37
2024-01-28 15:15:00,25.87,68.69,74.29
2024-01-28 15:30:00,29.9,68.58,84.24
2024-01-28 15:45:00,27.07,56.55,95.19
2024-01-28 16:00:00,31.34,70.15,84.99
2024-01-28 16:15:00,25.25,45.3,80.73
2024-01-28 16:30:00,29.1,45.77,70.05
2024-01-28 16:45:00,32.25,56.23,92.16
2024-01-28 17:00:00,24.96,82.46,89.83
2024-01-28 17:15:00,26.5,62.45,95.72
2024-01-28 17:30:00,28.26,55.87,84.22
2024-01-28 17:45:00,22.86,83.16,99.7
2024-01-28 18:00:00,27.89,55.7,72.37
2024-01-28 18:15:00,30.59,90.0,86.09
2024-01-28 18:30:00,28.0,52.33,78.94
2024-01-28 18:45:00,28.64,44.82,78.95
2024-01-28 19:00:00,29.9,57.5,66.76
2024-01-28 19:15:00,26.72,56.26,85.27
2024-01-28 19:30:00,33.46,47.88,69.0
2024-01-28 19:45:00,37.18,90.0,90.93
2024-01-28 20:00:00,27.68,64.78,78.01
2024-01-28 20:15:00,32.43,66.96,81.0
2024-01-28 20:30:00,28.8,53.07,79.81
2024-01-28 20:45:00,31.83,51.33,92.38
2024-01-28 21:00:00,37.83,75.38,70.09
2024-01-28 21:15:00,32.54,34.86,90.08
2024-01-28 21:30:00,21.13,42.86,80.5
2024-01-28 21:45:00,32.27,56.29,93.8
2024-01-28 22:00:00,36.16,80.27,92.04
2024-01-28 22:15:00,28.89,54.38,76.19
2024-01-28 22:30:00,34.98,66.24,83.36
2024-01-28 22:45:00,26.55,60.42,95.99
2024-01-28 23:00:00,22.57,79.44,77.05
2024-01-28 23:15:00,30.71,36.23,75.13
2024-01-28 23:30:00,21.22,71.04,100.0
2024-01-28 23:45:00,28.8,57.02,91.81
2024-01-29 00:00:00,36.43,73.87,87.52
2024-01-29 00:15:00,20.45,47.71,69.46
2024-01-29 00:30:00,23.6,60.37,83.84
2024-01-29 00:45:00,24.84,58.46,89.22
2024-01-29 01:00:00,29.68,44.96,83.73
2024-01-29 01:15:00,28.17,40.79,75.56
2024-01-29 01:30:00,37.0,51.29,80.22
2024-01-29 01:45:00,34.77,61.95,91.85
2024-01-29 02:00:00,32.48,48.65,79.96
2024-01-29 02:15:00,30.73,55.05,91.43
2024-01-29 02:30:00,31.97,31.71,87.21
2024-01-29 02:45:00,25.69,54.44,77.54
2024-01-29 03:00:00,34.29,75.35,80.07
2024-01-29 03:15:00,24.44,70.58,86.07
2024-01-29 03:30:00,34.18,58.7,60.97
2024-01-29 03:45:00,35.93,63.65,78.15
2024-01-29 04:00:00,31.05,47.58,73.54
2024-01-29 04:15:00,29.12,84.37,73.67
2024-01-29 04:30:00,32.0,90.0,98.08
2024-01-29 04:45:00,20.0,62.47,83.12
2024-01-29 05:00:00,31.51,90.0,83.94
2024-01-29 05:15:00,29.43,49.8,90.46
2024-01-29 05:30:00,29.75,41.23,78.62
2024-01-29 05:45:00,33.53,49.36,90.43
2024-01-29 06:00:00,29.63,56.71,98.97
2024-01-29 06:15:00,24.3,90.0,85.14
2024-01-29 06:30:00,29.29,55.78,78.37
2024-01-29 06:45:00,30.34,47.11,89.7
2024-01-29 07:00:00,30.57,46.52,94.32
2024-01-29 07:15:00,30.81,77.1,90.26
2024-01-29 07:30:00,35.2,74.96,75.15
2024-01-29 07:45:00,24.57,52.72,87.48
2024-01-29 08:00:00,30.88,31.86,75.33
2024-01-29 08:15:00,36.45,43.07,78.01
2024-01-29 08:30:00,21.33,85.82,81.63
2024-01-29 08:45:00,30.9,70.33,91.31
2024-01-29 09:00:00,27.07,60.98,81.77
2024-01-29 09:15:00,28.15,88.03,95.83
2024-01-29 09:30:00,25.48,89.37,100.0
2024-01-29 09:45:00,29.15,59.46,75.08
2024-01-29 10:00:00,39.21,59.74,74.47
2024-01-29 10:15:00,23.68,51.27,95.01
2024-01-29 10:30:00,24.15,55.73,75.12
2024-01-29 10:45:00,23.49,37.71,82.96
2024-01-29 11:00:00,38.64,37.64,65.06
2024-01-29 11:15:00,27.69,34.16,75.92
2024-01-29 11:30:00,29.87,76.27,68.62
2024-01-29 11:45:00,27.99,36.58,75.76
2024-01-29 12:00:00,25.28,89.25,89.74
2024-01-29 12:15:00,28.82,49.04,72.89
2024-01-29 12:30:00,42.29,86.06,80.0
2024-01-29 12:45:00,36.96,54.52,81.9
2024-01-29 13:00:00,25.74,36.51,98.16
2024-01-29 13:15:00,33.24,79.26,76.88
2024-01-29 13:30:00,25.84,81.03,87.09
2024-01-29 13:45:00,21.12,46.41,73.1
2024-01-29 14:00:00,35.1,55.03,89.23
2024-01-29 14:15:00,35.8,46.41,83.62
2024-01-29 14:30:00,35.23,58.19,90.56
2024-01-29 14:45:00,27.65,61.62,77.05
2024-01-29 15:00:00,29.17,54.73,95.44
2024-01-29 15:15:00,33.75,32.72,64.24
2024-01-29 15:30:00,31.96,51.29,92.75
2024-01-29 15:45:00,28.03,70.55,91.22
2024-01-29 16:00:00,21.9,56.87,84.72
2024-01-29 16:15:00,30.57,55.09,100.0
2024-01-29 16:30:00,35.4,46.04,94.16
2024-01-29 16:45:00,24.01,50.85,88.52
2024-01-29 17:00:00,33.19,81.13,89.93
2024-01-29 17:15:00,31.66,42.9,85.06
2024-01-29 17:30:00,33.75,70.81,68.36
2024-01-29 17:45:00,34.36,60.71,100.0
2024-01-29 18:00:00,26.53,63.67,73.61
2024-01-29 18:15:00,21.92,49.01,76.1
2024-01-29 18:30:00,27.33,54.72,66.03
2024-01-29 18:45:00,34.45,59.91,90.72
2024-01-29 19:00:00,27.29,52.19,74.74
2024-01-29 19:15:00,26.53,64.97,88.14
2024-01-29 19:30:00,20.89,66.86,100.0
2024-01-29 19:45:00,38.76,90.0,89.94
2024-01-29 20:00:00,34.13,64.17,90.98
2024-01-29 20:15:00,33.85,31.32,86.28
2024-01-29 20:30:00,34.84,77.45,85.18
2024-01-29 20:45:00,32.88,56.94,75.77
2024-01-29 21:00:00,28.78,90.0,64.1
2024-01-29 21:15:00,29.18,82.06,57.77
2024-01-29 21:30:00,27.86,52.42,82.57
2024-01-29 21:45:00,43.17,70.83,87.91
2024-01-29 22:00:00,32.78,51.09,81.18
2024-01-29 22:15:00,27.68,60.04,97.81
2024-01-29 22:30:00,32.33,70.14,74.89
2024-01-29 22:45:00,24.95,76.7,98.19
2024-01-29 23:00:00,37.52,73.43,90.95
2024-01-29 23:15:00,26.69,61.12,90.35
2024-01-29 23:30:00,32.51,90.0,82.94
2024-01-29 23:45:00,35.33,54.52,73.47
2024-01-30 00:00:00,31.92,35.89,83.71
2024-01-30 00:15:00,30.47,38.78,94.47
2024-01-30 00:30:00,30.05,82.11,88.9
2024-01-30 00:45:00,29.72,58.85,73.69
2024-01-30 01:00:00,27.12,62.39,81.15
2024-01-30 01:15:00,27.75,51.86,73.7
2024-01-30 01:30:00,37.4,53.21,85.56
2024-01-30 01:45:00,29.46,48.19,91.4
2024-01-30 02:00:00,26.07,67.07,70.82
2024-01-30 02:15:00,27.42,58.54,79.54
2024-01-30 02:30:00,35.5,66.53,69.25
2024-01-30 02:45:00,33.38,65.09,66.27
2024-01-30 03:00:00,32.8,53.61,82.87
2024-01-30 03:15:00,28.71,38.12,72.81
2024-01-30 03:30:00,32.87,36.81,83.21
2024-01-30 03:45:00,26.78,90.0,91.31
2024-01-30 04:00:00,28.7,82.17,85.1
2024-01-30 04:15:00,34.85,80.1,76.04
2024-01-30 04:30:00,34.37,49.88,77.27
2024-01-30 04:45:00,25.09,60.14,98.16
2024-01-30 05:00:00,25.72,47.77,80.1
2024-01-30 05:15:00,30.54,40.32,73.15
2024-01-30 05:30:00,38.63,51.17,90.18
2024-01-30 05:45:00,20.42,79.89,91.11
2024-01-30 06:00:00,31.39,72.61,80.96
2024-01-30 06:15:00,23.12,45.45,91.85
2024-01-30 06:30:00,26.83,55.28,77.67
2024-01-30 06:45:00,28.18,71.24,67.91
2024-01-30 07:00:00,27.9,51.44,72.06
2024-01-30 07:15:00,27.33,61.19,86.21
2024-01-30 07:30:00,30.04,66.03,86.75
2024-01-30 07:45:00,27.32,65.86,85.36
2024-01-30 08:00:00,22.69,63.81,98.59
2024-01-30 08:15:00,33.9,50.19,78.49
2024-01-30 08:30:00,33.76,51.74,71.88
2024-01-30 08:45:00,34.22,43.0,91.09
2024-01-30 09:00:00,22.3,36.58,79.49
2024-01-30 09:15:00,31.49,58.28,77.31
2024-01-30 09:30:00,33.38,72.24,92.95
2024-01-30 09:45:00,24.84,39.3,77.86
2024-01-30 10:00:00,30.05,64.09,82.4
2024-01-30 10:15:00,29.42,71.77,93.69
2024-01-30 10:30:00,39.21,32.45,60.11
2024-01-30 10:45:00,39.62,55.94,74.41
2024-01-30 11:00:00,21.68,84.69,83.92
2024-01-30 11:15:00,42.47,68.28,76.33
2024-01-30 11:30:00,25.42,31.94,75.68
2024-01-30 11:45:00,34.9,69.88,85.02
2024-01-30 12:00:00,34.85,48.78,77.38
2024-01-30 12:15:00,25.02,70.37,74.66
2024-01-30 12:30:00,32.47,49.65,88.98
2024-01-30 12:45:00,29.46,59.2,69.08
2024-01-30 13:00:00,32.77,51.94,71.03
2024-01-30 13:15:00,31.15,60.05,93.83
2024-01-30 13:30:00,35.98,51.49,72.47
2024-01-30 13:45:00,30.38,56.65,89.69
2024-01-30 14:00:00,29.16,42.37,81.75
2024-01-30 14:15:00,35.48,67.36,79.69
2024-01-30 14:30:00,32.9,62.63,74.14
2024-01-30 14:45:00,33.66,35.75,75.25
2024-01-30 15:00:00,26.68,74.89,94.01
2024-01-30 15:15:00,24.77,57.36,78.28
2024-01-30 15:30:00,27.16,62.43,83.33
2024-01-30 15:45:00,26.9,71.47,96.29
2024-01-30 16:00:00,33.93,64.92,91.12
2024-01-30 16:15:00,34.88,77.48,72.26
2024-01-30 16:30:00,29.22,55.6,96.2
2024-01-30 16:45:00,37.15,75.52,87.23
2024-01-30 17:00:00,36.84,61.84,72.34
2024-01-30 17:15:00,31.22,67.61,92.93
2024-01-30 17:30:00,25.89,66.05,73.55
2024-01-30 17:45:00,37.88,78.61,96.31
2024-01-30 18:00:00,29.69,70.82,72.0
2024-01-30 18:15:00,30.63,53.36,78.28
2024-01-30 18:30:00,28.3,50.38,83.91
2024-01-30 18:45:00,25.55,59.25,70.24
2024-01-30 19:00:00,22.66,48.6,71.25
2024-01-30 19:15:00,33.16,44.22,68.46
2024-01-30 19:30:00,26.08,30.0,95.73
2024-01-30 19:45:00,45.0,36.76,68.63
2024-01-30 20:00:00,24.57,89.78,89.08
2024-01-30 20:15:00,23.71,50.15,85.88
2024-01-30 20:30:00,32.55,88.55,80.57
2024-01-30 20:45:00,37.65,66.05,85.92
2024-01-30 21:00:00,30.32,59.25,81.17
2024-01-30 21:15:00,32.86,37.49,93.93
2024-01-30 21:30:00,20.78,60.07,89.23
2024-01-30 21:45:00,26.61,88.38,93.54
2024-01-30 22:00:00,24.63,83.36,80.7
2024-01-30 22:15:00,20.52,64.11,86.6
2024-01-30 22:30:00,30.58,42.77,96.42
2024-01-30 22:45:00,20.0,45.64,73.43
2024-01-30 23:00:00,23.39,47.21,88.93
2024-01-30 23:15:00,27.31,79.17,69.11
2024-01-30 23:30:00,25.84,84.48,87.22
2024-01-30 23:45:00,31.98,62.94,85.63
2024-01-31 00:00:00,31.53,55.45,86.84
2024-01-31 00:15:00,34.47,83.23,76.93
2024-01-31 00:30:00,33.76,45.32,85.24
2024-01-31 00:45:00,35.7,60.78,74.66
2024-01-31 01:00:00,29.99,66.94,90.11
2024-01-31 01:15:00,31.52,47.06,81.17
2024-01-31 01:30:00,32.56,50.46,70.82
2024-01-31 01:45:00,30.71,49.29,89.51
2024-01-31 02:00:00,28.01,81.25,88.59
2024-01-31 02:15:00,28.34,88.72,87.73
2024-01-31 02:30:00,25.91,61.72,73.56
2024-01-31 02:45:00,32.11,55.98,66.58
2024-01-31 03:00:00,29.53,51.0,91.87
2024-01-31 03:15:00,26.68,60.03,69.52
2024-01-31 03:30:00,26.69,51.75,89.55
2024-01-31 03:45:00,23.95,58.54,75.37
2024-01-31 04:00:00,34.89,66.2,88.6
2024-01-31 04:15:00,30.39,53.92,98.93
2024-01-31 04:30:00,25.69,57.16,81.67
2024-01-31 04:45:00,34.04,57.22,71.89
2024-01-31 05:00:00,27.2,55.24,86.19
2024-01-31 05:15:00,22.97,53.38,72.09
2024-01-31 05:30:00,35.11,71.43,79.33
2024-01-31 05:45:00,27.31,33.44,82.45
2024-01-31 06:00:00,27.96,83.61,78.98
2024-01-31 06:15:00,30.21,62.03,87.27
2024-01-31 06:30:00,35.71,69.15,79.88
2024-01-31 06:45:00,30.1,70.88,76.9
2024-01-31 07:00:00,24.0,49.38,79.28
2024-01-31 07:15:00,32.72,46.28,89.16
2024-01-31 07:30:00,27.58,44.52,66.67
2024-01-31 07:45:00,39.44,56.29,93.47
2024-01-31 08:00:00,29.99,70.49,76.08
2024-01-31 08:15:00,20.0,51.24,75.46
2024-01-31 08:30:00,31.79,69.12,93.38
2024-01-31 08:45:00,39.72,30.0,77.75
2024-01-31 09:00:00,37.88,54.22,94.63
2024-01-31 09:15:00,39.15,77.51,95.72
2024-01-31 09:30:00,24.9,57.44,87.05
2024-01-31 09:45:00,34.56,47.56,88.68
2024-01-31 10:00:00,26.39,50.15,84.33
2024-01-31 10:15:00,31.12,30.0,89.68
2024-01-31 10:30:00,23.64,44.82,90.53
2024-01-31 10:45:00,26.78,75.86,76.97
2024-01-31 11:00:00,26.62,51.26,71.3
2024-01-31 11:15:00,34.49,53.03,84.85
2024-01-31 11:30:00,34.0,30.0,74.24
2024-01-31 11:45:00,31.38,35.54,83.59
2024-01-31 12:00:00,23.25,77.85,74.23
2024-01-31 12:15:00,28.44,69.26,75.34
2024-01-31 12:30:00,26.27,40.54,80.94
2024-01-31 12:45:00,34.35,50.54,90.22
2024-01-31 13:00:00,35.89,59.56,96.81
2024-01-31 13:15:00,35.28,42.06,74.0
2024-01-31 13:30:00,26.22,30.0,70.81
2024-01-31 13:45:00,20.0,57.61,79.9
2024-01-31 14:00:00,21.17,68.59,85.8
2024-01-31 14:15:00,37.11,68.88,78.22
2024-01-31 14:30:00,27.99,73.13,88.14
2024-01-31 14:45:00,26.25,36.7,74.58
2024-01-31 15:00:00,38.21,60.87,94.77
2024-01-31 15:15:00,36.33,55.97,82.65
2024-01-31 15:30:00,30.12,58.69,87.96
2024-01-31 15:45:00,28.53,56.82,78.82
2024-01-31 16:00:00,29.34,50.09,80.24
2024-01-31 16:15:00,31.14,30.0,77.58
2024-01-31 16:30:00,38.0,77.43,76.45
2024-01-31 16:45:00,32.11,64.95,92.61
2024-01-31 17:00:00,33.63,37.74,86.53
2024-01-31 17:15:00,35.85,67.1,78.82
2024-01-31 17:30:00,24.15,53.29,100.0
2024-01-31 17:45:00,33.77,53.72,78.45
2024-01-31 18:00:00,28.53,48.47,68.9
2024-01-31 18:15:00,20.0,68.05,72.43
2024-01-31 18:30:00,20.0,48.0,70.99
2024-01-31 18:45:00,24.91,43.55,80.57
2024-01-31 19:00:00,32.66,76.98,83.26
2024-01-31 19:15:00,30.57,57.32,82.18
2024-01-31 19:30:00,30.92,57.79,86.92
2024-01-31 19:45:00,39.75,70.39,78.21
2024-01-31 20:00:00,23.65,49.99,68.41
2024-01-31 20:15:00,29.86,52.98,86.19
2024-01-31 20:30:00,31.52,64.59,73.02
2024-01-31 20:45:00,26.32,36.88,82.5
2024-01-31 21:00:00,30.14,63.32,81.04
2024-01-31 21:15:00,22.0,48.66,89.31
2024-01-31 21:30:00,37.05,72.83,81.85
2024-01-31 21:45:00,26.59,68.2,100.0
2024-01-31 22:00:00,40.16,66.22,81.24
2024-01-31 22:15:00,29.84,35.9,97.27
2024-01-31 22:30:00,35.14,58.45,71.21
2024-01-31 22:45:00,29.73,42.34,89.98
2024-01-31 23:00:00,29.85,59.45,79.73
2024-01-31 23:15:00,27.08,30.0,95.38
2024-01-31 23:30:00,30.6,36.89,79.6
2024-01-31 23:45:00,31.59,77.84,92.77
2024-02-01 00:00:00,26.08,65.54,91.87
2024-02-01 00:15:00,29.37,54.69,94.14
2024-02-01 00:30:00,26.95,46.37,84.07
2024-02-01 00:45:00,41.5,43.74,82.83
2024-02-01 01:00:00,29.55,63.0,98.42
2024-02-01 01:15:00,37.73,54.85,90.98
2024-02-01 01:30:00,29.02,83.2,77.09
2024-02-01 01:45:00,31.3,57.23,71.24
2024-02-01 02:00:00,23.39,60.88,71.64
2024-02-01 02:15:00,27.76,39.17,83.93
2024-02-01 02:30:00,31.05,54.59,79.95
2024-02-01 02:45:00,37.93,62.65,92.08
2024-02-01 03:00:00,31.11,54.41,74.16
2024-02-01 03:15:00,36.92,52.72,91.58
2024-02-01 03:30:00,33.2,64.9,83.52
2024-02-01 03:45:00,38.14,82.72,70.72
2024-02-01 04:00:00,29.7,62.17,84.49
2024-02-01 04:15:00,41.95,77.16,78.63
2024-02-01 04:30:00,27.57,69.32,74.6
2024-02-01 04:45:00,26.17,76.27,82.15
2024-02-01 05:00:00,23.95,50.85,80.91
2024-02-01 05:15:00,41.66,56.9,72.78
2024-02-01 05:30:00,34.1,56.96,97.02
2024-02-01 05:45:00,28.33,68.19,83.18
2024-02-01 06:00:00,36.25,71.89,70.23
2024-02-01 06:15:00,33.44,61.88,96.08
2024-02-01 06:30:00,39.83,73.15,65.45
2024-02-01 06:45:00,22.26,51.55,71.77
2024-02-01 07:00:00,28.67,73.28,80.71
2024-02-01 07:15:00,27.69,75.24,77.65
2024-02-01 07:30:00,20.13,70.16,87.42
2024-02-01 07:45:00,35.3,62.01,91.31
2024-02-01 08:00:00,28.65,70.7,80.35
2024-02-01 08:15:00,33.7,46.59,82.73
2024-02-01 08:30:00,41.8,62.98,67.47
2024-02-01 08:45:00,28.23,64.51,72.33
2024-02-01 09:00:00,27.89,40.06,87.15
2024-02-01 09:15:00,30.59,67.12,94.35
2024-02-01 09:30:00,34.94,41.27,96.09
2024-02-01 09:45:00,27.17,53.58,72.21
2024-02-01 10:00:00,26.85,60.6,82.55
2024-02-01 10:15:00,35.29,49.04,83.24
2024-02-01 10:30:00,31.89,61.24,87.12
2024-02-01 10:45:00,20.0,61.0,89.06
2024-02-01 11:00:00,23.87,47.7,78.82
2024-02-01 11:15:00,37.51,68.52,62.25
2024-02-01 11:30:00,32.01,48.54,81.58
2024-02-01 11:45:00,26.19,90.0,69.76
2024-02-01 12:00:00,29.15,58.36,73.46
2024-02-01 12:15:00,30.07,42.43,71.22
2024-02-01 12:30:00,33.68,45.23,80.47
2024-02-01 12:45:00,23.21,77.21,87.05
2024-02-01 13:00:00,25.8,53.86,83.2
2024-02-01 13:15:00,31.36,39.54,85.45
2024-02-01 13:30:00,29.5,72.81,80.37
2024-02-01 13:45:00,32.86,53.77,76.39
2024-02-01 14:00:00,23.85,69.8,91.03
2024-02-01 14:15:00,31.79,74.03,85.31
2024-02-01 14:30:00,35.46,64.12,89.11
2024-02-01 14:45:00,32.43,90.0,79.13
2024-02-01 15:00:00,30.7,34.13,83.22
2024-02-01 15:15:00,29.52,47.73,80.01
2024-02-01 15:30:00,25.83,56.16,84.75
2024-02-01 15:45:00,29.64,90.0,86.14
2024-02-01 16:00:00,36.3,86.97,83.32
2024-02-01 16:15:00,29.4,79.33,94.25
2024-02-01 16:30:00,25.55,48.09,91.18
2024-02-01 16:45:00,27.54,49.84,94.49
2024-02-01 17:00:00,31.0,47.57,68.16
2024-02-01 17:15:00,28.13,48.25,67.25
2024-02-01 17:30:00,32.43,82.39,94.13
2024-02-01 17:45:00,32.61,56.34,90.37
2024-02-01 18:00:00,34.44,58.33,93.39
2024-02-01 18:15:00,37.12,71.62,80.7
2024-02-01 18:30:00,34.98,35.05,83.26
2024-02-01 18:45:00,25.33,60.79,88.52
2024-02-01 19:00:00,25.48,43.55,96.26
2024-02-01 19:15:00,29.62,55.58,92.11
2024-02-01 19:30:00,27.74,51.2,77.64
2024-02-01 19:45:00,24.31,50.43,92.13
2024-02-01 20:00:00,27.79,63.38,83.25
2024-02-01 20:15:00,27.63,63.32,69.82
2024-02-01 20:30:00,26.64,56.7,73.92
2024-02-01 20:45:00,28.42,65.56,95.31
2024-02-01 21:00:00,35.89,46.97,77.55
2024-02-01 21:15:00,31.0,70.22,77.92
2024-02-01 21:30:00,42.36,56.91,80.73
2024-02-01 21:45:00,30.85,52.75,89.95
2024-02-01 22:00:00,28.55,48.08,84.06
2024-02-01 22:15:00,30.02,56.38,68.14
2024-02-01 22:30:00,31.28,88.06,68.88
2024-02-01 22:45:00,32.18,59.05,78.18
2024-02-01 23:00:00,40.38,42.83,76.83
2024-02-01 23:15:00,25.77,73.78,88.83
2024-02-01 23:30:00,34.3,52.92,75.97
2024-02-01 23:45:00,31.04,64.26,69.6
2024-02-02 00:00:00,22.14,50.92,88.97
2024-02-02 00:15:00,33.85,79.21,73.98
2024-02-02 00:30:00,36.34,51.14,70.07
2024-02-02 00:45:00,25.71,80.97,97.7
2024-02-02 01:00:00,29.96,44.26,70.07
2024-02-02 01:15:00,21.37,55.61,76.62
2024-02-02 01:30:00,23.71,81.0,93.08
2024-02-02 01:45:00,35.24,62.52,89.44
2024-02-02 02:00:00,27.67,90.0,96.91
2024-02-02 02:15:00,24.46,55.96,91.76
2024-02-02 02:30:00,31.15,63.86,62.42
2024-02-02 02:45:00,27.39,88.58,85.79
2024-02-02 03:00:00,27.65,37.29,81.1
2024-02-02 03:15:00,33.7,35.43,69.87
2024-02-02 03:30:00,24.19,48.07,69.98
2024-02-02 03:45:00,25.47,72.2,83.13
2024-02-02 04:00:00,30.77,35.85,60.95
2024-02-02 04:15:00,34.85,68.96,76.94
2024-02-02 04:30:00,36.19,67.9,82.05
2024-02-02 04:45:00,26.67,90.0,85.96
2024-02-02 05:00:00,34.69,75.68,69.33
2024-02-02 05:15:00,26.08,65.46,91.69
2024-02-02 05:30:00,39.13,80.39,76.6
2024-02-02 05:45:00,24.33,68.08,89.16
2024-02-02 06:00:00,36.64,53.1,72.3
2024-02-02 06:15:00,26.72,42.83,87.68
2024-02-02 06:30:00,40.07,51.46,85.58
2024-02-02 06:45:00,32.96,59.4,94.3
2024-02-02 07:00:00,24.92,62.63,77.56
2024-02-02 07:15:00,27.39,30.0,84.67
2024-02-02 07:30:00,33.91,56.71,92.44
2024-02-02 07:45:00,35.26,60.43,74.26
2024-02-02 08:00:00,29.65,68.21,79.2
2024-02-02 08:15:00,30.22,84.4,84.17
2024-02-02 08:30:00,33.79,62.78,93.97
2024-02-02 08:45:00,30.66,46.36,72.88
2024-02-02 09:00:00,23.53,32.73,93.18
2024-02-02 09:15:00,25.94,70.31,90.65
2024-02-02 09:30:00,31.18,46.96,91.36
2024-02-02 09:45:00,36.08,73.0,80.92
2024-02-02 10:00:00,38.08,80.96,77.33
2024-02-02 10:15:00,33.9,36.84,68.01
2024-02-02 10:30:00,31.44,68.31,78.68
2024-02-02 10:45:00,33.74,79.39,84.1
2024-02-02 11:00:00,26.67,75.29,83.72
2024-02-02 11:15:00,29.23,30.0,94.39
2024-02-02 11:30:00,25.88,47.2,90.1
2024-02-02 11:45:00,23.76,40.8,78.22
2024-02-02 12:00:00,31.67,67.85,87.42
2024-02-02 12:15:00,30.93,66.2,90.18
2024-02-02 12:30:00,33.44,30.0,85.9
2024-02-02 12:45:00,32.73,55.49,95.73
2024-02-02 13:00:00,31.21,72.01,73.22
2024-02-02 13:15:00,32.78,62.22,84.21
2024-02-02 13:30:00,29.79,62.19,76.86
2024-02-02 13:45:00,32.06,54.53,88.09
2024-02-02 14:00:00,26.37,44.12,72.84
2024-02-02 14:15:00,31.85,59.74,77.18
2024-02-02 14:30:00,33.34,60.78,75.75
2024-02-02 14:45:00,26.65,69.23,88.61
2024-02-02 15:00:00,30.26,70.45,78.49
2024-02-02 15:15:00,26.88,61.29,97.32
2024-02-02 15:30:00,27.37,76.42,65.56
2024-02-02 15:45:00,24.38,54.38,64.48
2024-02-02 16:00:00,36.33,38.34,74.02
2024-02-02 16:15:00,35.33,67.16,68.55
2024-02-02 16:30:00,32.69,61.9,73.97
2024-02-02 16:45:00,39.86,67.45,90.01
2024-02-02 17:00:00,29.05,41.03,93.51
2024-02-02 17:15:00,45.0,86.86,75.76
2024-02-02 17:30:00,28.86,70.66,79.29
2024-02-02 17:45:00,31.28,55.68,80.79
2024-02-02 18:00:00,28.01,45.97,79.65
2024-02-02 18:15:00,31.86,76.16,81.57
2024-02-02 18:30:00,34.18,43.47,81.7
2024-02-02 18:45:00,29.43,90.0,81.91
2024-02-02 19:00:00,38.88,50.8,74.11
2024-02-02 19:15:00,31.2,85.81,86.05
2024-02-02 19:30:00,31.35,57.23,88.11
2024-02-02 19:45:00,25.46,83.71,64.92
2024-02-02 20:00:00,32.09,48.98,81.84
2024-02-02 20:15:00,29.33,60.28,79.24
2024-02-02 20:30:00,26.96,72.07,80.41
2024-02-02 20:45:00,26.12,69.93,93.92
2024-02-02 21:00:00,43.36,76.51,79.19
2024-02-02 21:15:00,28.68,52.69,78.49
2024-02-02 21:30:00,22.72,61.27,65.48
2024-02-02 21:45:00,26.51,78.73,81.17
2024-02-02 22:00:00,29.74,49.42,99.07
2024-02-02 22:15:00,32.73,68.59,91.68
2024-02-02 22:30:00,32.77,56.71,90.41
2024-02-02 22:45:00,33.38,63.09,76.44
2024-02-02 23:00:00,26.78,61.27,90.2
2024-02-02 23:15:00,31.7,48.18,81.9
2024-02-02 23:30:00,25.62,56.09,82.09
2024-02-02 23:45:00,26.9,62.17,93.12
2024-02-03 00:00:00,25.41,58.46,92.06
2024-02-03 00:15:00,24.06,83.59,89.91
2024-02-03 00:30:00,35.32,75.15,78.56
2024-02-03 00:45:00,33.44,64.35,73.64
2024-02-03 01:00:00,34.88,48.55,79.94
2024-02-03 01:15:00,30.2,47.64,86.55
2024-02-03 01:30:00,33.88,89.61,85.46
2024-02-03 01:45:00,21.19,44.85,88.0
2024-02-03 02:00:00,34.32,61.71,78.41
2024-02-03 02:15:00,30.89,65.41,75.37
2024-02-03 02:30:00,33.14,55.33,68.24
2024-02-03 02:45:00,31.9,44.97,70.78
2024-02-03 03:00:00,25.06,48.23,90.97
2024-02-03 03:15:00,22.51,51.8,96.54
2024-02-03 03:30:00,26.44,49.36,91.07
2024-02-03 03:45:00,32.82,79.92,88.3
2024-02-03 04:00:00,33.45,59.86,74.92
2024-02-03 04:15:00,23.16,52.14,83.79
2024-02-03 04:30:00,25.09,61.6,70.59
2024-02-03 04:45:00,26.38,70.02,76.01
2024-02-03 05:00:00,28.21,54.83,93.83
2024-02-03 05:15:00,23.19,73.53,71.59
2024-02-03 05:30:00,22.89,40.93,83.77
2024-02-03 05:45:00,25.89,77.57,79.76
2024-02-03 06:00:00,30.43,59.87,79.88
2024-02-03 06:15:00,24.1,59.28,88.45
2024-02-03 06:30:00,29.42,49.6,97.29
2024-02-03 06:45:00,35.29,41.58,78.54
2024-02-03 07:00:00,23.49,35.0,100.0
2024-02-03 07:15:00,28.97,48.56,79.37
2024-02-03 07:30:00,35.12,68.82,84.7
2024-02-03 07:45:00,27.91,45.58,85.57
2024-02-03 08:00:00,27.13,36.77,85.84
2024-02-03 08:15:00,35.82,46.36,75.59
2024-02-03 08:30:00,28.47,54.23,75.93
2024-02-03 08:45:00,35.52,54.82,77.33
2024-02-03 09:00:00,32.14,58.07,92.07
2024-02-03 09:15:00,28.29,75.49,87.19
2024-02-03 09:30:00,32.4,78.74,96.34
2024-02-03 09:45:00,31.6,90.0,85.71
2024-02-03 10:00:00,35.1,35.63,76.86
2024-02-03 10:15:00,27.26,47.16,74.73
2024-02-03 10:30:00,30.21,70.48,92.62
2024-02-03 10:45:00,29.69,53.19,88.01
2024-02-03 11:00:00,33.52,72.91,71.58
2024-02-03 11:15:00,24.87,63.11,97.26
2024-02-03 11:30:00,35.08,83.69,80.38
2024-02-03 11:45:00,32.33,75.64,80.13
2024-02-03 12:00:00,23.42,75.92,91.73
2024-02-03 12:15:00,36.04,53.82,84.19
2024-02-03 12:30:00,41.17,58.54,83.88
2024-02-03 12:45:00,35.01,55.42,72.24
2024-02-03 13:00:00,37.13,37.41,94.99
2024-02-03 13:15:00,30.43,82.08,93.36
2024-02-03 13:30:00,21.69,71.18,71.34
2024-02-03 13:45:00,20.78,54.82,76.74
2024-02-03 14:00:00,31.28,79.57,71.88
2024-02-03 14:15:00,27.04,50.54,89.18
2024-02-03 14:30:00,25.43,32.43,87.38
2024-02-03 14:45:00,29.69,75.11,75.63
2024-02-03 15:00:00,33.08,40.82,84.54
2024-02-03 15:15:00,22.74,57.06,91.05
2024-02-03 15:30:00,27.76,63.09,73.78
2024-02-03 15:45:00,37.55,65.78,75.72
2024-02-03 16:00:00,24.62,72.73,94.25
2024-02-03 16:15:00,34.35,68.71,70.66
2024-02-03 16:30:00,27.58,68.25,87.9
2024-02-03 16:45:00,32.73,48.14,71.36
2024-02-03 17:00:00,35.49,64.41,75.01
2024-02-03 17:15:00,33.71,37.42,67.39
2024-02-03 17:30:00,34.55,83.43,85.41
2024-02-03 17:45:00,24.24,38.96,78.84
2024-02-03 18:00:00,35.57,54.8,86.55
2024-02-03 18:15:00,25.74,40.22,74.79
2024-02-03 18:30:00,31.3,49.05,70.69
2024-02-03 18:45:00,31.29,60.2,92.99
2024-02-03 19:00:00,32.43,52.07,98.23
2024-02-03 19:15:00,31.68,77.16,82.77
2024-02-03 19:30:00,25.78,63.4,71.07
2024-02-03 19:45:00,23.25,53.06,76.77
2024-02-03 20:00:00,34.36,58.0,96.57
2024-02-03 20:15:00,30.93,78.3,90.8
2024-02-03 20:30:00,35.75,73.63,80.09
2024-02-03 20:45:00,29.78,42.92,68.81
2024-02-03 21:00:00,22.97,49.79,85.29
2024-02-03 21:15:00,34.83,67.12,89.51
2024-02-03 21:30:00,28.15,65.3,76.27
2024-02-03 21:45:00,31.71,44.24,70.62
2024-02-03 22:00:00,26.76,71.24,76.96
2024-02-03 22:15:00,38.22,46.64,91.22
2024-02-03 22:30:00,25.62,79.56,87.59
2024-02-03 22:45:00,28.31,67.94,69.23
2024-02-03 23:00:00,30.54,43.02,87.44
2024-02-03 23:15:00,24.54,52.06,80.67
2024-02-03 23:30:00,31.65,51.8,88.16
2024-02-03 23:45:00,38.06,62.4,86.25
2024-02-04 00:00:00,27.55,56.94,88.48
2024-02-04 00:15:00,31.98,42.82,78.85
2024-02-04 00:30:00,20.0,39.09,78.71
2024-02-04 00:45:00,29.81,68.24,95.69
2024-02-04 01:00:00,28.43,64.29,79.25
2024-02-04 01:15:00,25.91,61.58,73.77
2024-02-04 01:30:00,35.41,64.06,87.16
2024-02-04 01:45:00,28.37,50.72,76.52
2024-02-04 02:00:00,29.11,62.76,71.56
2024-02-04 02:15:00,28.11,90.0,97.84
2024-02-04 02:30:00,20.42,77.62,81.5
2024-02-04 02:45:00,24.34,55.67,80.36
2024-02-04 03:00:00,34.81,52.15,76.86
2024-02-04 03:15:00,20.0,30.0,100.0
2024-02-04 03:30:00,26.17,76.03,73.74
2024-02-04 03:45:00,28.0,71.8,79.73
2024-02-04 04:00:00,38.72,51.84,75.93
2024-02-04 04:15:00,33.84,38.52,72.35
2024-02-04 04:30:00,27.21,42.67,74.66
2024-02-04 04:45:00,36.52,66.67,80.25
2024-02-04 05:00:00,26.3,58.66,71.46
2024-02-04 05:15:00,35.05,70.37,87.02
2024-02-04 05:30:00,23.21,61.3,77.87
2024-02-04 05:45:00,35.37,74.5,72.37
2024-02-04 06:00:00,27.97,65.54,76.77
2024-02-04 06:15:00,24.86,72.43,65.82
2024-02-04 06:30:00,28.91,30.0,80.06
2024-02-04 06:45:00,31.39,41.48,100.0
2024-02-04 07:00:00,27.53,54.53,80.31
2024-02-04 07:15:00,32.77,76.19,80.42
2024-02-04 07:30:00,27.09,88.21,90.57
2024-02-04 07:45:00,33.1,57.54,91.32
2024-02-04 08:00:00,32.21,50.83,71.75
2024-02-04 08:15:00,29.7,30.68,78.98
2024-02-04 08:30:00,27.79,72.95,96.88
2024-02-04 08:45:00,30.76,51.75,74.77
2024-02-04 09:00:00,32.75,90.0,75.48
2024-02-04 09:15:00,40.31,48.91,63.74
2024-02-04 09:30:00,34.7,90.0,84.31
2024-02-04 09:45:00,34.88,71.23,87.86
2024-02-04 10:00:00,45.0,44.58,79.79
2024-02-04 10:15:00,32.58,63.48,82.27
2024-02-04 10:30:00,32.42,71.57,79.49
2024-02-04 10:45:00,33.52,56.62,85.01
2024-02-04 11:00:00,24.96,72.57,87.72
2024-02-04 11:15:00,27.78,72.24,67.15
2024-02-04 11:30:00,27.47,68.95,83.5
2024-02-04 11:45:00,33.24,59.75,89.64
2024-02-04 12:00:00,29.13,42.38,85.22
2024-02-04 12:15:00,30.69,58.85,79.34
2024-02-04 12:30:00,35.44,62.64,87.33
2024-02-04 12:45:00,34.32,31.86,84.96
2024-02-04 13:00:00,29.19,62.54,80.11
2024-02-04 13:15:00,26.65,58.55,86.78
2024-02-04 13:30:00,35.68,40.55,72.1
2024-02-04 13:45:00,33.87,55.0,95.72
2024-02-04 14:00:00,21.97,55.32,70.72
2024-02-04 14:15:00,28.43,88.95,76.67
2024-02-04 14:30:00,30.83,63.3,83.81
2024-02-04 14:45:00,33.89,75.54,72.6
2024-02-04 15:00:00,34.55,58.23,82.72
2024-02-04 15:15:00,31.42,31.89,76.97
2024-02-04 15:30:00,32.93,70.09,85.37
2024-02-04 15:45:00,30.32,50.13,87.35
2024-02-04 16:00:00,26.63,54.97,80.88
2024-02-04 16:15:00,28.69,44.21,78.7
2024-02-04 16:30:00,30.09,61.09,73.55
2024-02-04 16:45:00,29.83,75.98,75.38
2024-02-04 17:00:00,20.57,73.99,87.91
2024-02-04 17:15:00,28.01,83.79,85.74
2024-02-04 17:30:00,30.28,85.92,83.92
2024-02-04 17:45:00,28.59,30.0,77.48
2024-02-04 18:00:00,28.77,42.1,86.17
2024-02-04 18:15:00,32.44,32.88,70.51
2024-02-04 18:30:00,24.61,69.48,70.88
2024-02-04 18:45:00,21.86,49.6,76.81
2024-02-04 19:00:00,28.26,52.66,77.74
2024-02-04 19:15:00,33.82,56.75,75.24
2024-02-04 19:30:00,38.44,65.74,90.0
2024-02-04 19:45:00,33.91,37.72,80.76
2024-02-04 20:00:00,22.66,41.12,79.4
2024-02-04 20:15:00,28.84,60.02,90.26
2024-02-04 20:30:00,31.28,77.98,85.82
2024-02-04 20:45:00,30.89,59.62,66.18
2024-02-04 21:00:00,32.7,48.13,96.36
2024-02-04 21:15:00,25.41,30.0,82.18
2024-02-04 21:30:00,30.32,74.29,85.59
2024-02-04 21:45:00,32.1,48.96,94.36
2024-02-04 22:00:00,34.13,42.79,74.75
2024-02-04 22:15:00,25.97,34.27,79.96
2024-02-04 22:30:00,28.27,38.41,77.02
2024-02-04 22:45:00,20.0,45.58,82.32
2024-02-04 23:00:00,26.89,56.42,88.87
2024-02-04 23:15:00,27.38,41.87,77.88
2024-02-04 23:30:00,24.9,62.79,68.2
2024-02-04 23:45:00,30.83,56.3,71.23
2024-02-05 00:00:00,29.72,90.0,75.29
2024-02-05 00:15:00,20.0,34.43,80.46
2024-02-05 00:30:00,31.08,62.42,68.71
2024-02-05 00:45:00,25.36,62.61,78.81
2024-02-05 01:00:00,32.43,44.54,84.87
2024-02-05 01:15:00,23.59,61.43,76.65
2024-02-05 01:30:00,30.15,71.54,89.29
2024-02-05 01:45:00,28.58,61.45,94.23
2024-02-05 02:00:00,31.52,80.77,66.29
2024-02-05 02:15:00,30.62,30.0,88.27
2024-02-05 02:30:00,28.72,47.37,95.16
2024-02-05 02:45:00,22.32,82.13,81.71
2024-02-05 03:00:00,22.61,73.68,97.18
2024-02-05 03:15:00,27.08,68.11,80.89
2024-02-05 03:30:00,29.96,78.5,84.79
2024-02-05 03:45:00,26.96,31.25,78.54
2024-02-05 04:00:00,33.13,71.93,78.64
2024-02-05 04:15:00,28.6,75.97,85.95
2024-02-05 04:30:00,25.17,50.12,87.99
2024-02-05 04:45:00,28.61,90.0,92.12
2024-02-05 05:00:00,31.13,62.95,93.51
2024-02-05 05:15:00,31.62,30.0,79.85
2024-02-05 05:30:00,39.39,65.72,72.27
2024-02-05 05:45:00,26.66,49.2,88.33
2024-02-05 06:00:00,29.63,77.47,90.47
2024-02-05 06:15:00,32.13,68.22,93.17
2024-02-05 06:30:00,29.88,51.03,83.88
2024-02-05 06:45:00,27.5,82.54,85.91
2024-02-05 07:00:00,22.25,74.09,69.33
2024-02-05 07:15:00,27.45,47.58,72.57
2024-02-05 07:30:00,24.63,57.72,70.93
2024-02-05 07:45:00,21.37,67.75,76.34
2024-02-05 08:00:00,26.02,54.54,84.74
2024-02-05 08:15:00,24.76,54.98,81.99
2024-02-05 08:30:00,32.92,60.55,91.8
2024-02-05 08:45:00,33.01,44.01,79.62
2024-02-05 09:00:00,25.48,30.0,94.45
2024-02-05 09:15:00,28.7,63.59,71.96
2024-02-05 09:30:00,20.71,30.17,85.22
2024-02-05 09:45:00,27.53,45.1,81.39
2024-02-05 10:00:00,31.99,33.43,80.93
2024-02-05 10:15:00,34.12,35.27,80.89
2024-02-05 10:30:00,26.43,66.4,83.24
2024-02-05 10:45:00,35.26,56.67,85.7
2024-02-05 11:00:00,22.42,56.12,98.9
2024-02-05 11:15:00,23.76,40.26,94.26
2024-02-05 11:30:00,33.55,50.16,76.2
2024-02-05 11:45:00,38.36,65.65,65.53
2024-02-05 12:00:00,32.47,59.22,71.38
2024-02-05 12:15:00,29.8,72.34,73.99
2024-02-05 12:30:00,20.0,74.48,76.73
2024-02-05 12:45:00,20.0,56.22,92.8
2024-02-05 13:00:00,30.65,32.22,100.0
2024-02-05 13:15:00,28.21,48.65,72.28
2024-02-05 13:30:00,24.47,58.53,81.09
2024-02-05 13:45:00,30.33,48.35,85.18
2024-02-05 14:00:00,30.58,44.18,76.27
2024-02-05 14:15:00,34.72,61.05,97.2
2024-02-05 14:30:00,30.68,90.0,88.23
2024-02-05 14:45:00,36.14,52.68,88.38
2024-02-05 15:00:00,30.04,59.96,90.62
2024-02-05 15:15:00,29.42,40.32,83.54
2024-02-05 15:30:00,35.32,78.65,67.93
2024-02-05 15:45:00,25.11,73.12,85.96
2024-02-05 16:00:00,44.07,72.09,72.97
2024-02-05 16:15:00,31.88,80.4,84.25
2024-02-05 16:30:00,31.9,53.59,77.32
2024-02-05 16:45:00,32.63,55.46,78.65
2024-02-05 17:00:00,39.39,85.65,76.46
2024-02-05 17:15:00,33.96,69.49,90.85
2024-02-05 17:30:00,21.97,30.0,82.09
2024-02-05 17:45:00,37.02,66.82,72.42
2024-02-05 18:00:00,28.3,51.27,75.23
2024-02-05 18:15:00,30.54,73.47,94.28
2024-02-05 18:30:00,23.6,66.12,87.82
2024-02-05 18:45:00,32.63,33.89,87.78
2024-02-05 19:00:00,26.74,64.03,89.13
2024-02-05 19:15:00,30.5,63.16,81.73
2024-02-05 19:30:00,28.58,65.45,95.27
2024-02-05 19:45:00,39.63,68.63,86.32
2024-02-05 20:00:00,39.91,82.44,82.57
2024-02-05 20:15:00,30.23,66.21,93.22
2024-02-05 20:30:00,30.32,60.34,84.07
2024-02-05 20:45:00,28.13,77.22,79.93
2024-02-05 21:00:00,35.53,90.0,86.67
2024-02-05 21:15:00,28.36,73.73,80.7
2024-02-05 21:30:00,27.89,63.09,94.05
2024-02-05 21:45:00,34.89,66.49,71.26
2024-02-05 22:00:00,27.31,63.84,84.99
2024-02-05 22:15:00,29.81,60.28,90.78
2024-02-05 22:30:00,22.09,90.0,67.73
2024-02-05 22:45:00,33.52,48.76,73.13
2024-02-05 23:00:00,39.7,77.32,89.3
2024-02-05 23:15:00,33.61,58.11,75.33
2024-02-05 23:30:00,37.31,37.79,85.67
2024-02-05 23:45:00,25.77,57.18,85.88
2024-02-06 00:00:00,31.18,51.8,71.33
2024-02-06 00:15:00,25.28,68.66,86.8
2024-02-06 00:30:00,28.86,61.37,75.33
2024-02-06 00:45:00,33.86,44.67,79.69
2024-02-06 01:00:00,30.51,82.07,80.23
2024-02-06 01:15:00,22.94,76.35,88.65
2024-02-06 01:30:00,23.42,83.79,80.09
2024-02-06 01:45:00,23.09,63.55,78.52
2024-02-06 02:00:00,32.46,59.46,85.9
2024-02-06 02:15:00,40.32,70.55,76.99
2024-02-06 02:30:00,36.81,51.34,79.64
2024-02-06 02:45:00,20.52,61.95,80.48
2024-02-06 03:00:00,37.11,57.36,68.46
2024-02-06 03:15:00,34.68,38.08,76.76
2024-02-06 03:30:00,22.27,61.91,91.8
2024-02-06 03:45:00,28.48,53.39,89.31
2024-02-06 04:00:00,35.48,56.36,83.33
2024-02-06 04:15:00,32.75,65.46,94.15
2024-02-06 04:30:00,23.45,79.09,76.78
2024-02-06 04:45:00,33.05,47.27,77.85
2024-02-06 05:00:00,20.0,54.95,94.03
2024-02-06 05:15:00,28.89,48.52,77.07
2024-02-06 05:30:00,35.69,47.55,96.75
2024-02-06 05:45:00,30.09,51.08,77.08
2024-02-06 06:00:00,27.51,57.05,84.58
2024-02-06 06:15:00,34.45,68.79,80.51
2024-02-06 06:30:00,34.87,64.81,92.92
2024-02-06 06:45:00,36.55,44.15,77.0
2024-02-06 07:00:00,34.37,79.41,93.09
2024-02-06 07:15:00,35.41,74.17,78.73
2024-02-06 07:30:00,33.66,46.48,76.93
2024-02-06 07:45:00,31.33,78.36,86.31
2024-02-06 08:00:00,30.45,64.9,75.7
2024-02-06 08:15:00,28.81,57.65,83.05
2024-02-06 08:30:00,23.94,65.37,85.36
2024-02-06 08:45:00,25.22,59.61,95.66
2024-02-06 09:00:00,28.59,68.18,90.19
2024-02-06 09:15:00,31.21,62.81,83.44
2024-02-06 09:30:00,37.2,54.94,81.01
2024-02-06 09:45:00,29.79,30.0,72.63
2024-02-06 10:00:00,35.02,67.91,82.8
2024-02-06 10:15:00,35.4,54.4,90.05
2024-02-06 10:30:00,28.84,71.67,90.34
2024-02-06 10:45:00,32.97,67.23,86.41
2024-02-06 11:00:00,28.78,54.79,84.17
2024-02-06 11:15:00,36.61,75.34,85.94
2024-02-06 11:30:00,33.18,63.07,93.85
2024-02-06 11:45:00,24.05,62.45,66.28
2024-02-06 12:00:00,30.81,57.93,77.42
2024-02-06 12:15:00,38.24,85.25,91.44
2024-02-06 12:30:00,29.09,49.3,85.97
2024-02-06 12:45:00,32.24,55.16,75.63
2024-02-06 13:00:00,32.73,41.44,93.27
2024-02-06 13:15:00,24.82,70.9,78.08
2024-02-06 13:30:00,32.55,51.27,68.34
2024-02-06 13:45:00,23.03,52.95,68.31
2024-02-06 14:00:00,26.87,52.25,80.56
2024-02-06 14:15:00,35.38,60.94,78.22
2024-02-06 14:30:00,31.78,41.24,71.84
2024-02-06 14:45:00,28.48,30.0,93.16
2024-02-06 15:00:00,32.23,66.87,77.27
2024-02-06 15:15:00,29.7,30.0,90.61
2024-02-06 15:30:00,30.06,72.81,92.82
2024-02-06 15:45:00,33.28,83.38,73.16
2024-02-06 16:00:00,26.36,57.54,100.0
2024-02-06 16:15:00,30.2,79.49,81.78
2024-02-06 16:30:00,28.44,59.64,94.14
2024-02-06 16:45:00,22.07,83.99,92.08
2024-02-06 17:00:00,25.4,53.16,86.8
2024-02-06 17:15:00,37.84,30.0,73.67
2024-02-06 17:30:00,31.92,58.8,81.8
2024-02-06 17:45:00,23.38,85.62,76.56
2024-02-06 18:00:00,22.3,68.02,90.86
2024-02-06 18:15:00,29.44,52.27,77.95
2024-02-06 18:30:00,37.81,64.93,79.06
2024-02-06 18:45:00,29.07,74.57,71.97
2024-02-06 19:00:00,36.53,58.72,79.68
2024-02-06 19:15:00,31.76,90.0,77.63
2024-02-06 19:30:00,32.36,52.24,78.56
2024-02-06 19:45:00,23.32,75.04,71.57
2024-02-06 20:00:00,34.69,71.43,76.18
2024-02-06 20:15:00,28.33,49.5,80.8
2024-02-06 20:30:00,34.32,53.63,75.07
2024-02-06 20:45:00,25.93,75.27,71.49
2024-02-06 21:00:00,30.89,62.17,89.06
2024-02-06 21:15:00,31.76,65.07,86.09
2024-02-06 21:30:00,29.23,35.46,78.27
2024-02-06 21:45:00,32.02,69.84,73.94
2024-02-06 22:00:00,28.67,64.31,69.58
2024-02-06 22:15:00,26.75,59.04,82.42
2024-02-06 22:30:00,38.03,65.41,97.31
2024-02-06 22:45:00,35.24,53.86,75.12
2024-02-06 23:00:00,26.2,51.12,78.14
2024-02-06 23:15:00,32.84,56.37,80.82
2024-02-06 23:30:00,26.29,53.04,79.31
2024-02-06 23:45:00,24.08,90.0,79.28
2024-02-07 00:00:00,35.17,73.68,99.72
2024-02-07 00:15:00,21.48,45.47,72.25
2024-02-07 00:30:00,34.63,90.0,96.66
2024-02-07 00:45:00,28.74,53.51,70.09
2024-02-07 01:00:00,28.94,60.44,82.25
2024-02-07 01:15:00,32.05,73.46,72.15
2024-02-07 01:30:00,32.91,30.45,76.33
2024-02-07 01:45:00,25.87,56.44,95.0
2024-02-07 02:00:00,33.59,51.4,81.27
2024-02-07 02:15:00,30.57,63.08,78.33
2024-02-07 02:30:00,23.72,65.55,100.0
2024-02-07 02:45:00,29.15,58.84,75.52
2024-02-07 03:00:00,36.91,58.15,74.17
2024-02-07 03:15:00,38.38,75.98,66.59
2024-02-07 03:30:00,33.59,64.52,86.74
2024-02-07 03:45:00,24.05,60.62,90.37
2024-02-07 04:00:00,32.45,62.22,86.15
2024-02-07 04:15:00,34.25,87.54,79.78
2024-02-07 04:30:00,33.63,62.59,87.25
2024-02-07 04:45:00,33.92,52.28,80.43
2024-02-07 05:00:00,31.82,31.37,81.98
2024-02-07 05:15:00,29.64,38.49,100.0
2024-02-07 05:30:00,26.96,52.99,79.33
2024-02-07 05:45:00,20.51,58.37,73.48
2024-02-07 06:00:00,31.7,51.67,63.67
2024-02-07 06:15:00,30.93,65.27,87.7
2024-02-07 06:30:00,32.79,51.47,84.73
2024-02-07 06:45:00,23.31,46.28,84.71
2024-02-07 07:00:00,33.23,69.19,87.53
2024-02-07 07:15:00,40.27,80.54,86.48
2024-02-07 07:30:00,30.39,43.39,58.01
2024-02-07 07:45:00,29.69,63.66,89.31
2024-02-07 08:00:00,31.55,31.42,84.46
2024-02-07 08:15:00,40.16,37.88,84.67
2024-02-07 08:30:00,24.88,51.17,81.91
2024-02-07 08:45:00,31.02,77.02,79.21
2024-02-07 09:00:00,26.0,48.32,79.72
2024-02-07 09:15:00,27.26,47.76,95.64
2024-02-07 09:30:00,29.75,60.54,82.28
2024-02-07 09:45:00,36.74,60.56,79.02
2024-02-07 10:00:00,39.0,48.22,77.57
2024-02-07 10:15:00,32.24,89.79,92.78
2024-02-07 10:30:00,28.12,56.02,71.43
2024-02-07 10:45:00,42.46,61.7,80.51
2024-02-07 11:00:00,27.86,53.97,78.89
2024-02-07 11:15:00,27.14,66.6,71.25
2024-02-07 11:30:00,21.13,78.52,74.46
2024-02-07 11:45:00,36.98,84.95,86.84
2024-02-07 12:00:00,34.84,48.57,81.6
2024-02-07 12:15:00,42.09,76.51,86.18
2024-02-07 12:30:00,23.05,68.25,77.41
2024-02-07 12:45:00,37.29,74.62,87.66
2024-02-07 13:00:00,30.35,58.62,96.17
2024-02-07 13:15:00,34.03,57.19,85.86
2024-02-07 13:30:00,21.76,74.04,88.27
2024-02-07 13:45:00,37.34,74.32,97.86
2024-02-07 14:00:00,33.93,83.49,72.82
2024-02-07 14:15:00,29.81,62.98,81.1
2024-02-07 14:30:00,33.23,58.4,84.45
2024-02-07 14:45:00,26.17,30.0,76.25
2024-02-07 15:00:00,27.1,35.83,99.3
2024-02-07 15:15:00,27.68,54.09,84.59
2024-02-07 15:30:00,20.74,43.48,72.34
2024-02-07 15:45:00,34.31,72.21,79.01
2024-02-07 16:00:00,35.96,40.35,82.43
2024-02-07 16:15:00,26.49,52.48,65.55
2024-02-07 16:30:00,31.74,53.07,76.31
2024-02-07 16:45:00,28.67,78.07,68.49
2024-02-07 17:00:00,31.64,50.88,86.5
2024-02-07 17:15:00,26.86,66.79,79.19
2024-02-07 17:30:00,25.58,62.94,68.1
2024-02-07 17:45:00,35.26,73.55,85.0
2024-02-07 18:00:00,29.68,72.75,66.31
2024-02-07 18:15:00,40.11,59.5,80.7
2024-02-07 18:30:00,30.23,34.56,84.63
2024-02-07 18:45:00,25.37,56.52,91.83
2024-02-07 19:00:00,36.13,59.7,78.02
2024-02-07 19:15:00,33.15,64.29,77.2
2024-02-07 19:30:00,33.63,48.94,74.04
2024-02-07 19:45:00,35.95,77.11,100.0
2024-02-07 20:00:00,26.74,60.2,87.59
2024-02-07 20:15:00,29.36,46.19,71.67
2024-02-07 20:30:00,29.14,53.13,77.02
2024-02-07 20:45:00,23.55,88.93,74.64
2024-02-07 21:00:00,28.68,69.97,76.24
2024-02-07 21:15:00,36.68,75.73,80.2
2024-02-07 21:30:00,31.19,44.38,92.74
2024-02-07 21:45:00,23.27,49.67,72.06
2024-02-07 22:00:00,22.22,49.78,98.8
2024-02-07 22:15:00,38.32,62.77,72.37
2024-02-07 22:30:00,29.55,57.39,93.14
2024-02-07 22:45:00,26.76,52.66,73.56
2024-02-07 23:00:00,28.63,54.54,90.53
2024-02-07 23:15:00,22.61,48.09,82.02
2024-02-07 23:30:00,37.12,57.3,73.71
2024-02-07 23:45:00,28.03,76.7,89.1
2024-02-08 00:00:00,36.84,37.3,99.35
2024-02-08 00:15:00,30.26,65.2,91.54
2024-02-08 00:30:00,37.15,80.7,93.01
2024-02-08 00:45:00,31.28,57.25,73.21
2024-02-08 01:00:00,34.27,52.07,75.03
2024-02-08 01:15:00,33.6,73.86,90.27
2024-02-08 01:30:00,33.12,45.24,74.31
2024-02-08 01:45:00,31.74,59.66,84.7
2024-02-08 02:00:00,28.84,44.4,79.07
2024-02-08 02:15:00,39.58,31.95,96.11
2024-02-08 02:30:00,25.47,57.72,72.24
2024-02-08 02:45:00,30.02,41.05,70.62
2024-02-08 03:00:00,30.07,59.82,93.64
2024-02-08 03:15:00,32.01,76.73,91.1
2024-02-08 03:30:00,27.85,87.81,90.44
2024-02-08 03:45:00,31.57,61.4,72.37
2024-02-08 04:00:00,29.16,75.29,75.78
2024-02-08 04:15:00,22.09,65.98,74.52
2024-02-08 04:30:00,30.05,54.25,84.54
2024-02-08 04:45:00,24.5,31.13,88.27
2024-02-08 05:00:00,21.33,84.4,73.22
2024-02-08 05:15:00,30.68,44.26,70.51
2024-02-08 05:30:00,32.44,80.74,82.34
2024-02-08 05:45:00,32.63,68.05,79.59
2024-02-08 06:00:00,32.84,45.36,83.98
2024-02-08 06:15:00,20.34,64.68,84.53
2024-02-08 06:30:00,23.19,90.0,89.48
2024-02-08 06:45:00,39.87,83.03,91.07
2024-02-08 07:00:00,24.76,52.31,68.85
2024-02-08 07:15:00,33.05,49.32,87.02
2024-02-08 07:30:00,26.57,61.5,74.11
2024-02-08 07:45:00,30.4,57.52,81.91
2024-02-08 08:00:00,26.83,78.0,93.77
2024-02-08 08:15:00,32.81,71.09,73.17
2024-02-08 08:30:00,30.68,34.62,64.42
2024-02-08 08:45:00,27.76,66.88,73.92
2024-02-08 09:00:00,24.75,57.31,76.75
2024-02-08 09:15:00,31.34,60.56,90.89
2024-02-08 09:30:00,23.94,63.73,100.0
2024-02-08 09:45:00,32.14,77.98,93.9
2024-02-08 10:00:00,43.13,74.67,93.96
2024-02-08 10:15:00,36.75,48.75,81.13
2024-02-08 10:30:00,33.59,59.12,71.49
2024-02-08 10:45:00,29.57,53.27,89.11
2024-02-08 11:00:00,20.31,34.77,74.06
2024-02-08 11:15:00,23.39,58.36,65.82
2024-02-08 11:30:00,36.41,87.67,89.06
2024-02-08 11:45:00,26.05,34.32,89.07
2024-02-08 12:00:00,26.5,59.64,89.99
2024-02-08 12:15:00,29.17,59.16,75.17
2024-02-08 12:30:00,24.69,64.32,85.13
2024-02-08 12:45:00,23.87,45.56,77.31
2024-02-08 13:00:00,29.75,38.62,74.72
2024-02-08 13:15:00,25.54,39.32,82.96
2024-02-08 13:30:00,26.29,79.96,85.06
2024-02-08 13:45:00,26.09,45.26,83.28
2024-02-08 14:00:00,32.61,52.51,90.94
2024-02-08 14:15:00,28.84,90.0,88.32
2024-02-08 14:30:00,29.11,48.99,72.95
2024-02-08 14:45:00,32.98,65.14,75.62
2024-02-08 15:00:00,29.29,75.96,95.68
2024-02-08 15:15:00,28.61,75.24,81.31
2024-02-08 15:30:00,32.35,40.03,81.76
2024-02-08 15:45:00,33.34,49.3,73.72
2024-02-08 16:00:00,29.26,64.54,78.35
2024-02-08 16:15:00,30.4,88.94,95.37
2024-02-08 16:30:00,26.09,48.58,76.83
2024-02-08 16:45:00,25.7,52.6,91.0
2024-02-08 17:00:00,33.85,66.29,74.68
2024-02-08 17:15:00,32.22,69.29,65.93
2024-02-08 17:30:00,32.28,70.2,74.78
2024-02-08 17:45:00,31.4,47.3,91.57
2024-02-08 18:00:00,30.23,52.02,77.3
2024-02-08 18:15:00,33.48,63.23,76.75
2024-02-08 18:30:00,34.68,78.93,88.19
2024-02-08 18:45:00,34.56,56.42,66.32
2024-02-08 19:00:00,29.5,59.67,72.54
2024-02-08 19:15:00,36.93,44.61,79.78
2024-02-08 19:30:00,31.14,87.95,67.07
2024-02-08 19:45:00,33.16,62.31,85.66
2024-02-08 20:00:00,31.41,76.17,67.29
2024-02-08 20:15:00,31.24,60.45,77.29
2024-02-08 20:30:00,26.32,61.28,77.2
2024-02-08 20:45:00,33.51,37.5,91.59
2024-02-08 21:00:00,44.23,30.0,81.19
2024-02-08 21:15:00,28.13,78.78,74.01
2024-02-08 21:30:00,30.35,61.17,80.81
2024-02-08 21:45:00,27.77,63.1,88.34
2024-02-08 22:00:00,27.56,41.26,71.7
2024-02-08 22:15:00,37.72,46.45,89.02
2024-02-08 22:30:00,26.64,75.93,72.0
2024-02-08 22:45:00,27.63,86.1,68.77
2024-02-08 23:00:00,22.06,50.68,87.1
2024-02-08 23:15:00,26.21,70.07,92.45
2024-02-08 23:30:00,21.46,62.85,87.76
2024-02-08 23:45:00,33.16,58.19,78.88
2024-02-09 00:00:00,44.0,87.78,79.01
2024-02-09 00:15:00,28.17,53.2,99.87
2024-02-09 00:30:00,21.67,78.61,89.29
2024-02-09 00:45:00,34.5,65.72,80.73
2024-02-09 01:00:00,26.37,59.75,87.95
2024-02-09 01:15:00,36.5,80.58,72.73
2024-02-09 01:30:00,28.59,64.35,71.54
2024-02-09 01:45:00,26.84,58.55,72.68
2024-02-09 02:00:00,29.11,80.69,79.44
2024-02-09 02:15:00,33.79,78.74,97.64
2024-02-09 02:30:00,28.86,78.03,86.02
2024-02-09 02:45:00,27.52,30.0,79.52
2024-02-09 03:00:00,29.01,66.6,84.18
2024-02-09 03:15:00,23.64,63.18,77.66
2024-02-09 03:30:00,31.99,59.48,81.04
2024-02-09 03:45:00,21.07,69.15,82.87
2024-02-09 04:00:00,27.78,63.91,85.88
2024-02-09 04:15:00,33.8,70.17,76.24
2024-02-09 04:30:00,31.52,55.98,86.1
2024-02-09 04:45:00,32.95,82.47,78.47
2024-02-09 05:00:00,29.67,71.68,75.09
2024-02-09 05:15:00,35.85,68.14,96.14
2024-02-09 05:30:00,34.62,67.41,77.64
2024-02-09 05:45:00,32.23,77.36,70.98
2024-02-09 06:00:00,34.64,75.33,88.39
2024-02-09 06:15:00,33.75,58.31,91.51
2024-02-09 06:30:00,27.8,74.85,82.11
2024-02-09 06:45:00,23.28,62.61,74.14
2024-02-09 07:00:00,32.1,88.75,97.23
2024-02-09 07:15:00,32.73,76.47,86.92
2024-02-09 07:30:00,35.45,50.62,83.17
2024-02-09 07:45:00,25.32,90.0,86.05
2024-02-09 08:00:00,25.47,30.0,74.72
2024-02-09 08:15:00,32.3,69.56,88.27
2024-02-09 08:30:00,29.64,49.56,96.57
2024-02-09 08:45:00,20.57,88.23,79.74
2024-02-09 09:00:00,31.88,63.79,78.88
2024-02-09 09:15:00,20.74,48.09,88.52
2024-02-09 09:30:00,25.27,56.0,77.03
2024-02-09 09:45:00,36.76,49.29,81.39
2024-02-09 10:00:00,39.12,55.41,94.62
2024-02-09 10:15:00,23.92,55.07,82.6
2024-02-09 10:30:00,28.35,48.73,89.2
2024-02-09 10:45:00,30.21,64.05,82.26
2024-02-09 11:00:00,38.91,65.87,70.18
2024-02-09 11:15:00,27.54,45.06,77.61
2024-02-09 11:30:00,27.62,35.13,81.52
2024-02-09 11:45:00,37.74,64.66,74.98
2024-02-09 12:00:00,28.13,67.98,80.82
2024-02-09 12:15:00,33.61,70.95,86.36
2024-02-09 12:30:00,22.61,68.27,83.16
2024-02-09 12:45:00,29.14,83.59,85.77
2024-02-09 13:00:00,21.7,74.96,97.81
2024-02-09 13:15:00,24.72,90.0,75.62
2024-02-09 13:30:00,34.2,90.0,81.47
2024-02-09 13:45:00,29.75,33.63,74.12
2024-02-09 14:00:00,28.4,30.0,79.97
2024-02-09 14:15:00,26.26,59.89,71.09
2024-02-09 14:30:00,28.9,67.56,79.18
2024-02-09 14:45:00,31.51,58.86,83.15
2024-02-09 15:00:00,34.91,70.55,79.97
2024-02-09 15:15:00,20.0,55.95,84.29
2024-02-09 15:30:00,25.84,49.59,72.58
2024-02-09 15:45:00,30.8,51.86,93.54
2024-02-09 16:00:00,29.51,57.0,91.54
2024-02-09 16:15:00,32.02,72.65,73.6
2024-02-09 16:30:00,31.34,52.7,79.52
2024-02-09 16:45:00,28.48,55.67,81.13
2024-02-09 17:00:00,27.37,68.55,69.56
2024-02-09 17:15:00,28.77,57.02,78.3
2024-02-09 17:30:00,35.74,76.75,73.13
2024-02-09 17:45:00,26.34,46.21,86.07
2024-02-09 18:00:00,29.69,42.95,98.27
2024-02-09 18:15:00,30.92,64.57,82.92
2024-02-09 18:30:00,37.8,66.06,91.85
2024-02-09 18:45:00,28.5,47.03,93.76
2024-02-09 19:00:00,34.79,80.15,86.49
2024-02-09 19:15:00,36.16,88.87,78.07
2024-02-09 19:30:00,29.68,50.58,92.1
2024-02-09 19:45:00,28.95,82.31,97.48
2024-02-09 20:00:00,28.35,30.0,80.95
2024-02-09 20:15:00,28.72,76.14,69.03
2024-02-09 20:30:00,34.27,47.13,92.93
2024-02-09 20:45:00,31.16,74.64,84.49
2024-02-09 21:00:00,31.18,45.58,79.95
2024-02-09 21:15:00,24.37,58.97,81.7
2024-02-09 21:30:00,25.16,47.85,82.57
2024-02-09 21:45:00,40.72,56.79,76.81
2024-02-09 22:00:00,29.11,87.45,75.73
2024-02-09 22:15:00,26.13,58.38,85.99
2024-02-09 22:30:00,37.16,90.0,72.68
2024-02-09 22:45:00,31.41,54.21,95.65
2024-02-09 23:00:00,32.89,82.38,90.43
2024-02-09 23:15:00,29.31,35.61,89.78
2024-02-09 23:30:00,28.41,55.7,72.06
2024-02-09 23:45:00,29.15,51.96,89.37
2024-02-10 00:00:00,23.09,83.07,96.03
2024-02-10 00:15:00,29.56,62.78,83.08
2024-02-10 00:30:00,31.48,30.0,91.6
2024-02-10 00:45:00,39.25,40.35,90.87
2024-02-10 01:00:00,30.43,44.81,70.6
2024-02-10 01:15:00,20.0,74.01,86.16
2024-02-10 01:30:00,29.53,72.08,97.03
2024-02-10 01:45:00,43.7,55.49,83.83
2024-02-10 02:00:00,34.33,51.77,92.58
2024-02-10 02:15:00,25.95,70.75,67.76
2024-02-10 02:30:00,32.96,43.06,100.0
2024-02-10 02:45:00,26.29,66.87,89.98
2024-02-10 03:00:00,23.23,65.59,68.98
2024-02-10 03:15:00,28.26,55.88,81.59
2024-02-10 03:30:00,30.46,65.97,84.51
2024-02-10 03:45:00,20.64,61.53,97.45
2024-02-10 04:00:00,24.25,67.46,79.27
2024-02-10 04:15:00,30.05,39.99,72.28
2024-02-10 04:30:00,27.96,69.22,86.17
2024-02-10 04:45:00,31.97,75.4,75.87
2024-02-10 05:00:00,23.93,64.81,89.05
2024-02-10 05:15:00,33.57,69.02,86.14
2024-02-10 05:30:00,24.08,58.35,92.47
2024-02-10 05:45:00,38.21,73.37,74.62
2024-02-10 06:00:00,21.42,60.98,88.08
2024-02-10 06:15:00,24.54,42.78,80.39
2024-02-10 06:30:00,32.09,72.3,86.1
2024-02-10 06:45:00,38.32,35.49,73.68
2024-02-10 07:00:00,31.58,64.24,86.75
2024-02-10 07:15:00,32.81,54.24,86.08
2024-02-10 07:30:00,30.09,53.28,91.78
2024-02-10 07:45:00,24.87,62.58,75.53
2024-02-10 08:00:00,27.55,49.36,76.15
2024-02-10 08:15:00,23.94,67.68,71.25
2024-02-10 08:30:00,23.61,60.85,76.39
2024-02-10 08:45:00,32.01,50.74,87.63
2024-02-10 09:00:00,24.38,80.07,87.05
2024-02-10 09:15:00,31.6,63.07,83.65
2024-02-10 09:30:00,23.49,69.46,70.19
2024-02-10 09:45:00,31.48,81.25,75.25
2024-02-10 10:00:00,27.56,81.0,78.83
2024-02-10 10:15:00,37.03,68.7,80.96
2024-02-10 10:30:00,31.62,55.46,90.16
2024-02-10 10:45:00,36.18,38.55,66.27
2024-02-10 11:00:00,26.22,63.1,73.69
2024-02-10 11:15:00,30.28,76.42,96.88
2024-02-10 11:30:00,25.09,65.31,72.34
2024-02-10 11:45:00,27.93,30.0,78.07
2024-02-10 12:00:00,28.69,73.05,81.36
2024-02-10 12:15:00,26.37,73.97,74.93
2024-02-10 12:30:00,23.92,55.48,82.35
2024-02-10 12:45:00,22.93,74.83,74.43
2024-02-10 13:00:00,20.0,69.42,83.35
2024-02-10 13:15:00,24.72,49.72,75.16
2024-02-10 13:30:00,33.14,79.07,81.59
2024-02-10 13:45:00,22.01,40.99,83.58
2024-02-10 14:00:00,23.16,59.14,69.41
2024-02-10 14:15:00,38.95,57.64,73.12
2024-02-10 14:30:00,26.82,47.62,73.2
2024-02-10 14:45:00,31.61,64.56,72.2
2024-02-10 15:00:00,33.21,79.66,73.32
2024-02-10 15:15:00,33.31,78.72,88.75
2024-02-10 15:30:00,22.39,70.85,82.93
2024-02-10 15:45:00,28.84,34.56,77.89
2024-02-10 16:00:00,21.91,39.96,71.02
2024-02-10 16:15:00,42.23,62.49,66.88
2024-02-10 16:30:00,22.03,59.49,95.6
2024-02-10 16:45:00,24.76,52.53,79.52
2024-02-10 17:00:00,24.8,88.58,91.99
2024-02-10 17:15:00,22.52,61.59,70.4
2024-02-10 17:30:00,36.76,68.14,79.26
2024-02-10 17:45:00,42.11,74.82,97.54
2024-02-10 18:00:00,27.62,60.82,76.14
2024-02-10 18:15:00,23.4,90.0,74.29
2024-02-10 18:30:00,20.0,45.89,77.05
2024-02-10 18:45:00,28.78,50.91,71.69
2024-02-10 19:00:00,28.42,45.86,92.31
2024-02-10 19:15:00,26.74,83.44,84.0
2024-02-10 19:30:00,31.11,72.03,85.68
2024-02-10 19:45:00,31.98,51.84,81.89
2024-02-10 20:00:00,31.62,47.04,84.92
2024-02-10 20:15:00,28.42,80.77,88.08
2024-02-10 20:30:00,24.49,65.43,81.16
2024-02-10 20:45:00,33.33,81.16,83.24
2024-02-10 21:00:00,30.06,59.1,100.0
2024-02-10 21:15:00,34.44,67.67,76.16
2024-02-10 21:30:00,33.95,64.5,80.21
2024-02-10 21:45:00,22.89,50.64,83.08
2024-02-10 22:00:00,22.83,57.84,94.3
2024-02-10 22:15:00,26.22,42.24,98.31
2024-02-10 22:30:00,24.72,67.41,79.59
2024-02-10 22:45:00,33.78,71.42,85.17
2024-02-10 23:00:00,31.76,74.85,67.6
2024-02-10 23:15:00,35.5,70.0,86.85
2024-02-10 23:30:00,31.98,58.08,71.16
2024-02-10 23:45:00,31.04,83.28,77.38
2024-02-11 00:00:00,36.0,73.38,100.0
2024-02-11 00:15:00,32.35,80.83,81.26
2024-02-11 00:30:00,30.34,81.77,74.07
2024-02-11 00:45:00,37.4,58.12,74.83
2024-02-11 01:00:00,30.58,65.82,78.04
2024-02-11 01:15:00,28.48,71.62,70.87
2024-02-11 01:30:00,25.81,42.76,73.08
2024-02-11 01:45:00,33.52,43.1,93.94
2024-02-11 02:00:00,36.19,40.51,77.42
2024-02-11 02:15:00,29.75,58.38,69.28
2024-02-11 02:30:00,36.54,55.0,88.16
2024-02-11 02:45:00,20.15,38.46,72.69
2024-02-11 03:00:00,29.72,62.24,82.32
2024-02-11 03:15:00,29.8,58.57,72.84
2024-02-11 03:30:00,26.37,77.73,75.85
2024-02-11 03:45:00,41.92,90.0,88.09
2024-02-11 04:00:00,29.67,66.85,88.23
2024-02-11 04:15:00,27.96,49.55,81.67
2024-02-11 04:30:00,30.13,69.7,89.34
2024-02-11 04:45:00,20.0,60.14,89.85
2024-02-11 05:00:00,26.2,56.4,85.49
2024-02-11 05:15:00,34.92,47.08,92.42
2024-02-11 05:30:00,26.86,53.04,95.48
2024-02-11 05:45:00,25.86,57.33,86.37
2024-02-11 06:00:00,36.55,72.06,76.94
2024-02-11 06:15:00,36.7,67.67,73.4
2024-02-11 06:30:00,32.58,87.38,97.06
2024-02-11 06:45:00,27.72,70.12,94.75
2024-02-11 07:00:00,28.8,66.36,94.11
2024-02-11 07:15:00,25.98,55.41,90.69
2024-02-11 07:30:00,25.03,44.44,88.02
2024-02-11 07:45:00,24.78,51.45,94.56
2024-02-11 08:00:00,26.91,49.5,87.43
2024-02-11 08:15:00,24.83,30.0,70.94
2024-02-11 08:30:00,22.18,44.87,75.44
2024-02-11 08:45:00,31.1,84.03,68.84
2024-02-11 09:00:00,31.17,65.53,63.48
2024-02-11 09:15:00,38.5,54.35,82.28
2024-02-11 09:30:00,26.66,65.98,68.31
2024-02-11 09:45:00,31.48,30.7,90.84
2024-02-11 10:00:00,31.56,64.23,74.33
2024-02-11 10:15:00,28.73,79.16,91.02
2024-02-11 10:30:00,33.72,58.18,76.66
2024-02-11 10:45:00,33.88,33.42,99.64
2024-02-11 11:00:00,31.64,53.79,90.26
2024-02-11 11:15:00,28.72,79.19,84.75
2024-02-11 11:30:00,28.21,63.88,91.33
2024-02-11 11:45:00,23.16,38.73,84.8
2024-02-11 12:00:00,25.97,90.0,81.94
2024-02-11 12:15:00,26.89,41.19,87.22
2024-02-11 12:30:00,24.38,56.36,93.36
2024-02-11 12:45:00,32.2,44.44,98.09
2024-02-11 13:00:00,35.98,44.46,98.89
2024-02-11 13:15:00,25.46,53.22,80.08
2024-02-11 13:30:00,31.42,69.54,79.23
2024-02-11 13:45:00,24.83,79.36,80.16
2024-02-11 14:00:00,28.48,54.21,78.51
2024-02-11 14:15:00,26.55,44.85,81.71
2024-02-11 14:30:00,33.01,67.18,90.32
2024-02-11 14:45:00,26.61,67.62,78.97
2024-02-11 15:00:00,35.06,63.61,96.6
2024-02-11 15:15:00,28.77,64.14,75.18
2024-02-11 15:30:00,26.75,58.31,84.62
2024-02-11 15:45:00,23.73,61.47,73.95
2024-02-11 16:00:00,31.27,57.28,86.28
2024-02-11 16:15:00,34.48,76.05,79.31
2024-02-11 16:30:00,31.37,90.0,84.78
2024-02-11 16:45:00,41.19,62.69,85.09
2024-02-11 17:00:00,37.15,59.9,74.68
2024-02-11 17:15:00,28.46,63.84,82.52
2024-02-11 17:30:00,28.41,50.13,79.5
2024-02-11 17:45:00,32.35,71.47,77.85
2024-02-11 18:00:00,25.81,66.62,85.29
2024-02-11 18:15:00,35.83,53.69,80.89
2024-02-11 18:30:00,31.81,73.53,86.28
2024-02-11 18:45:00,31.28,60.28,95.03
2024-02-11 19:00:00,33.43,45.45,76.87
2024-02-11 19:15:00,38.61,65.27,99.17
2024-02-11 19:30:00,30.85,63.55,88.89
2024-02-11 19:45:00,29.43,74.41,73.51
2024-02-11 20:00:00,37.54,72.47,90.0
2024-02-11 20:15:00,34.84,58.36,83.89
2024-02-11 20:30:00,28.4,52.92,95.18
2024-02-11 20:45:00,30.03,60.03,82.37
2024-02-11 21:00:00,30.98,65.45,93.54
2024-02-11 21:15:00,31.81,67.26,81.19
2024-02-11 21:30:00,23.22,64.52,96.73
2024-02-11 21:45:00,22.29,58.64,77.48
2024-02-11 22:00:00,25.56,74.95,86.85
2024-02-11 22:15:00,25.18,49.89,80.16
2024-02-11 22:30:00,26.78,90.0,93.41
2024-02-11 22:45:00,33.17,71.45,83.15
2024-02-11 23:00:00,29.16,43.09,74.49
2024-02-11 23:15:00,30.98,62.78,76.27
2024-02-11 23:30:00,23.88,71.59,89.92
2024-02-11 23:45:00,27.69,54.76,89.68
2024-02-12 00:00:00,32.94,37.57,84.14
2024-02-12 00:15:00,32.97,44.41,79.62
2024-02-12 00:30:00,26.38,68.13,79.14
2024-02-12 00:45:00,30.81,33.68,81.66
2024-02-12 01:00:00,40.99,38.26,82.04
2024-02-12 01:15:00,29.91,68.05,90.93
2024-02-12 01:30:00,26.53,56.66,87.24
2024-02-12 01:45:00,29.13,49.56,81.88
2024-02-12 02:00:00,30.46,52.58,79.76
2024-02-12 02:15:00,29.24,37.94,88.57
2024-02-12 02:30:00,29.84,67.27,90.11
2024-02-12 02:45:00,22.78,47.9,71.66
2024-02-12 03:00:00,25.19,51.96,85.01
2024-02-12 03:15:00,29.25,65.2,81.8
2024-02-12 03:30:00,29.17,56.15,75.44
2024-02-12 03:45:00,27.17,49.43,90.55
2024-02-12 04:00:00,29.11,30.16,83.55
2024-02-12 04:15:00,30.31,65.51,85.44
2024-02-12 04:30:00,34.45,61.18,81.67
2024-02-12 04:45:00,29.5,52.24,89.78
2024-02-12 05:00:00,32.0,44.44,75.8
2024-02-12 05:15:00,27.29,60.19,81.52
2024-02-12 05:30:00,32.86,67.21,71.25
2024-02-12 05:45:00,31.88,61.47,84.3
2024-02-12 06:00:00,34.33,84.57,94.04
2024-02-12 06:15:00,33.57,70.57,84.11
2024-02-12 06:30:00,32.94,58.39,68.93
2024-02-12 06:45:00,29.51,71.07,65.22
2024-02-12 07:00:00,31.22,60.73,93.14
2024-02-12 07:15:00,35.32,60.68,78.21
2024-02-12 07:30:00,26.74,79.45,99.36
2024-02-12 07:45:00,26.86,46.53,92.05
2024-02-12 08:00:00,30.91,60.35,70.89
2024-02-12 08:15:00,32.08,77.85,72.09
2024-02-12 08:30:00,25.88,64.63,97.85
2024-02-12 08:45:00,29.63,54.46,88.11
2024-02-12 09:00:00,29.53,34.41,77.54
2024-02-12 09:15:00,20.0,30.0,83.85
2024-02-12 09:30:00,28.9,90.0,86.24
2024-02-12 09:45:00,29.21,64.63,95.1
2024-02-12 10:00:00,29.2,51.24,87.35
2024-02-12 10:15:00,37.08,65.24,78.19
2024-02-12 10:30:00,23.92,45.78,86.53
2024-02-12 10:45:00,25.88,55.03,83.28
2024-02-12 11:00:00,20.0,45.89,77.27
2024-02-12 11:15:00,27.6,38.8,94.69
2024-02-12 11:30:00,28.02,30.0,85.67
2024-02-12 11:45:00,27.45,36.04,59.87
2024-02-12 12:00:00,35.54,75.32,93.19
2024-02-12 12:15:00,34.3,45.2,81.63
2024-02-12 12:30:00,30.39,68.02,75.58
2024-02-12 12:45:00,28.15,74.35,69.68
2024-02-12 13:00:00,35.13,60.25,85.98
2024-02-12 13:15:00,29.9,55.52,65.83
2024-02-12 13:30:00,25.91,62.0,77.92
2024-02-12 13:45:00,21.42,53.75,90.37
2024-02-12 14:00:00,27.79,78.06,96.62
2024-02-12 14:15:00,33.77,88.15,73.25
2024-02-12 14:30:00,41.38,81.75,89.93
2024-02-12 14:45:00,30.31,30.0,88.71
2024-02-12 15:00:00,26.17,53.44,83.33
2024-02-12 15:15:00,24.08,60.06,100.0
2024-02-12 15:30:00,32.76,66.95,71.53
2024-02-12 15:45:00,21.18,34.09,68.13
2024-02-12 16:00:00,32.75,33.85,74.49
2024-02-12 16:15:00,34.09,79.6,79.3
2024-02-12 16:30:00,32.18,51.61,81.03
2024-02-12 16:45:00,28.9,37.69,71.6
2024-02-12 17:00:00,32.82,43.45,88.71
2024-02-12 17:15:00,30.85,65.86,94.95
2024-02-12 17:30:00,26.11,47.66,86.36
2024-02-12 17:45:00,39.25,63.62,88.0
2024-02-12 18:00:00,28.24,45.32,86.29
2024-02-12 18:15:00,33.88,33.84,90.61
2024-02-12 18:30:00,20.0,81.37,80.75
2024-02-12 18:45:00,36.38,65.97,74.0
2024-02-12 19:00:00,37.34,54.99,81.03
2024-02-12 19:15:00,30.15,52.18,75.23
2024-02-12 19:30:00,32.79,81.97,91.13
2024-02-12 19:45:00,32.79,68.87,75.23
2024-02-12 20:00:00,26.79,77.2,72.62
2024-02-12 20:15:00,32.74,51.24,75.55
2024-02-12 20:30:00,25.96,60.76,87.7
2024-02-12 20:45:00,26.96,66.03,68.69
2024-02-12 21:00:00,35.63,51.75,75.31
2024-02-12 21:15:00,34.87,58.57,75.39
2024-02-12 21:30:00,26.47,51.25,71.75
2024-02-12 21:45:00,26.33,65.99,84.78
2024-02-12 22:00:00,26.77,40.18,78.82
2024-02-12 22:15:00,33.66,68.58,88.99
2024-02-12 22:30:00,25.0,64.66,94.24
2024-02-12 22:45:00,31.78,56.95,74.39
2024-02-12 23:00:00,33.73,66.74,87.14
2024-02-12 23:15:00,29.56,54.53,75.59
2024-02-12 23:30:00,35.05,49.95,68.15
2024-02-12 23:45:00,28.48,68.16,81.3
2024-02-13 00:00:00,28.93,68.81,73.1
2024-02-13 00:15:00,25.11,52.39,74.29
2024-02-13 00:30:00,35.09,51.1,68.43
2024-02-13 00:45:00,26.17,57.26,85.48
2024-02-13 01:00:00,31.75,51.72,78.33
2024-02-13 01:15:00,29.64,82.88,70.16
2024-02-13 01:30:00,24.74,64.75,84.24
2024-02-13 01:45:00,26.95,60.22,77.15
2024-02-13 02:00:00,36.91,46.01,81.57
2024-02-13 02:15:00,31.01,71.08,66.52
2024-02-13 02:30:00,24.95,50.83,91.55
2024-02-13 02:45:00,31.53,50.21,84.18
2024-02-13 03:00:00,29.27,71.59,81.44
2024-02-13 03:15:00,45.0,65.81,93.07
2024-02-13 03:30:00,31.43,30.0,84.54
2024-02-13 03:45:00,28.1,57.63,74.18
2024-02-13 04:00:00,37.1,61.88,79.08
2024-02-13 04:15:00,20.79,54.91,78.31
2024-02-13 04:30:00,30.47,62.41,96.27
2024-02-13 04:45:00,39.97,32.85,74.03
2024-02-13 05:00:00,29.42,30.0,73.62
2024-02-13 05:15:00,21.33,45.37,98.96
2024-02-13 05:30:00,28.02,64.23,78.08
2024-02-13 05:45:00,37.27,30.0,88.04
2024-02-13 06:00:00,31.88,47.35,81.16
2024-02-13 06:15:00,25.81,31.16,93.31
2024-02-13 06:30:00,26.57,56.36,67.55
2024-02-13 06:45:00,27.2,89.37,89.35
2024-02-13 07:00:00,31.81,56.74,83.66
2024-02-13 07:15:00,36.69,58.39,90.17
2024-02-13 07:30:00,35.26,72.59,89.41
2024-02-13 07:45:00,32.28,60.32,89.61
2024-02-13 08:00:00,23.34,56.78,65.8
2024-02-13 08:15:00,23.36,73.9,81.01
2024-02-13 08:30:00,32.67,67.08,90.04
2024-02-13 08:45:00,23.27,64.33,85.37
2024-02-13 09:00:00,28.87,57.92,93.99
2024-02-13 09:15:00,31.52,54.81,93.09
2024-02-13 09:30:00,24.31,73.76,74.27
2024-02-13 09:45:00,24.88,54.95,79.23
2024-02-13 10:00:00,29.53,78.47,76.97
2024-02-13 10:15:00,32.52,44.29,96.17
2024-02-13 10:30:00,35.31,81.51,79.1
2024-02-13 10:45:00,33.04,67.08,63.04
2024-02-13 11:00:00,30.37,45.47,92.73
2024-02-13 11:15:00,26.27,67.63,73.25
2024-02-13 11:30:00,24.65,50.25,86.24
2024-02-13 11:45:00,27.45,60.5,83.11
2024-02-13 12:00:00,32.05,52.7,94.28
2024-02-13 12:15:00,31.68,58.01,72.53
2024-02-13 12:30:00,20.0,74.12,93.93
2024-02-13 12:45:00,26.07,67.78,88.61
2024-02-13 13:00:00,36.02,43.12,89.91
2024-02-13 13:15:00,30.4,43.98,97.17
2024-02-13 13:30:00,22.91,64.06,80.6
2024-02-13 13:45:00,41.78,65.15,77.9
2024-02-13 14:00:00,29.86,49.88,55.5
2024-02-13 14:15:00,31.92,83.87,87.69
2024-02-13 14:30:00,32.0,72.2,71.18
2024-02-13 14:45:00,28.16,50.62,91.57
2024-02-13 15:00:00,26.36,49.17,83.54
2024-02-13 15:15:00,40.61,56.58,94.99
2024-02-13 15:30:00,35.02,55.02,81.88
2024-02-13 15:45:00,34.11,78.84,85.83
2024-02-13 16:00:00,32.88,74.77,73.75
2024-02-13 16:15:00,24.98,60.53,91.13
2024-02-13 16:30:00,36.39,70.17,86.1
2024-02-13 16:45:00,25.78,72.34,75.3
2024-02-13 17:00:00,31.42,60.87,100.0
2024-02-13 17:15:00,21.8,66.04,84.81
2024-02-13 17:30:00,20.0,68.91,87.29
2024-02-13 17:45:00,31.59,67.31,77.11
2024-02-13 18:00:00,25.95,48.32,64.22
2024-02-13 18:15:00,20.05,49.83,63.21
2024-02-13 18:30:00,32.7,55.67,83.77
2024-02-13 18:45:00,40.6,49.4,71.52
2024-02-13 19:00:00,36.95,37.9,95.65
2024-02-13 19:15:00,28.71,70.14,89.14
2024-02-13 19:30:00,30.04,65.2,72.9
2024-02-13 19:45:00,34.44,39.91,77.34
2024-02-13 20:00:00,35.61,56.39,76.17
2024-02-13 20:15:00,28.28,57.24,80.32
2024-02-13 20:30:00,30.17,62.73,77.65
2024-02-13 20:45:00,31.5,43.77,89.95
2024-02-13 21:00:00,32.77,39.69,89.04
2024-02-13 21:15:00,29.33,67.8,70.05
2024-02-13 21:30:00,29.4,36.99,82.92
2024-02-13 21:45:00,36.9,56.51,78.22
2024-02-13 22:00:00,36.05,55.11,87.94
2024-02-13 22:15:00,32.39,58.15,77.88
2024-02-13 22:30:00,38.6,63.79,82.07
2024-02-13 22:45:00,28.07,83.98,92.71
2024-02-13 23:00:00,38.11,36.01,75.18
2024-02-13 23:15:00,32.71,73.15,83.92
2024-02-13 23:30:00,45.0,30.0,90.87
2024-02-13 23:45:00,24.04,80.91,87.16
2024-02-14 00:00:00,26.55,30.0,91.79
2024-02-14 00:15:00,32.09,90.0,76.4
2024-02-14 00:30:00,31.99,54.15,84.75
2024-02-14 00:45:00,39.75,79.36,70.31
2024-02-14 01:00:00,26.66,76.26,88.19
2024-02-14 01:15:00,34.52,53.45,70.67
2024-02-14 01:30:00,35.81,54.6,81.33
2024-02-14 01:45:00,33.52,47.44,80.18
2024-02-14 02:00:00,25.2,71.81,80.79
2024-02-14 02:15:00,37.04,53.65,77.16
2024-02-14 02:30:00,36.15,47.72,74.42
2024-02-14 02:45:00,33.0,68.06,92.05
2024-02-14 03:00:00,31.02,46.54,86.29
2024-02-14 03:15:00,31.13,55.07,74.95
2024-02-14 03:30:00,29.61,61.61,93.16
2024-02-14 03:45:00,33.2,50.36,94.95
2024-02-14 04:00:00,30.16,52.63,74.76
2024-02-14 04:15:00,25.76,83.02,82.41
2024-02-14 04:30:00,24.76,56.94,78.51
2024-02-14 04:45:00,26.24,54.61,81.7
2024-02-14 05:00:00,31.11,57.37,87.36
2024-02-14 05:15:00,29.87,66.82,64.27
2024-02-14 05:30:00,31.08,44.49,89.74
2024-02-14 05:45:00,32.5,66.41,86.97
2024-02-14 06:00:00,26.86,63.84,79.83
2024-02-14 06:15:00,37.33,33.17,76.68
2024-02-14 06:30:00,28.66,86.91,97.73
2024-02-14 06:45:00,27.83,81.91,78.8
2024-02-14 07:00:00,32.41,47.99,64.48
2024-02-14 07:15:00,20.82,43.16,96.83
2024-02-14 07:30:00,26.05,63.42,70.89
2024-02-14 07:45:00,34.91,38.61,82.22
2024-02-14 08:00:00,21.31,80.46,82.78
2024-02-14 08:15:00,35.59,52.97,69.15
2024-02-14 08:30:00,37.56,84.33,91.04
2024-02-14 08:45:00,28.15,47.63,69.27
2024-02-14 09:00:00,31.46,58.32,89.95
2024-02-14 09:15:00,35.6,79.01,94.11
2024-02-14 09:30:00,27.67,55.15,78.67
2024-02-14 09:45:00,34.34,64.08,78.21
2024-02-14 10:00:00,26.64,76.39,89.88
2024-02-14 10:15:00,27.61,51.66,74.26
2024-02-14 10:30:00,26.0,41.07,66.72
2024-02-14 10:45:00,31.71,38.12,86.73
2024-02-14 11:00:00,35.79,68.75,71.68
2024-02-14 11:15:00,29.08,65.83,97.4
2024-02-14 11:30:00,23.64,75.92,79.55
2024-02-14 11:45:00,24.59,55.89,94.79
2024-02-14 12:00:00,31.97,38.54,84.38
2024-02-14 12:15:00,39.22,30.0,73.66
2024-02-14 12:30:00,31.97,90.0,85.86
2024-02-14 12:45:00,28.07,67.9,94.38
2024-02-14 13:00:00,33.83,62.05,88.93
2024-02-14 13:15:00,28.8,64.18,75.5
2024-02-14 13:30:00,28.11,38.53,95.5
2024-02-14 13:45:00,25.21,48.08,65.89
2024-02-14 14:00:00,37.04,86.15,76.83
2024-02-14 14:15:00,20.0,69.88,73.03
2024-02-14 14:30:00,33.99,48.55,94.17
2024-02-14 14:45:00,27.68,41.6,75.39
2024-02-14 15:00:00,27.95,52.26,76.9
2024-02-14 15:15:00,38.46,55.27,100.0
2024-02-14 15:30:00,26.43,90.0,82.92
2024-02-14 15:45:00,26.6,57.18,79.47
2024-02-14 16:00:00,29.35,42.16,80.77
2024-02-14 16:15:00,32.07,59.12,78.96
2024-02-14 16:30:00,27.79,63.97,83.61
2024-02-14 16:45:00,22.13,40.79,75.21
2024-02-14 17:00:00,25.67,66.03,86.03
2024-02-14 17:15:00,36.41,78.13,86.13
2024-02-14 17:30:00,30.37,62.08,76.82
2024-02-14 17:45:00,32.26,48.04,75.37
2024-02-14 18:00:00,28.69,52.07,80.24
2024-02-14 18:15:00,26.7,35.12,79.35
2024-02-14 18:30:00,38.39,57.99,91.53
2024-02-14 18:45:00,29.06,64.66,88.12
2024-02-14 19:00:00,27.78,46.55,92.29
2024-02-14 19:15:00,35.48,89.1,84.98
2024-02-14 19:30:00,26.39,71.88,93.99
2024-02-14 19:45:00,27.03,33.11,83.05
2024-02-14 20:00:00,30.05,33.42,82.1
2024-02-14 20:15:00,30.0,45.24,76.46
2024-02-14 20:30:00,31.3,83.6,70.13
2024-02-14 20:45:00,40.46,73.36,66.97
2024-02-14 21:00:00,31.68,84.36,78.83
2024-02-14 21:15:00,20.0,60.15,84.94
2024-02-14 21:30:00,31.63,56.86,90.24
2024-02-14 21:45:00,30.19,41.29,73.6
2024-02-14 22:00:00,30.22,65.25,67.93
2024-02-14 22:15:00,31.23,57.06,88.88
2024-02-14 22:30:00,29.86,56.48,87.27
2024-02-14 22:45:00,29.74,84.27,73.02
2024-02-14 23:00:00,33.07,58.1,69.24
2024-02-14 23:15:00,27.29,79.96,76.03
2024-02-14 23:30:00,25.26,36.18,98.98
2024-02-14 23:45:00,45.0,90.0,74.86
2024-02-15 00:00:00,26.42,54.4,94.12
2024-02-15 00:15:00,30.5,70.61,69.08
2024-02-15 00:30:00,22.52,72.99,79.69
2024-02-15 00:45:00,30.58,52.54,61.02
2024-02-15 01:00:00,25.33,72.29,81.86
2024-02-15 01:15:00,27.79,73.07,77.69
2024-02-15 01:30:00,35.23,49.3,81.1
2024-02-15 01:45:00,32.36,49.48,93.82
2024-02-15 02:00:00,32.84,60.68,92.96
2024-02-15 02:15:00,21.14,58.27,80.76
2024-02-15 02:30:00,39.18,80.9,87.2
2024-02-15 02:45:00,24.04,70.54,68.22
2024-02-15 03:00:00,37.64,58.94,83.57
2024-02-15 03:15:00,35.11,69.09,87.83
2024-02-15 03:30:00,32.89,30.0,70.05
2024-02-15 03:45:00,25.73,50.77,69.34
2024-02-15 04:00:00,30.76,64.32,74.53
2024-02-15 04:15:00,27.65,76.73,85.83
2024-02-15 04:30:00,30.15,63.0,78.29
2024-02-15 04:45:00,28.75,81.87,71.89
2024-02-15 05:00:00,20.0,73.02,94.94
2024-02-15 05:15:00,35.61,52.68,79.51
2024-02-15 05:30:00,29.59,57.9,77.87
2024-02-15 05:45:00,27.58,66.13,87.74
2024-02-15 06:00:00,27.2,53.27,65.89
2024-02-15 06:15:00,31.79,82.97,85.63
2024-02-15 06:30:00,25.53,43.37,81.41
2024-02-15 06:45:00,20.0,64.74,86.14
2024-02-15 07:00:00,32.04,71.03,80.59
2024-02-15 07:15:00,32.6,55.3,77.37
2024-02-15 07:30:00,29.0,51.92,90.91
2024-02-15 07:45:00,24.26,58.86,85.56
2024-02-15 08:00:00,30.44,72.18,85.55
2024-02-15 08:15:00,22.68,52.5,85.3
2024-02-15 08:30:00,24.86,43.97,87.52
2024-02-15 08:45:00,26.25,77.26,73.18
2024-02-15 09:00:00,34.22,65.99,95.59
2024-02-15 09:15:00,28.19,75.12,72.17
2024-02-15 09:30:00,27.76,71.39,91.85
2024-02-15 09:45:00,39.77,90.0,90.37
2024-02-15 10:00:00,31.76,76.72,69.49
2024-02-15 10:15:00,31.69,49.14,85.58
2024-02-15 10:30:00,28.15,67.05,90.01
2024-02-15 10:45:00,27.02,51.64,99.88
2024-02-15 11:00:00,20.0,53.19,83.78
2024-02-15 11:15:00,34.84,38.81,77.53
2024-02-15 11:30:00,32.24,55.71,92.26
2024-02-15 11:45:00,29.1,68.18,83.56
2024-02-15 12:00:00,29.31,59.01,90.29
2024-02-15 12:15:00,33.68,43.51,71.11
2024-02-15 12:30:00,22.23,37.15,91.14
2024-02-15 12:45:00,27.05,90.0,87.62
2024-02-15 13:00:00,24.32,64.88,75.37
2024-02-15 13:15:00,38.86,47.64,89.97
2024-02-15 13:30:00,34.38,66.93,74.24
2024-02-15 13:45:00,20.0,90.0,67.44
2024-02-15 14:00:00,22.43,69.31,67.78
2024-02-15 14:15:00,29.34,30.0,85.35
2024-02-15 14:30:00,27.64,90.0,73.11
2024-02-15 14:45:00,23.38,32.26,84.51
2024-02-15 15:00:00,39.72,56.91,83.34
2024-02-15 15:15:00,31.56,43.0,88.27
2024-02-15 15:30:00,32.37,48.9,87.79
2024-02-15 15:45:00,26.54,64.27,86.25
2024-02-15 16:00:00,33.61,30.0,70.57
2024-02-15 16:15:00,28.1,58.65,81.4
2024-02-15 16:30:00,28.58,77.21,96.01
2024-02-15 16:45:00,33.06,47.35,72.13
2024-02-15 17:00:00,21.86,39.15,87.18
2024-02-15 17:15:00,37.99,57.91,90.33
2024-02-15 17:30:00,30.91,54.92,84.36
2024-02-15 17:45:00,36.4,51.07,85.29
2024-02-15 18:00:00,24.62,42.17,88.12
2024-02-15 18:15:00,25.38,67.79,68.44
2024-02-15 18:30:00,24.19,68.93,91.24
2024-02-15 18:45:00,31.25,44.02,85.07
2024-02-15 19:00:00,30.33,46.09,75.0
2024-02-15 19:15:00,27.68,62.05,65.94
2024-02-15 19:30:00,24.93,45.53,68.59
2024-02-15 19:45:00,23.67,62.68,94.07
2024-02-15 20:00:00,29.76,82.02,95.37
2024-02-15 20:15:00,27.67,59.1,98.64
2024-02-15 20:30:00,26.57,41.8,70.57
2024-02-15 20:45:00,37.74,65.88,78.88
2024-02-15 21:00:00,29.59,57.34,80.56
2024-02-15 21:15:00,36.35,57.75,92.11
2024-02-15 21:30:00,27.33,67.13,76.99
2024-02-15 21:45:00,31.22,70.37,94.12
2024-02-15 22:00:00,29.72,60.53,77.43
2024-02-15 22:15:00,21.51,59.09,74.9
2024-02-15 22:30:00,37.14,90.0,60.38
2024-02-15 22:45:00,29.32,78.01,88.74
2024-02-15 23:00:00,33.73,72.5,78.54
2024-02-15 23:15:00,26.24,61.97,87.4
2024-02-15 23:30:00,29.18,44.91,82.81
2024-02-15 23:45:00,25.67,76.91,76.95
2024-02-16 00:00:00,36.18,62.16,75.99
2024-02-16 00:15:00,31.56,51.34,79.48
2024-02-16 00:30:00,31.84,56.35,77.8
2024-02-16 00:45:00,36.79,45.51,80.54
2024-02-16 01:00:00,35.78,75.86,83.8
2024-02-16 01:15:00,33.83,70.25,85.5
2024-02-16 01:30:00,22.89,62.72,76.59
2024-02-16 01:45:00,26.52,59.36,79.71
2024-02-16 02:00:00,24.98,49.79,87.43
2024-02-16 02:15:00,33.64,30.0,71.73
2024-02-16 02:30:00,30.85,38.81,71.57
2024-02-16 02:45:00,23.05,48.86,77.75
2024-02-16 03:00:00,29.06,46.61,65.62
2024-02-16 03:15:00,22.53,64.34,64.23
2024-02-16 03:30:00,29.73,72.17,81.83
2024-02-16 03:45:00,21.72,58.07,67.64
2024-02-16 04:00:00,32.64,81.13,90.42
2024-02-16 04:15:00,31.89,48.26,82.77
2024-02-16 04:30:00,39.54,57.97,72.46
2024-02-16 04:45:00,34.24,59.24,91.24
2024-02-16 05:00:00,27.89,76.38,70.79
2024-02-16 05:15:00,34.09,61.59,65.51
2024-02-16 05:30:00,23.01,62.0,90.14
2024-02-16 05:45:00,25.19,35.18,82.53
2024-02-16 06:00:00,31.67,46.5,60.85
2024-02-16 06:15:00,20.0,76.44,85.09
2024-02-16 06:30:00,29.81,30.0,84.7
2024-02-16 06:45:00,24.9,80.14,84.29
2024-02-16 07:00:00,30.51,67.49,98.46
2024-02-16 07:15:00,24.61,48.79,83.2
2024-02-16 07:30:00,32.12,47.52,92.45
2024-02-16 07:45:00,30.1,88.44,79.54
2024-02-16 08:00:00,37.0,81.17,84.22
2024-02-16 08:15:00,30.03,58.21,91.0
2024-02-16 08:30:00,26.16,62.02,87.29
2024-02-16 08:45:00,28.77,50.31,72.16
2024-02-16 09:00:00,23.28,62.02,80.78
2024-02-16 09:15:00,32.03,49.89,72.38
2024-02-16 09:30:00,32.95,58.82,70.84
2024-02-16 09:45:00,42.35,87.15,83.43
2024-02-16 10:00:00,26.89,58.57,96.97
2024-02-16 10:15:00,28.66,44.28,80.95
2024-02-16 10:30:00,27.12,39.5,74.23
2024-02-16 10:45:00,31.06,61.91,91.39
2024-02-16 11:00:00,31.91,48.59,79.6
2024-02-16 11:15:00,29.73,63.7,94.09
2024-02-16 11:30:00,35.43,35.71,95.56
2024-02-16 11:45:00,26.92,70.35,90.39
2024-02-16 12:00:00,34.93,44.1,78.02
2024-02-16 12:15:00,32.69,60.69,83.35
2024-02-16 12:30:00,29.94,54.93,91.88
2024-02-16 12:45:00,28.43,85.78,82.74
2024-02-16 13:00:00,42.13,62.57,66.28
2024-02-16 13:15:00,25.91,89.18,82.66
2024-02-16 13:30:00,31.49,68.41,73.96
2024-02-16 13:45:00,26.25,81.38,87.5
2024-02-16 14:00:00,38.93,56.87,90.72
2024-02-16 14:15:00,34.43,65.18,85.44
2024-02-16 14:30:00,26.61,78.28,57.43
2024-02-16 14:45:00,32.56,73.57,92.47
2024-02-16 15:00:00,31.29,67.96,91.72
2024-02-16 15:15:00,27.42,55.08,76.46
2024-02-16 15:30:00,33.79,57.62,79.01
2024-02-16 15:45:00,31.95,77.06,73.22
2024-02-16 16:00:00,31.08,80.19,92.41
2024-02-16 16:15:00,29.79,51.11,75.56
2024-02-16 16:30:00,32.16,48.84,83.95
2024-02-16 16:45:00,31.15,46.44,92.4
2024-02-16 17:00:00,30.3,72.45,76.39
2024-02-16 17:15:00,26.79,46.06,74.33
2024-02-16 17:30:00,38.47,72.26,87.72
2024-02-16 17:45:00,24.75,68.19,97.95
2024-02-16 18:00:00,32.14,51.82,83.09
2024-02-16 18:15:00,28.4,83.46,78.68
2024-02-16 18:30:00,38.8,38.07,92.8
2024-02-16 18:45:00,25.48,84.89,75.83
2024-02-16 19:00:00,26.32,64.78,95.12
2024-02-16 19:15:00,25.15,30.0,86.44
2024-02-16 19:30:00,31.62,83.88,93.38
2024-02-16 19:45:00,23.13,74.58,99.28
2024-02-16 20:00:00,27.61,53.58,79.79
2024-02-16 20:15:00,20.0,45.53,70.41
2024-02-16 20:30:00,31.2,36.46,97.22
2024-02-16 20:45:00,27.5,90.0,89.43
2024-02-16 21:00:00,22.56,46.15,76.28
2024-02-16 21:15:00,35.43,41.05,69.86
2024-02-16 21:30:00,23.46,64.02,83.15
2024-02-16 21:45:00,33.98,35.43,73.47
2024-02-16 22:00:00,26.49,45.28,90.21
2024-02-16 22:15:00,38.01,74.92,78.46
2024-02-16 22:30:00,33.75,66.96,72.11
2024-02-16 22:45:00,24.96,54.2,88.07
2024-02-16 23:00:00,25.41,60.27,97.57
2024-02-16 23:15:00,33.03,53.36,94.18
2024-02-16 23:30:00,28.69,59.07,94.83
2024-02-16 23:45:00,29.15,48.57,85.06
2024-02-17 00:00:00,36.36,51.3,76.75
2024-02-17 00:15:00,26.26,50.84,86.35
2024-02-17 00:30:00,30.46,49.11,79.26
2024-02-17 00:45:00,34.77,75.66,92.84
2024-02-17 01:00:00,34.05,71.55,77.69
2024-02-17 01:15:00,29.2,46.01,84.56
2024-02-17 01:30:00,28.56,42.08,77.7
2024-02-17 01:45:00,21.31,57.64,69.5
2024-02-17 02:00:00,24.72,90.0,96.42
2024-02-17 02:15:00,31.59,44.58,78.13
2024-02-17 02:30:00,29.31,57.58,72.52
2024-02-17 02:45:00,30.37,61.33,85.73
2024-02-17 03:00:00,35.2,58.37,88.57
2024-02-17 03:15:00,24.06,53.13,72.97
2024-02-17 03:30:00,28.82,77.33,68.74
2024-02-17 03:45:00,30.94,66.82,87.57
2024-02-17 04:00:00,26.48,72.69,93.6
2024-02-17 04:15:00,37.16,68.84,89.01
2024-02-17 04:30:00,34.54,73.41,93.26
2024-02-17 04:45:00,31.45,83.77,85.35
2024-02-17 05:00:00,38.97,79.97,80.56
2024-02-17 05:15:00,22.51,90.0,82.15
2024-02-17 05:30:00,29.96,78.26,100.0
2024-02-17 05:45:00,31.83,49.96,85.68
2024-02-17 06:00:00,25.43,72.71,73.29
2024-02-17 06:15:00,31.5,70.66,72.38
2024-02-17 06:30:00,24.47,88.8,100.0
2024-02-17 06:45:00,33.45,45.49,67.46
2024-02-17 07:00:00,35.29,68.37,89.76
2024-02-17 07:15:00,31.36,49.78,83.86
2024-02-17 07:30:00,20.74,67.69,62.24
2024-02-17 07:45:00,25.17,56.78,87.14
2024-02-17 08:00:00,32.82,67.19,79.31
2024-02-17 08:15:00,30.11,38.84,94.89
2024-02-17 08:30:00,20.0,71.9,83.91
2024-02-17 08:45:00,36.21,63.09,68.33
2024-02-17 09:00:00,30.68,62.28,71.54
2024-02-17 09:15:00,25.9,89.25,89.33
2024-02-17 09:30:00,34.97,54.26,82.75
2024-02-17 09:45:00,26.61,65.13,72.35
2024-02-17 10:00:00,26.56,61.5,79.84
2024-02-17 10:15:00,31.79,62.97,94.29
2024-02-17 10:30:00,38.91,90.0,74.12
2024-02-17 10:45:00,38.12,60.96,90.04
2024-02-17 11:00:00,31.8,51.49,84.9
2024-02-17 11:15:00,32.31,88.06,85.34
2024-02-17 11:30:00,33.96,55.38,71.81
2024-02-17 11:45:00,23.72,35.92,95.93
2024-02-17 12:00:00,33.22,48.89,79.76
2024-02-17 12:15:00,26.33,41.3,64.34
2024-02-17 12:30:00,31.59,33.0,73.82
2024-02-17 12:45:00,28.86,54.55,93.58
2024-02-17 13:00:00,32.51,58.95,70.77
2024-02-17 13:15:00,30.59,77.71,84.35
2024-02-17 13:30:00,20.0,69.44,72.13
2024-02-17 13:45:00,30.89,68.76,65.32
2024-02-17 14:00:00,33.21,46.6,92.56
2024-02-17 14:15:00,32.23,73.27,100.0
2024-02-17 14:30:00,29.49,80.87,74.63
2024-02-17 14:45:00,38.21,65.92,71.07
2024-02-17 15:00:00,31.56,66.34,89.44
2024-02-17 15:15:00,32.19,41.03,76.98
2024-02-17 15:30:00,35.22,75.82,80.83
2024-02-17 15:45:00,31.81,86.71,73.23
2024-02-17 16:00:00,25.51,64.84,88.44
2024-02-17 16:15:00,20.0,51.08,77.43
2024-02-17 16:30:00,27.61,57.57,66.74
2024-02-17 16:45:00,33.8,53.69,72.18
2024-02-17 17:00:00,28.23,54.59,68.14
2024-02-17 17:15:00,34.01,69.72,80.88
2024-02-17 17:30:00,30.74,64.19,85.03
2024-02-17 17:45:00,36.44,75.06,88.97
2024-02-17 18:00:00,28.52,65.56,79.72
2024-02-17 18:15:00,32.34,47.04,73.2
2024-02-17 18:30:00,32.53,52.49,91.76
2024-02-17 18:45:00,37.51,51.56,89.6
2024-02-17 19:00:00,21.47,57.2,68.97
2024-02-17 19:15:00,27.71,86.92,74.27
2024-02-17 19:30:00,34.24,89.32,82.41
2024-02-17 19:45:00,37.73,72.55,92.08
2024-02-17 20:00:00,31.2,61.78,88.79
2024-02-17 20:15:00,28.54,39.58,93.36
2024-02-17 20:30:00,33.79,63.3,81.79
2024-02-17 20:45:00,34.34,48.15,87.44
2024-02-17 21:00:00,28.2,84.46,80.31
2024-02-17 21:15:00,31.65,35.91,76.35
2024-02-17 21:30:00,35.9,65.77,80.5
2024-02-17 21:45:00,39.45,46.89,80.3
2024-02-17 22:00:00,33.71,59.86,84.57
2024-02-17 22:15:00,30.22,69.99,72.81
2024-02-17 22:30:00,29.73,75.33,93.51
2024-02-17 22:45:00,32.79,59.09,88.71
2024-02-17 23:00:00,29.42,71.42,83.23
2024-02-17 23:15:00,30.95,50.06,77.51
2024-02-17 23:30:00,24.71,63.68,79.28
2024-02-17 23:45:00,36.49,75.03,87.62
2024-02-18 00:00:00,24.3,64.98,83.45
2024-02-18 00:15:00,27.84,52.06,86.85
2024-02-18 00:30:00,30.49,55.81,73.39
2024-02-18 00:45:00,39.95,75.23,85.34
2024-02-18 01:00:00,27.89,43.62,79.08
2024-02-18 01:15:00,26.67,45.84,94.22
2024-02-18 01:30:00,27.25,69.02,96.01
2024-02-18 01:45:00,38.29,53.41,100.0
2024-02-18 02:00:00,20.0,38.2,90.55
2024-02-18 02:15:00,24.99,80.26,72.52
2024-02-18 02:30:00,43.66,43.51,90.48
2024-02-18 02:45:00,32.95,57.01,77.47
2024-02-18 03:00:00,24.47,50.71,84.07
2024-02-18 03:15:00,29.79,55.53,84.94
2024-02-18 03:30:00,30.34,46.73,73.19
2024-02-18 03:45:00,34.23,70.71,71.49
2024-02-18 04:00:00,39.2,61.66,79.39
2024-02-18 04:15:00,31.94,74.75,89.11
2024-02-18 04:30:00,27.3,50.86,74.29
2024-02-18 04:45:00,33.94,90.0,73.56
2024-02-18 05:00:00,26.51,31.43,70.25
2024-02-18 05:15:00,24.83,36.22,85.26
2024-02-18 05:30:00,21.2,86.3,90.97
2024-02-18 05:45:00,22.17,67.11,94.33
2024-02-18 06:00:00,25.52,65.12,96.83
2024-02-18 06:15:00,24.11,66.47,67.47
2024-02-18 06:30:00,31.57,68.57,72.29
2024-02-18 06:45:00,24.0,64.5,88.37
2024-02-18 07:00:00,20.0,45.51,77.14
2024-02-18 07:15:00,24.78,72.27,94.66
2024-02-18 07:30:00,27.64,69.91,73.38
2024-02-18 07:45:00,26.97,81.43,96.83
2024-02-18 08:00:00,37.6,86.46,76.66
2024-02-18 08:15:00,26.93,64.96,86.74
2024-02-18 08:30:00,34.4,41.59,99.65
2024-02-18 08:45:00,29.91,86.59,82.48
2024-02-18 09:00:00,29.79,44.73,93.82
2024-02-18 09:15:00,25.82,65.07,90.1
2024-02-18 09:30:00,29.71,56.15,85.82
2024-02-18 09:45:00,26.17,53.54,89.55
2024-02-18 10:00:00,30.85,71.46,78.77
2024-02-18 10:15:00,28.82,63.67,72.03
2024-02-18 10:30:00,25.28,67.7,92.38
2024-02-18 10:45:00,34.96,47.76,87.78
2024-02-18 11:00:00,32.13,57.39,89.25
2024-02-18 11:15:00,27.76,48.46,87.45
2024-02-18 11:30:00,30.73,57.01,79.81
2024-02-18 11:45:00,29.58,58.22,78.41
2024-02-18 12:00:00,25.66,87.66,92.29
2024-02-18 12:15:00,30.35,56.11,81.47
2024-02-18 12:30:00,26.89,30.0,78.75
2024-02-18 12:45:00,25.28,80.93,73.18
2024-02-18 13:00:00,21.89,66.74,77.66
2024-02-18 13:15:00,28.21,58.03,74.56
2024-02-18 13:30:00,32.83,53.44,90.09
2024-02-18 13:45:00,26.53,45.8,63.62
2024-02-18 14:00:00,42.6,89.07,64.48
2024-02-18 14:15:00,34.43,60.78,75.01
2024-02-18 14:30:00,36.52,33.93,68.37
2024-02-18 14:45:00,33.98,64.92,92.7
2024-02-18 15:00:00,39.26,78.09,100.0
2024-02-18 15:15:00,26.06,62.35,84.03
2024-02-18 15:30:00,20.0,46.48,83.28
2024-02-18 15:45:00,27.77,45.13,70.78
2024-02-18 16:00:00,32.79,46.24,89.03
2024-02-18 16:15:00,30.76,82.82,81.52
2024-02-18 16:30:00,31.38,58.93,91.91
2024-02-18 16:45:00,36.6,34.82,87.03
2024-02-18 17:00:00,31.91,65.76,78.98
2024-02-18 17:15:00,33.99,62.12,81.91
2024-02-18 17:30:00,25.3,53.27,76.31
2024-02-18 17:45:00,24.52,44.69,79.41
2024-02-18 18:00:00,38.07,44.04,85.53
2024-02-18 18:15:00,30.5,76.3,86.85
2024-02-18 18:30:00,26.88,63.71,76.25
2024-02-18 18:45:00,26.89,67.18,84.86
2024-02-18 19:00:00,26.75,63.67,77.12
2024-02-18 19:15:00,26.46,64.92,68.49
2024-02-18 19:30:00,23.58,52.97,83.43
2024-02-18 19:45:00,22.5,56.91,76.73
2024-02-18 20:00:00,29.02,77.47,84.41
2024-02-18 20:15:00,27.04,81.22,80.23
2024-02-18 20:30:00,35.54,41.67,70.97
2024-02-18 20:45:00,31.47,56.88,73.02
2024-02-18 21:00:00,31.33,72.59,90.59
2024-02-18 21:15:00,26.28,88.23,83.15
2024-02-18 21:30:00,29.39,86.73,72.08
2024-02-18 21:45:00,31.81,48.06,80.62
2024-02-18 22:00:00,33.58,79.13,92.86
2024-02-18 22:15:00,29.53,60.88,67.96
2024-02-18 22:30:00,35.4,75.67,73.63
2024-02-18 22:45:00,30.04,71.82,76.22
2024-02-18 23:00:00,33.96,41.04,80.29
2024-02-18 23:15:00,27.55,68.25,84.12
2024-02-18 23:30:00,20.94,75.09,87.02
2024-02-18 23:45:00,31.34,59.7,87.78
2024-02-19 00:00:00,33.63,56.31,81.86
2024-02-19 00:15:00,32.88,36.43,87.09
2024-02-19 00:30:00,32.11,70.25,72.44
2024-02-19 00:45:00,28.26,63.13,73.91
2024-02-19 01:00:00,25.97,46.17,63.06
2024-02-19 01:15:00,32.76,55.11,93.91
2024-02-19 01:30:00,32.13,62.32,93.29
2024-02-19 01:45:00,27.2,51.62,83.67
2024-02-19 02:00:00,35.55,60.04,81.09
2024-02-19 02:15:00,25.59,33.75,80.65
2024-02-19 02:30:00,27.08,80.24,80.72
2024-02-19 02:45:00,38.18,60.24,93.9
2024-02-19 03:00:00,34.34,43.51,86.31
2024-02-19 03:15:00,28.21,30.0,76.24
2024-02-19 03:30:00,31.44,75.44,75.12
2024-02-19 03:45:00,30.77,68.37,99.6
2024-02-19 04:00:00,20.0,63.16,74.23
2024-02-19 04:15:00,25.47,72.95,77.47
2024-02-19 04:30:00,29.75,72.91,65.06
2024-02-19 04:45:00,28.22,62.92,66.81
2024-02-19 05:00:00,31.24,56.19,83.81
2024-02-19 05:15:00,35.65,53.74,87.75
2024-02-19 05:30:00,28.39,66.31,65.33
2024-02-19 05:45:00,24.71,80.96,80.65
2024-02-19 06:00:00,31.62,58.46,82.35
2024-02-19 06:15:00,28.37,82.15,87.36
2024-02-19 06:30:00,29.22,65.6,81.08
2024-02-19 06:45:00,28.54,65.71,79.72
2024-02-19 07:00:00,41.21,90.0,100.0
2024-02-19 07:15:00,20.0,84.79,90.69
2024-02-19 07:30:00,28.06,85.18,79.57
2024-02-19 07:45:00,29.98,48.04,82.5
2024-02-19 08:00:00,26.09,90.0,91.13
2024-02-19 08:15:00,34.5,58.77,74.27
2024-02-19 08:30:00,34.07,56.59,98.34
2024-02-19 08:45:00,29.76,30.0,80.57
2024-02-19 09:00:00,28.65,64.89,77.89
2024-02-19 09:15:00,29.44,43.75,83.86
2024-02-19 09:30:00,29.48,66.12,71.81
2024-02-19 09:45:00,29.61,42.58,86.67
2024-02-19 10:00:00,29.06,86.97,91.67
2024-02-19 10:15:00,31.26,68.27,74.82
2024-02-19 10:30:00,33.77,90.0,88.24
2024-02-19 10:45:00,23.85,44.65,92.24
2024-02-19 11:00:00,24.75,83.24,96.82
2024-02-19 11:15:00,21.26,32.96,85.72
2024-02-19 11:30:00,34.33,63.12,73.55
2024-02-19 11:45:00,31.25,50.53,73.19
2024-02-19 12:00:00,32.53,53.28,63.31
2024-02-19 12:15:00,22.85,52.25,82.73
2024-02-19 12:30:00,38.92,46.28,90.54
2024-02-19 12:45:00,26.96,41.1,88.22
2024-02-19 13:00:00,30.84,53.36,63.36
2024-02-19 13:15:00,34.27,61.74,92.02
2024-02-19 13:30:00,25.07,77.46,95.56
2024-02-19 13:45:00,27.27,64.43,88.94
2024-02-19 14:00:00,30.9,77.5,91.9
2024-02-19 14:15:00,44.29,37.83,80.66
2024-02-19 14:30:00,31.51,53.51,75.14
2024-02-19 14:45:00,38.03,70.67,77.03
2024-02-19 15:00:00,36.03,65.15,69.91
2024-02-19 15:15:00,31.84,47.08,70.67
2024-02-19 15:30:00,25.05,74.01,92.48
2024-02-19 15:45:00,35.3,52.03,82.37
2024-02-19 16:00:00,22.51,48.34,70.43
2024-02-19 16:15:00,38.0,67.3,71.17
2024-02-19 16:30:00,31.0,60.09,84.96
2024-02-19 16:45:00,20.0,52.16,83.36
2024-02-19 17:00:00,28.3,51.65,85.68
2024-02-19 17:15:00,33.27,43.95,86.02
2024-02-19 17:30:00,28.81,54.06,98.61
2024-02-19 17:45:00,33.58,76.5,87.92
2024-02-19 18:00:00,25.75,63.67,95.03
2024-02-19 18:15:00,23.47,74.38,88.04
2024-02-19 18:30:00,29.64,67.74,99.0
2024-02-19 18:45:00,30.16,50.82,74.53
2024-02-19 19:00:00,28.26,35.26,83.15
2024-02-19 19:15:00,36.14,46.1,81.11
2024-02-19 19:30:00,25.75,49.93,64.3
2024-02-19 19:45:00,31.57,48.77,86.14
2024-02-19 20:00:00,30.34,74.72,84.79
2024-02-19 20:15:00,22.22,74.56,87.39
2024-02-19 20:30:00,23.4,90.0,96.03
2024-02-19 20:45:00,30.06,48.54,91.27
2024-02-19 21:00:00,39.91,83.96,82.38
2024-02-19 21:15:00,32.9,83.87,95.07
2024-02-19 21:30:00,21.37,56.52,72.54
2024-02-19 21:45:00,20.0,67.1,84.07
2024-02-19 22:00:00,33.67,78.61,82.29
2024-02-19 22:15:00,29.52,59.12,81.6
2024-02-19 22:30:00,35.71,57.95,91.38
2024-02-19 22:45:00,25.6,50.59,96.59
2024-02-19 23:00:00,31.75,30.0,66.8
2024-02-19 23:15:00,34.23,61.06,82.96
2024-02-19 23:30:00,27.76,49.35,78.9
2024-02-19 23:45:00,27.87,43.87,90.47
2024-02-20 00:00:00,30.13,66.33,78.43
2024-02-20 00:15:00,32.71,38.23,77.28
2024-02-20 00:30:00,29.93,72.09,87.07
2024-02-20 00:45:00,34.87,67.25,81.87
2024-02-20 01:00:00,27.69,54.0,75.52
2024-02-20 01:15:00,23.36,59.05,74.3
2024-02-20 01:30:00,39.88,42.15,74.79
2024-02-20 01:45:00,26.98,71.26,91.33
2024-02-20 02:00:00,27.16,62.81,91.46
2024-02-20 02:15:00,29.67,63.93,85.37
2024-02-20 02:30:00,30.34,67.53,82.97
2024-02-20 02:45:00,28.07,50.36,67.6
2024-02-20 03:00:00,29.91,37.21,66.27
2024-02-20 03:15:00,29.8,74.36,89.8
2024-02-20 03:30:00,30.87,70.33,91.19
2024-02-20 03:45:00,20.0,51.97,92.02
2024-02-20 04:00:00,39.4,66.14,89.97
2024-02-20 04:15:00,29.26,78.87,99.36
2024-02-20 04:30:00,32.9,77.08,98.98
2024-02-20 04:45:00,23.11,51.53,80.97
2024-02-20 05:00:00,27.64,37.67,75.39
2024-02-20 05:15:00,26.64,40.24,70.3
2024-02-20 05:30:00,37.35,55.32,82.26
2024-02-20 05:45:00,27.07,81.93,79.57
2024-02-20 06:00:00,33.79,49.07,75.18
2024-02-20 06:15:00,26.75,51.06,74.77
2024-02-20 06:30:00,27.74,50.75,93.41
2024-02-20 06:45:00,28.77,52.02,66.94
2024-02-20 07:00:00,36.42,59.83,92.22
2024-02-20 07:15:00,20.55,40.8,94.72
2024-02-20 07:30:00,23.42,76.27,83.4
2024-02-20 07:45:00,20.26,57.83,65.07
2024-02-20 08:00:00,24.56,90.0,97.3
2024-02-20 08:15:00,25.94,42.4,95.07
2024-02-20 08:30:00,21.93,83.85,78.1
2024-02-20 08:45:00,26.33,80.87,83.93
2024-02-20 09:00:00,20.0,53.82,78.64
2024-02-20 09:15:00,24.91,54.07,90.04
2024-02-20 09:30:00,36.0,46.18,91.52
2024-02-20 09:45:00,32.02,46.35,87.88
2024-02-20 10:00:00,30.94,59.99,89.75
2024-02-20 10:15:00,24.99,60.31,77.5
2024-02-20 10:30:00,22.32,35.96,93.26
2024-02-20 10:45:00,24.3,90.0,89.91
2024-02-20 11:00:00,29.78,56.11,75.4
2024-02-20 11:15:00,34.34,60.98,98.78
2024-02-20 11:30:00,34.51,50.61,85.0
2024-02-20 11:45:00,33.15,55.99,78.98
2024-02-20 12:00:00,26.31,54.63,99.34
2024-02-20 12:15:00,30.12,59.96,72.63
2024-02-20 12:30:00,28.39,59.78,67.19
2024-02-20 12:45:00,28.99,72.07,63.99
2024-02-20 13:00:00,40.19,63.41,82.61
2024-02-20 13:15:00,21.19,70.56,74.35
2024-02-20 13:30:00,28.83,59.85,76.89
2024-02-20 13:45:00,36.06,63.47,88.58
2024-02-20 14:00:00,22.67,56.38,82.3
2024-02-20 14:15:00,26.78,75.05,91.69
2024-02-20 14:30:00,27.35,64.84,75.43
2024-02-20 14:45:00,28.88,57.63,66.74
2024-02-20 15:00:00,22.02,57.18,89.9
2024-02-20 15:15:00,32.98,58.36,74.65
2024-02-20 15:30:00,33.33,60.46,72.14
2024-02-20 15:45:00,32.54,59.15,98.21
2024-02-20 16:00:00,25.65,51.62,78.61
2024-02-20 16:15:00,30.43,71.47,84.79
2024-02-20 16:30:00,25.5,72.42,83.2
2024-02-20 16:45:00,28.34,86.76,75.36
2024-02-20 17:00:00,40.77,50.95,93.02
2024-02-20 17:15:00,30.48,70.0,90.06
2024-02-20 17:30:00,24.06,31.36,78.44
2024-02-20 17:45:00,30.9,72.44,82.69
2024-02-20 18:00:00,23.24,38.15,74.62
2024-02-20 18:15:00,24.0,45.24,85.49
2024-02-20 18:30:00,24.79,64.98,86.32
2024-02-20 18:45:00,27.78,50.68,85.03
2024-02-20 19:00:00,34.68,48.62,89.34
2024-02-20 19:15:00,32.89,52.73,89.13
2024-02-20 19:30:00,32.61,70.94,78.06
2024-02-20 19:45:00,24.51,46.01,74.76
2024-02-20 20:00:00,27.29,59.19,69.55
2024-02-20 20:15:00,31.36,54.32,79.29
2024-02-20 20:30:00,26.86,72.3,66.24
2024-02-20 20:45:00,28.61,72.72,80.01
2024-02-20 21:00:00,32.21,32.47,84.5
2024-02-20 21:15:00,28.26,75.68,87.71
2024-02-20 21:30:00,31.13,50.84,80.97
2024-02-20 21:45:00,37.96,63.54,76.76
2024-02-20 22:00:00,29.14,45.92,90.67
2024-02-20 22:15:00,35.9,65.57,84.06
2024-02-20 22:30:00,32.8,90.0,71.9
2024-02-20 22:45:00,22.66,61.91,74.69
2024-02-20 23:00:00,24.49,53.1,96.09
2024-02-20 23:15:00,25.83,56.52,95.75
2024-02-20 23:30:00,25.73,37.96,87.92
2024-02-20 23:45:00,29.55,81.73,90.69
2024-02-21 00:00:00,33.07,64.69,89.24
2024-02-21 00:15:00,36.28,44.27,90.38
2024-02-21 00:30:00,31.54,44.76,80.63
2024-02-21 00:45:00,27.77,60.23,86.63
2024-02-21 01:00:00,20.0,73.98,78.78
2024-02-21 01:15:00,30.35,42.74,74.75
2024-02-21 01:30:00,30.13,76.7,75.9
2024-02-21 01:45:00,30.91,58.63,80.61
2024-02-21 02:00:00,40.53,46.05,81.64
2024-02-21 02:15:00,36.2,52.98,97.4
2024-02-21 02:30:00,33.93,86.23,75.76
2024-02-21 02:45:00,25.19,39.18,84.4
2024-02-21 03:00:00,27.44,49.02,79.9
2024-02-21 03:15:00,29.53,74.29,91.04
2024-02-21 03:30:00,26.12,63.25,79.1
2024-02-21 03:45:00,32.5,48.13,85.95
2024-02-21 04:00:00,31.78,74.47,99.06
2024-02-21 04:15:00,24.56,75.18,83.39
2024-02-21 04:30:00,35.98,64.97,87.91
2024-02-21 04:45:00,30.51,50.81,99.11
2024-02-21 05:00:00,21.35,53.13,90.3
2024-02-21 05:15:00,29.74,64.27,94.0
2024-02-21 05:30:00,31.41,40.32,80.0
2024-02-21 05:45:00,34.86,79.92,91.59
2024-02-21 06:00:00,28.31,85.5,85.81
2024-02-21 06:15:00,34.14,56.46,80.69
2024-02-21 06:30:00,30.94,65.34,92.73
2024-02-21 06:45:00,23.42,77.79,87.29
2024-02-21 07:00:00,22.92,89.33,87.19
2024-02-21 07:15:00,35.61,83.35,79.36
2024-02-21 07:30:00,35.98,33.97,74.95
2024-02-21 07:45:00,31.61,55.27,90.49
2024-02-21 08:00:00,37.48,67.51,76.64
2024-02-21 08:15:00,35.28,52.59,92.77
2024-02-21 08:30:00,33.42,86.74,82.8
2024-02-21 08:45:00,25.44,84.44,88.22
2024-02-21 09:00:00,38.66,47.76,77.46
2024-02-21 09:15:00,32.68,57.56,78.44
2024-02-21 09:30:00,28.07,48.76,90.0
2024-02-21 09:45:00,26.66,57.07,77.88
2024-02-21 10:00:00,31.28,56.62,62.61
2024-02-21 10:15:00,21.64,74.31,80.05
2024-02-21 10:30:00,33.5,46.67,88.87
2024-02-21 10:45:00,25.23,30.0,64.41
2024-02-21 11:00:00,31.85,35.93,79.5
2024-02-21 11:15:00,27.39,44.58,79.95
2024-02-21 11:30:00,28.68,50.16,88.54
2024-02-21 11:45:00,26.22,62.81,94.37
2024-02-21 12:00:00,29.19,43.8,76.69
2024-02-21 12:15:00,39.45,41.83,78.84
2024-02-21 12:30:00,36.93,46.06,78.79
2024-02-21 12:45:00,31.77,43.27,91.16
2024-02-21 13:00:00,29.87,51.68,69.43
2024-02-21 13:15:00,34.22,51.04,80.61
2024-02-21 13:30:00,35.65,70.34,83.11
2024-02-21 13:45:00,25.85,45.16,76.54
2024-02-21 14:00:00,29.61,54.64,77.59
2024-02-21 14:15:00,20.89,51.82,92.57
2024-02-21 14:30:00,35.62,72.13,89.47
2024-02-21 14:45:00,40.33,57.69,67.71
2024-02-21 15:00:00,30.4,75.76,79.68
2024-02-21 15:15:00,20.0,42.71,81.3
2024-02-21 15:30:00,33.04,59.26,70.25
2024-02-21 15:45:00,25.48,51.36,69.88
2024-02-21 16:00:00,26.68,41.61,79.62
2024-02-21 16:15:00,33.13,58.99,89.09
2024-02-21 16:30:00,31.27,85.99,78.49
2024-02-21 16:45:00,27.56,47.21,90.48
2024-02-21 17:00:00,26.75,58.09,91.61
2024-02-21 17:15:00,30.63,40.32,79.34
2024-02-21 17:30:00,27.95,38.11,85.32
2024-02-21 17:45:00,24.45,48.19,98.68
2024-02-21 18:00:00,28.34,53.25,79.51
2024-02-21 18:15:00,31.7,53.92,88.91
2024-02-21 18:30:00,29.11,56.61,78.75
2024-02-21 18:45:00,22.93,35.28,91.2
2024-02-21 19:00:00,34.95,50.61,70.3
2024-02-21 19:15:00,20.0,67.53,72.47
2024-02-21 19:30:00,27.77,39.63,90.09
2024-02-21 19:45:00,26.9,54.67,74.12
2024-02-21 20:00:00,30.74,64.39,77.58
2024-02-21 20:15:00,32.81,48.27,93.44
2024-02-21 20:30:00,35.63,65.12,97.88
2024-02-21 20:45:00,26.44,37.18,76.67
2024-02-21 21:00:00,32.93,73.33,76.1
2024-02-21 21:15:00,30.98,65.49,76.46
2024-02-21 21:30:00,21.44,60.83,97.27
2024-02-21 21:45:00,39.5,76.87,70.77
2024-02-21 22:00:00,22.81,55.06,76.12
2024-02-21 22:15:00,32.1,50.73,65.87
2024-02-21 22:30:00,31.95,80.59,69.06
2024-02-21 22:45:00,31.38,87.61,83.07
2024-02-21 23:00:00,27.53,49.6,80.79
2024-02-21 23:15:00,34.14,58.29,62.72
2024-02-21 23:30:00,22.2,75.68,71.07
2024-02-21 23:45:00,29.67,58.83,71.74
2024-02-22 00:00:00,27.18,68.92,77.65
2024-02-22 00:15:00,26.61,71.71,70.24
2024-02-22 00:30:00,32.14,51.57,91.04
2024-02-22 00:45:00,35.39,66.29,67.56
2024-02-22 01:00:00,28.28,59.91,75.38
2024-02-22 01:15:00,33.9,41.75,79.73
2024-02-22 01:30:00,30.25,45.16,83.37
2024-02-22 01:45:00,25.54,50.21,84.57
2024-02-22 02:00:00,28.71,73.93,99.95
2024-02-22 02:15:00,28.5,74.42,73.12
2024-02-22 02:30:00,26.52,71.25,65.45
2024-02-22 02:45:00,32.14,66.6,72.0
2024-02-22 03:00:00,31.17,66.19,72.46
2024-02-22 03:15:00,22.05,64.16,94.04
2024-02-22 03:30:00,21.74,66.11,85.52
2024-02-22 03:45:00,32.12,67.13,84.94
2024-02-22 04:00:00,25.92,38.93,90.13
2024-02-22 04:15:00,31.51,48.15,96.04
2024-02-22 04:30:00,33.9,44.57,79.46
2024-02-22 04:45:00,23.65,76.61,94.88
2024-02-22 05:00:00,22.94,84.81,86.96
2024-02-22 05:15:00,38.37,30.0,77.08
2024-02-22 05:30:00,31.76,83.47,76.85
2024-02-22 05:45:00,27.9,61.3,92.31
2024-02-22 06:00:00,25.33,75.19,94.82
2024-02-22 06:15:00,27.45,67.6,82.66
2024-02-22 06:30:00,24.05,81.61,92.29
2024-02-22 06:45:00,34.42,63.15,73.41
2024-02-22 07:00:00,26.12,39.55,84.03
2024-02-22 07:15:00,35.47,58.41,78.68
2024-02-22 07:30:00,28.0,67.73,67.74
2024-02-22 07:45:00,24.78,56.76,81.8
2024-02-22 08:00:00,27.87,69.87,91.29
2024-02-22 08:15:00,20.0,59.01,84.85
2024-02-22 08:30:00,29.4,51.07,73.76
2024-02-22 08:45:00,29.15,43.71,72.7
2024-02-22 09:00:00,34.12,54.12,71.13
2024-02-22 09:15:00,20.57,63.07,95.94
2024-02-22 09:30:00,35.81,30.61,86.09
2024-02-22 09:45:00,34.1,48.3,77.08
2024-02-22 10:00:00,36.26,30.05,63.68
2024-02-22 10:15:00,29.74,50.74,70.69
2024-02-22 10:30:00,35.07,77.96,93.5
2024-02-22 10:45:00,22.64,42.21,89.38
2024-02-22 11:00:00,33.57,70.55,84.13
2024-02-22 11:15:00,26.14,90.0,84.11
2024-02-22 11:30:00,21.74,81.8,73.81
2024-02-22 11:45:00,24.38,62.0,76.27
2024-02-22 12:00:00,30.03,72.88,73.37
2024-02-22 12:15:00,25.88,39.45,82.55
2024-02-22 12:30:00,31.88,36.4,67.15
2024-02-22 12:45:00,20.96,60.43,80.33
2024-02-22 13:00:00,20.0,65.98,75.96
2024-02-22 13:15:00,36.86,76.42,73.74
2024-02-22 13:30:00,34.52,51.47,78.55
2024-02-22 13:45:00,24.75,62.9,92.72
2024-02-22 14:00:00,29.99,62.39,82.51
2024-02-22 14:15:00,35.1,58.03,89.85
2024-02-22 14:30:00,32.1,58.91,73.9
2024-02-22 14:45:00,30.74,47.18,64.33
2024-02-22 15:00:00,35.48,64.2,74.11
2024-02-22 15:15:00,26.35,62.93,87.25
2024-02-22 15:30:00,30.16,53.4,77.54
2024-02-22 15:45:00,29.91,69.99,95.09
2024-02-22 16:00:00,28.64,75.42,67.36
2024-02-22 16:15:00,28.05,70.16,81.66
2024-02-22 16:30:00,30.36,44.36,69.1
2024-02-22 16:45:00,30.17,61.49,73.03
2024-02-22 17:00:00,24.76,46.33,87.99
2024-02-22 17:15:00,34.01,61.45,73.72
2024-02-22 17:30:00,25.12,46.39,84.69
2024-02-22 17:45:00,28.91,79.16,86.55
2024-02-22 18:00:00,28.52,71.75,87.61
2024-02-22 18:15:00,31.79,77.29,85.94
2024-02-22 18:30:00,20.0,75.78,75.98
2024-02-22 18:45:00,34.45,55.94,70.93
2024-02-22 19:00:00,26.62,53.62,79.65
2024-02-22 19:15:00,36.1,86.13,78.57
2024-02-22 19:30:00,27.61,57.52,78.34
2024-02-22 19:45:00,29.76,39.68,80.11
2024-02-22 20:00:00,39.57,75.11,75.97
2024-02-22 20:15:00,28.61,62.16,89.71
2024-02-22 20:30:00,36.19,82.59,64.7
2024-02-22 20:45:00,30.2,63.64,79.65
2024-02-22 21:00:00,32.08,59.7,74.18
2024-02-22 21:15:00,30.35,82.89,81.32
2024-02-22 21:30:00,34.24,36.92,94.13
2024-02-22 21:45:00,26.57,51.22,76.27
2024-02-22 22:00:00,25.08,46.69,81.55
2024-02-22 22:15:00,26.81,30.0,90.36
2024-02-22 22:30:00,30.5,73.1,83.98
2024-02-22 22:45:00,28.9,51.64,70.97
2024-02-22 23:00:00,33.55,73.58,90.81
2024-02-22 23:15:00,36.52,65.84,81.77
2024-02-22 23:30:00,25.12,69.11,93.73
2024-02-22 23:45:00,26.33,53.17,91.69
2024-02-23 00:00:00,22.82,48.54,91.75
2024-02-23 00:15:00,40.15,61.35,70.67
2024-02-23 00:30:00,31.52,73.79,97.45
2024-02-23 00:45:00,32.4,59.24,66.06
2024-02-23 01:00:00,23.3,49.47,84.9
2024-02-23 01:15:00,29.99,42.01,94.36
2024-02-23 01:30:00,32.55,63.06,72.79
2024-02-23 01:45:00,28.74,51.69,89.32
2024-02-23 02:00:00,35.38,58.92,84.69
2024-02-23 02:15:00,41.56,56.42,70.96
2024-02-23 02:30:00,25.26,53.33,100.0
2024-02-23 02:45:00,24.89,64.41,80.25
2024-02-23 03:00:00,25.61,68.32,80.46
2024-02-23 03:15:00,38.03,89.48,79.18
2024-02-23 03:30:00,35.21,71.37,69.68
2024-02-23 03:45:00,29.32,83.91,65.81
2024-02-23 04:00:00,30.18,47.72,89.9
2024-02-23 04:15:00,25.92,35.99,88.65
2024-02-23 04:30:00,34.45,59.78,83.38
2024-02-23 04:45:00,28.1,72.87,86.2
2024-02-23 05:00:00,28.7,70.52,92.64
2024-02-23 05:15:00,33.04,78.17,70.91
2024-02-23 05:30:00,29.06,30.0,89.41
2024-02-23 05:45:00,28.83,78.79,85.5
2024-02-23 06:00:00,30.05,65.03,80.93
2024-02-23 06:15:00,33.98,36.84,76.93
2024-02-23 06:30:00,38.23,70.85,88.99
2024-02-23 06:45:00,32.93,62.54,93.97
2024-02-23 07:00:00,34.02,65.72,86.25
2024-02-23 07:15:00,29.0,74.99,91.99
2024-02-23 07:30:00,26.46,66.45,92.61
2024-02-23 07:45:00,33.27,37.91,82.55
2024-02-23 08:00:00,30.86,57.85,93.34
2024-02-23 08:15:00,22.89,35.74,96.5
2024-02-23 08:30:00,28.36,69.74,99.1
2024-02-23 08:45:00,29.59,80.97,96.67
2024-02-23 09:00:00,27.45,41.38,74.71
2024-02-23 09:15:00,37.41,49.93,91.73
2024-02-23 09:30:00,32.4,46.76,78.3
2024-02-23 09:45:00,36.87,53.19,74.11
2024-02-23 10:00:00,31.32,66.19,73.39
2024-02-23 10:15:00,30.41,53.35,90.26
2024-02-23 10:30:00,25.32,69.79,78.64
2024-02-23 10:45:00,30.06,75.98,73.21
2024-02-23 11:00:00,30.07,76.53,86.56
2024-02-23 11:15:00,23.16,43.23,74.89
2024-02-23 11:30:00,27.3,80.79,69.27
2024-02-23 11:45:00,28.38,81.99,91.51
2024-02-23 12:00:00,32.07,83.29,81.09
2024-02-23 12:15:00,32.31,57.63,84.14
2024-02-23 12:30:00,27.09,48.72,61.35
2024-02-23 12:45:00,32.34,45.24,87.51
2024-02-23 13:00:00,29.09,43.47,70.69
2024-02-23 13:15:00,20.0,60.18,87.13
2024-02-23 13:30:00,27.58,72.72,81.98
2024-02-23 13:45:00,35.39,79.6,96.6
2024-02-23 14:00:00,21.59,52.72,86.81
2024-02-23 14:15:00,30.56,59.42,83.87
2024-02-23 14:30:00,37.93,58.44,77.07
2024-02-23 14:45:00,26.2,50.47,80.52
2024-02-23 15:00:00,30.01,71.04,83.42
2024-02-23 15:15:00,23.48,65.44,96.13
2024-02-23 15:30:00,38.14,62.13,76.2
2024-02-23 15:45:00,29.58,65.37,86.41
2024-02-23 16:00:00,30.23,69.23,77.51
2024-02-23 16:15:00,36.77,69.08,82.82
2024-02-23 16:30:00,33.31,47.42,81.5
2024-02-23 16:45:00,25.62,73.44,87.44
2024-02-23 17:00:00,26.76,63.83,74.81
2024-02-23 17:15:00,32.47,53.48,84.45
2024-02-23 17:30:00,26.88,63.51,92.04
2024-02-23 17:45:00,20.0,65.17,81.89
2024-02-23 18:00:00,29.73,76.23,83.04
2024-02-23 18:15:00,22.6,44.31,75.2
2024-02-23 18:30:00,38.08,79.87,80.35
2024-02-23 18:45:00,30.88,60.35,91.17
2024-02-23 19:00:00,25.47,52.41,66.16
2024-02-23 19:15:00,26.51,51.95,79.66
2024-02-23 19:30:00,20.55,44.98,75.16
2024-02-23 19:45:00,24.5,33.89,84.77
2024-02-23 20:00:00,35.08,70.16,67.65
2024-02-23 20:15:00,41.16,89.71,93.44
2024-02-23 20:30:00,33.63,35.74,88.16
2024-02-23 20:45:00,29.54,45.74,92.38
2024-02-23 21:00:00,27.84,71.27,92.93
2024-02-23 21:15:00,25.22,59.32,82.17
2024-02-23 21:30:00,40.3,72.52,83.81
2024-02-23 21:45:00,29.06,58.47,83.98
2024-02-23 22:00:00,40.58,51.29,99.67
2024-02-23 22:15:00,36.97,56.61,87.38
2024-02-23 22:30:00,21.3,30.0,69.88
2024-02-23 22:45:00,26.67,42.85,87.0
2024-02-23 23:00:00,26.65,74.22,62.92
2024-02-23 23:15:00,29.6,77.88,90.89
2024-02-23 23:30:00,29.7,81.09,76.92
2024-02-23 23:45:00,44.98,66.61,82.9
2024-02-24 00:00:00,24.61,30.0,94.51
2024-02-24 00:15:00,31.14,50.47,88.59
2024-02-24 00:30:00,33.08,79.87,79.45
2024-02-24 00:45:00,29.99,84.35,85.69
2024-02-24 01:00:00,30.55,80.44,76.32
2024-02-24 01:15:00,24.78,56.46,72.29
2024-02-24 01:30:00,30.53,40.4,81.38
2024-02-24 01:45:00,32.56,59.39,82.31
2024-02-24 02:00:00,31.64,60.22,85.99
2024-02-24 02:15:00,32.85,83.48,74.66
2024-02-24 02:30:00,37.06,63.42,87.95
2024-02-24 02:45:00,34.68,60.25,86.89
2024-02-24 03:00:00,30.36,61.1,79.09
2024-02-24 03:15:00,24.14,66.0,91.89
2024-02-24 03:30:00,27.0,69.4,76.35
2024-02-24 03:45:00,28.9,49.13,78.48
2024-02-24 04:00:00,31.26,44.14,87.5
2024-02-24 04:15:00,27.61,80.56,91.12
2024-02-24 04:30:00,25.32,35.38,76.21
2024-02-24 04:45:00,24.06,84.57,77.27
2024-02-24 05:00:00,21.74,31.34,97.25
2024-02-24 05:15:00,28.83,51.23,95.22
2024-02-24 05:30:00,22.65,74.58,90.29
2024-02-24 05:45:00,25.0,60.01,88.49
2024-02-24 06:00:00,28.03,40.25,82.12
2024-02-24 06:15:00,23.32,66.4,75.98
2024-02-24 06:30:00,31.9,61.01,84.62
2024-02-24 06:45:00,33.7,56.76,71.85
2024-02-24 07:00:00,27.25,50.64,74.28
2024-02-24 07:15:00,27.81,59.48,100.0
2024-02-24 07:30:00,32.69,51.27,74.33
2024-02-24 07:45:00,26.43,90.0,70.6
2024-02-24 08:00:00,26.09,56.4,72.84
2024-02-24 08:15:00,35.98,54.39,98.72
2024-02-24 08:30:00,34.42,51.88,94.17
2024-02-24 08:45:00,33.01,86.65,71.51
2024-02-24 09:00:00,34.63,35.41,82.66
2024-02-24 09:15:00,20.11,65.39,86.12
2024-02-24 09:30:00,36.77,56.41,82.37
2024-02-24 09:45:00,31.96,38.65,72.55
2024-02-24 10:00:00,35.05,47.71,74.93
2024-02-24 10:15:00,31.94,64.75,79.22
2024-02-24 10:30:00,30.24,47.03,64.69
2024-02-24 10:45:00,28.62,63.89,93.82
2024-02-24 11:00:00,31.84,85.94,80.23
2024-02-24 11:15:00,28.44,62.56,86.59
2024-02-24 11:30:00,34.34,38.2,91.53
2024-02-24 11:45:00,22.07,47.3,87.68
2024-02-24 12:00:00,27.29,55.72,87.57
2024-02-24 12:15:00,40.22,54.72,65.75
2024-02-24 12:30:00,26.87,62.28,78.21
2024-02-24 12:45:00,28.81,64.69,92.37
2024-02-24 13:00:00,25.59,85.96,89.5
2024-02-24 13:15:00,31.68,59.94,96.22
2024-02-24 13:30:00,26.32,42.72,78.49
2024-02-24 13:45:00,29.07,77.31,94.45
2024-02-24 14:00:00,34.24,78.95,74.76
2024-02-24 14:15:00,26.51,63.49,60.03
2024-02-24 14:30:00,33.94,56.3,72.56
2024-02-24 14:45:00,34.11,69.34,93.24
2024-02-24 15:00:00,35.27,56.83,89.01
2024-02-24 15:15:00,30.7,30.0,81.27
2024-02-24 15:30:00,45.0,68.45,88.73
2024-02-24 15:45:00,35.27,73.38,67.32
2024-02-24 16:00:00,31.62,81.62,80.76
2024-02-24 16:15:00,25.62,49.04,79.99
2024-02-24 16:30:00,29.51,63.39,69.66
2024-02-24 16:45:00,37.13,63.72,73.75
2024-02-24 17:00:00,38.55,61.28,67.98
2024-02-24 17:15:00,37.39,61.72,92.66
2024-02-24 17:30:00,33.93,60.56,91.65
2024-02-24 17:45:00,23.72,63.18,89.21
2024-02-24 18:00:00,32.44,71.11,76.26
2024-02-24 18:15:00,23.79,78.3,76.42
2024-02-24 18:30:00,22.56,48.66,75.19
2024-02-24 18:45:00,31.2,57.42,74.09
2024-02-24 19:00:00,32.62,53.66,79.97
2024-02-24 19:15:00,34.52,51.51,78.72
2024-02-24 19:30:00,32.49,35.76,85.26
2024-02-24 19:45:00,32.66,60.36,92.81
2024-02-24 20:00:00,25.08,67.19,77.32
2024-02-24 20:15:00,29.48,57.67,99.04
2024-02-24 20:30:00,22.46,59.87,71.86
2024-02-24 20:45:00,20.0,66.28,93.61
2024-02-24 21:00:00,33.7,81.17,83.1
2024-02-24 21:15:00,26.23,53.7,62.24
2024-02-24 21:30:00,34.36,42.43,79.74
2024-02-24 21:45:00,35.54,58.64,72.2
2024-02-24 22:00:00,26.9,88.25,96.06
2024-02-24 22:15:00,32.95,42.59,74.63
2024-02-24 22:30:00,26.69,69.75,94.39
2024-02-24 22:45:00,20.77,77.37,75.4
2024-02-24 23:00:00,30.62,30.0,91.35
2024-02-24 23:15:00,27.65,66.15,79.78
2024-02-24 23:30:00,27.8,69.05,88.51
2024-02-24 23:45:00,39.88,55.99,91.62
2024-02-25 00:00:00,22.37,50.3,74.94
2024-02-25 00:15:00,31.91,51.14,75.84
2024-02-25 00:30:00,25.03,55.07,87.01
2024-02-25 00:45:00,34.54,55.47,76.04
2024-02-25 01:00:00,31.49,52.64,89.14
2024-02-25 01:15:00,31.9,54.83,81.89
2024-02-25 01:30:00,25.28,77.86,86.71
2024-02-25 01:45:00,26.17,41.78,84.43
2024-02-25 02:00:00,34.64,33.76,88.79
2024-02-25 02:15:00,38.85,78.1,72.79
2024-02-25 02:30:00,32.4,57.12,69.88
2024-02-25 02:45:00,25.51,54.18,100.0
2024-02-25 03:00:00,31.69,58.33,97.57
2024-02-25 03:15:00,42.14,63.14,76.04
2024-02-25 03:30:00,30.51,52.14,90.61
2024-02-25 03:45:00,37.31,67.59,59.58
2024-02-25 04:00:00,26.3,45.57,92.24
2024-02-25 04:15:00,29.79,55.47,82.97
2024-02-25 04:30:00,33.1,30.0,88.83
2024-02-25 04:45:00,31.99,77.58,95.19
2024-02-25 05:00:00,26.17,57.36,75.48
2024-02-25 05:15:00,25.95,70.05,63.88
2024-02-25 05:30:00,34.94,67.15,81.35
2024-02-25 05:45:00,35.96,68.25,95.44
2024-02-25 06:00:00,37.56,59.88,84.1
2024-02-25 06:15:00,39.02,65.82,93.13
2024-02-25 06:30:00,30.67,45.58,71.4
2024-02-25 06:45:00,28.44,42.43,83.43
2024-02-25 07:00:00,36.75,58.48,100.0
2024-02-25 07:15:00,33.57,49.8,85.52
2024-02-25 07:30:00,25.09,81.38,85.97
2024-02-25 07:45:00,24.83,65.63,98.4
2024-02-25 08:00:00,32.46,49.25,77.75
2024-02-25 08:15:00,29.11,55.93,74.84
2024-02-25 08:30:00,29.87,62.0,77.99
2024-02-25 08:45:00,35.36,58.98,81.03
2024-02-25 09:00:00,33.8,64.08,77.72
2024-02-25 09:15:00,36.65,61.03,89.83
2024-02-25 09:30:00,20.34,39.14,65.36
2024-02-25 09:45:00,31.27,30.0,75.05
2024-02-25 10:00:00,33.47,54.4,84.88
2024-02-25 10:15:00,22.37,68.41,90.49
2024-02-25 10:30:00,26.73,54.56,84.04
2024-02-25 10:45:00,25.8,78.55,74.49
2024-02-25 11:00:00,30.11,59.3,76.93
2024-02-25 11:15:00,38.14,80.36,85.15
2024-02-25 11:30:00,40.11,77.28,75.26
2024-02-25 11:45:00,25.93,75.77,74.5
2024-02-25 12:00:00,32.63,41.95,95.95
2024-02-25 12:15:00,32.79,60.26,81.05
2024-02-25 12:30:00,31.94,78.34,83.34
2024-02-25 12:45:00,31.99,64.09,93.42
2024-02-25 13:00:00,31.52,68.32,72.35
2024-02-25 13:15:00,38.44,39.18,72.49
2024-02-25 13:30:00,35.51,88.78,65.86
2024-02-25 13:45:00,24.7,48.13,90.03
2024-02-25 14:00:00,33.98,30.08,92.12
2024-02-25 14:15:00,34.46,54.73,88.2
2024-02-25 14:30:00,31.57,30.0,100.0
2024-02-25 14:45:00,35.66,43.72,83.68
2024-02-25 15:00:00,30.94,90.0,76.57
2024-02-25 15:15:00,31.0,54.3,68.13
2024-02-25 15:30:00,30.61,38.58,89.42
2024-02-25 15:45:00,20.0,60.38,86.81
2024-02-25 16:00:00,29.6,46.53,83.18
2024-02-25 16:15:00,26.66,72.97,82.39
2024-02-25 16:30:00,24.07,46.66,77.53
2024-02-25 16:45:00,37.17,64.06,91.23
2024-02-25 17:00:00,32.52,42.79,86.04
2024-02-25 17:15:00,29.85,90.0,90.17
2024-02-25 17:30:00,27.18,67.55,84.64
2024-02-25 17:45:00,31.48,57.82,82.12
2024-02-25 18:00:00,34.96,55.61,90.83
2024-02-25 18:15:00,25.87,51.7,79.8
2024-02-25 18:30:00,29.98,48.59,82.13
2024-02-25 18:45:00,34.34,48.17,89.63
2024-02-25 19:00:00,20.32,85.17,90.85
2024-02-25 19:15:00,29.71,51.71,81.67
2024-02-25 19:30:00,27.85,30.0,70.84
2024-02-25 19:45:00,29.33,42.51,73.8
2024-02-25 20:00:00,27.49,73.92,83.28
2024-02-25 20:15:00,30.69,56.22,97.42
2024-02-25 20:30:00,39.62,57.99,87.52
2024-02-25 20:45:00,28.38,77.55,61.25
2024-02-25 21:00:00,31.46,48.34,83.31
2024-02-25 21:15:00,39.97,69.49,66.69
2024-02-25 21:30:00,27.25,49.98,78.87
2024-02-25 21:45:00,39.07,68.64,82.42
2024-02-25 22:00:00,30.03,54.13,70.67
2024-02-25 22:15:00,38.91,56.38,92.63
2024-02-25 22:30:00,33.75,72.3,89.63
2024-02-25 22:45:00,31.54,71.22,88.29
2024-02-25 23:00:00,29.67,57.52,78.22
2024-02-25 23:15:00,26.88,52.93,85.59
2024-02-25 23:30:00,30.38,83.99,88.44
2024-02-25 23:45:00,34.49,68.84,96.86
2024-02-26 00:00:00,29.93,54.13,83.45
2024-02-26 00:15:00,28.42,50.2,81.15
2024-02-26 00:30:00,28.75,75.37,88.51
2024-02-26 00:45:00,34.96,61.73,75.78
2024-02-26 01:00:00,36.13,57.55,72.14
2024-02-26 01:15:00,26.66,61.72,91.38
2024-02-26 01:30:00,26.66,65.07,95.08
2024-02-26 01:45:00,31.9,59.15,87.45
2024-02-26 02:00:00,37.64,78.06,98.9
2024-02-26 02:15:00,35.73,78.89,69.24
2024-02-26 02:30:00,23.74,67.98,81.68
2024-02-26 02:45:00,28.68,80.62,93.28
2024-02-26 03:00:00,25.35,60.13,97.15
2024-02-26 03:15:00,28.66,70.35,78.49
2024-02-26 03:30:00,38.02,75.07,68.82
2024-02-26 03:45:00,22.89,75.29,91.46
2024-02-26 04:00:00,21.91,73.74,83.12
2024-02-26 04:15:00,25.86,69.47,69.14
2024-02-26 04:30:00,31.44,89.36,72.63
2024-02-26 04:45:00,33.1,51.9,85.55
2024-02-26 05:00:00,32.19,57.67,74.21
2024-02-26 05:15:00,35.88,56.78,96.2
2024-02-26 05:30:00,21.18,54.48,84.37
2024-02-26 05:45:00,35.94,30.17,70.12
2024-02-26 06:00:00,28.44,80.62,95.38
2024-02-26 06:15:00,33.66,44.61,85.66
2024-02-26 06:30:00,23.38,62.55,84.2
2024-02-26 06:45:00,30.02,38.67,99.29
2024-02-26 07:00:00,31.18,69.31,75.35
2024-02-26 07:15:00,35.78,48.22,90.71
2024-02-26 07:30:00,22.07,42.96,71.21
2024-02-26 07:45:00,30.15,62.92,81.0
2024-02-26 08:00:00,24.57,49.49,87.22
2024-02-26 08:15:00,32.53,51.39,67.02
2024-02-26 08:30:00,33.89,62.58,87.49
2024-02-26 08:45:00,36.44,72.0,87.69
2024-02-26 09:00:00,27.32,47.72,92.05
2024-02-26 09:15:00,34.64,45.13,77.75
2024-02-26 09:30:00,36.8,60.35,75.02
2024-02-26 09:45:00,21.78,68.09,74.05
2024-02-26 10:00:00,33.06,81.94,74.02
2024-02-26 10:15:00,34.79,43.93,89.85
2024-02-26 10:30:00,28.71,55.23,93.11
2024-02-26 10:45:00,23.95,77.64,86.75
2024-02-26 11:00:00,34.71,89.6,99.1
2024-02-26 11:15:00,24.0,45.1,79.64
2024-02-26 11:30:00,29.11,48.92,67.82
2024-02-26 11:45:00,29.8,65.72,82.44
2024-02-26 12:00:00,33.58,51.33,83.61
2024-02-26 12:15:00,26.87,48.61,74.29
2024-02-26 12:30:00,26.58,63.67,92.78
2024-02-26 12:45:00,30.49,83.24,68.93
2024-02-26 13:00:00,35.03,40.36,86.2
2024-02-26 13:15:00,41.44,82.48,80.1
2024-02-26 13:30:00,22.46,51.38,93.94
2024-02-26 13:45:00,31.58,65.19,98.05
2024-02-26 14:00:00,24.57,83.86,84.99
2024-02-26 14:15:00,35.09,64.88,72.06
2024-02-26 14:30:00,25.31,55.54,94.56
2024-02-26 14:45:00,26.63,70.77,76.11
2024-02-26 15:00:00,27.05,57.4,69.95
2024-02-26 15:15:00,29.62,67.82,82.49
2024-02-26 15:30:00,31.62,56.93,69.09
2024-02-26 15:45:00,32.42,72.92,76.16
2024-02-26 16:00:00,29.97,39.09,74.32
2024-02-26 16:15:00,23.35,44.8,82.08
2024-02-26 16:30:00,33.64,38.87,88.68
2024-02-26 16:45:00,29.74,59.15,70.64
2024-02-26 17:00:00,35.81,37.06,74.57
2024-02-26 17:15:00,26.46,49.62,87.57
2024-02-26 17:30:00,21.99,43.39,94.49
2024-02-26 17:45:00,29.83,82.2,75.35
2024-02-26 18:00:00,36.48,45.14,75.4
2024-02-26 18:15:00,30.8,40.7,100.0
2024-02-26 18:30:00,29.0,63.73,83.17
2024-02-26 18:45:00,25.65,85.3,77.63
2024-02-26 19:00:00,38.79,58.26,95.2
2024-02-26 19:15:00,24.85,59.42,77.16
2024-02-26 19:30:00,26.37,79.36,77.28
2024-02-26 19:45:00,32.85,73.17,91.09
2024-02-26 20:00:00,20.72,66.38,80.77
2024-02-26 20:15:00,36.37,51.26,79.11
2024-02-26 20:30:00,33.12,66.84,85.56
2024-02-26 20:45:00,34.5,39.59,85.77
2024-02-26 21:00:00,32.79,50.64,88.02
2024-02-26 21:15:00,29.19,81.47,86.46
2024-02-26 21:30:00,24.68,79.53,81.57
2024-02-26 21:45:00,29.3,66.56,87.37
2024-02-26 22:00:00,25.12,31.06,83.68
2024-02-26 22:15:00,32.43,41.88,94.84
2024-02-26 22:30:00,34.03,49.81,73.65
2024-02-26 22:45:00,37.38,57.42,73.53
2024-02-26 23:00:00,31.86,41.24,78.42
2024-02-26 23:15:00,34.62,56.31,90.63
2024-02-26 23:30:00,28.51,86.51,90.15
2024-02-26 23:45:00,27.61,66.01,70.61
2024-02-27 00:00:00,32.37,63.28,92.91
2024-02-27 00:15:00,28.07,44.74,93.04
2024-02-27 00:30:00,31.35,35.42,95.51
2024-02-27 00:45:00,24.69,41.58,84.2
2024-02-27 01:00:00,25.59,34.81,83.51
2024-02-27 01:15:00,33.18,61.13,96.18
2024-02-27 01:30:00,34.43,65.76,81.03
2024-02-27 01:45:00,25.07,45.52,77.15
2024-02-27 02:00:00,33.35,62.22,70.4
2024-02-27 02:15:00,27.34,82.03,82.19
2024-02-27 02:30:00,30.08,89.37,75.63
2024-02-27 02:45:00,37.08,71.56,87.66
2024-02-27 03:00:00,34.04,57.38,100.0
2024-02-27 03:15:00,33.98,71.07,80.32
2024-02-27 03:30:00,39.54,80.28,95.26
2024-02-27 03:45:00,26.48,30.0,92.0
2024-02-27 04:00:00,25.07,82.23,97.93
2024-02-27 04:15:00,26.39,51.83,87.08
2024-02-27 04:30:00,28.73,51.98,93.99
2024-02-27 04:45:00,20.0,54.68,83.7
2024-02-27 05:00:00,28.96,64.8,74.05
2024-02-27 05:15:00,27.28,43.33,85.89
2024-02-27 05:30:00,33.92,55.73,76.25
2024-02-27 05:45:00,31.76,67.88,93.59
2024-02-27 06:00:00,27.0,63.28,80.1
2024-02-27 06:15:00,32.95,65.71,79.32
2024-02-27 06:30:00,33.62,55.14,93.86
2024-02-27 06:45:00,26.16,70.41,86.33
2024-02-27 07:00:00,27.53,75.85,79.25
2024-02-27 07:15:00,20.0,74.95,90.91
2024-02-27 07:30:00,24.55,66.41,84.13
2024-02-27 07:45:00,26.29,74.08,68.42
2024-02-27 08:00:00,30.37,73.07,92.65
2024-02-27 08:15:00,25.27,90.0,71.52
2024-02-27 08:30:00,27.43,78.27,83.29
2024-02-27 08:45:00,23.87,58.67,70.72
2024-02-27 09:00:00,30.86,46.32,81.37
2024-02-27 09:15:00,32.13,56.08,100.0
2024-02-27 09:30:00,32.01,55.02,66.02
2024-02-27 09:45:00,30.06,67.67,90.95
2024-02-27 10:00:00,22.29,49.5,85.4
2024-02-27 10:15:00,26.9,77.88,76.3
2024-02-27 10:30:00,27.96,39.16,95.64
2024-02-27 10:45:00,27.98,35.51,63.86
2024-02-27 11:00:00,30.37,57.97,86.69
2024-02-27 11:15:00,37.13,47.36,95.33
2024-02-27 11:30:00,34.06,41.13,95.21
2024-02-27 11:45:00,25.06,50.44,73.27
2024-02-27 12:00:00,33.39,48.58,90.83
2024-02-27 12:15:00,33.2,60.15,91.36
2024-02-27 12:30:00,25.97,50.69,72.27
2024-02-27 12:45:00,34.24,51.91,83.21
2024-02-27 13:00:00,29.2,59.93,73.69
2024-02-27 13:15:00,22.95,75.21,80.52
2024-02-27 13:30:00,32.28,82.06,73.59
2024-02-27 13:45:00,31.08,62.22,70.03
2024-02-27 14:00:00,28.86,63.38,84.64
2024-02-27 14:15:00,29.81,57.25,77.99
2024-02-27 14:30:00,26.4,67.22,84.02
2024-02-27 14:45:00,33.05,65.85,82.5
2024-02-27 15:00:00,29.78,79.89,66.75
2024-02-27 15:15:00,30.83,31.67,80.67
2024-02-27 15:30:00,31.79,56.48,86.3
2024-02-27 15:45:00,24.23,65.09,66.7
2024-02-27 16:00:00,25.53,59.61,81.63
2024-02-27 16:15:00,20.0,45.91,71.98
2024-02-27 16:30:00,32.82,40.51,84.22
2024-02-27 16:45:00,23.94,72.09,68.9
2024-02-27 17:00:00,30.66,48.65,92.43
2024-02-27 17:15:00,31.85,33.68,81.94
2024-02-27 17:30:00,33.01,72.85,80.11
2024-02-27 17:45:00,23.98,66.88,69.76
2024-02-27 18:00:00,29.67,58.26,70.09
2024-02-27 18:15:00,38.35,46.28,76.97
2024-02-27 18:30:00,38.57,58.3,72.27
2024-02-27 18:45:00,34.94,78.23,90.58
2024-02-27 19:00:00,31.69,35.78,76.28
2024-02-27 19:15:00,24.97,36.54,80.26
2024-02-27 19:30:00,33.59,50.58,90.72
2024-02-27 19:45:00,29.21,59.6,88.71
2024-02-27 20:00:00,32.8,52.56,78.47
2024-02-27 20:15:00,26.84,69.64,80.18
2024-02-27 20:30:00,29.14,76.33,60.64
2024-02-27 20:45:00,30.82,64.18,90.57
2024-02-27 21:00:00,31.23,68.41,76.53
2024-02-27 21:15:00,32.47,64.08,82.36
2024-02-27 21:30:00,27.1,60.14,70.27
2024-02-27 21:45:00,23.28,40.6,75.06
2024-02-27 22:00:00,38.12,44.58,91.73
2024-02-27 22:15:00,42.45,39.74,72.14
2024-02-27 22:30:00,32.24,57.77,73.25
2024-02-27 22:45:00,23.38,63.48,68.07
2024-02-27 23:00:00,26.13,38.26,90.62
2024-02-27 23:15:00,32.55,61.09,72.18
2024-02-27 23:30:00,36.71,46.87,90.87
2024-02-27 23:45:00,23.94,43.96,83.12
2024-02-28 00:00:00,29.38,50.62,81.66
2024-02-28 00:15:00,30.98,43.19,74.05
2024-02-28 00:30:00,34.32,69.1,83.02
2024-02-28 00:45:00,28.28,57.48,77.01
2024-02-28 01:00:00,22.18,72.23,87.62
2024-02-28 01:15:00,33.11,53.35,74.37
2024-02-28 01:30:00,35.62,53.91,79.31
2024-02-28 01:45:00,29.59,88.1,91.59
2024-02-28 02:00:00,32.03,35.65,74.53
2024-02-28 02:15:00,27.63,79.27,86.93
2024-02-28 02:30:00,25.77,84.82,93.83
2024-02-28 02:45:00,35.13,71.49,89.0
2024-02-28 03:00:00,31.94,55.04,81.18
2024-02-28 03:15:00,32.45,81.4,87.74
2024-02-28 03:30:00,37.51,55.17,94.63
2024-02-28 03:45:00,24.73,49.41,82.73
2024-02-28 04:00:00,27.24,54.18,73.62
2024-02-28 04:15:00,30.79,51.45,71.74
2024-02-28 04:30:00,27.18,45.8,75.56
2024-02-28 04:45:00,33.92,76.65,75.19
2024-02-28 05:00:00,29.06,48.4,83.05
2024-02-28 05:15:00,25.04,59.56,89.84
2024-02-28 05:30:00,30.33,38.34,80.98
2024-02-28 05:45:00,30.85,60.46,84.57
2024-02-28 06:00:00,34.67,42.66,91.05
2024-02-28 06:15:00,31.97,42.29,71.65
2024-02-28 06:30:00,32.31,58.36,74.5
2024-02-28 06:45:00,31.6,75.85,81.44
2024-02-28 07:00:00,29.06,66.61,73.2
2024-02-28 07:15:00,26.42,67.64,74.54
2024-02-28 07:30:00,31.44,58.05,71.85
2024-02-28 07:45:00,28.33,54.97,95.23
2024-02-28 08:00:00,38.45,71.87,77.11
2024-02-28 08:15:00,36.71,51.55,82.85
2024-02-28 08:30:00,33.16,72.52,82.55
2024-02-28 08:45:00,31.89,78.54,88.62
2024-02-28 09:00:00,29.56,47.38,81.15
2024-02-28 09:15:00,23.69,49.58,69.55
2024-02-28 09:30:00,28.92,51.81,88.35
2024-02-28 09:45:00,30.51,38.0,77.9
2024-02-28 10:00:00,31.15,52.96,70.19
2024-02-28 10:15:00,32.35,79.52,100.0
2024-02-28 10:30:00,34.61,44.32,72.25
2024-02-28 10:45:00,26.54,79.88,75.96
2024-02-28 11:00:00,26.58,53.5,74.28
2024-02-28 11:15:00,37.25,90.0,90.17
2024-02-28 11:30:00,33.85,49.77,81.03
2024-02-28 11:45:00,28.05,57.84,70.76
2024-02-28 12:00:00,29.46,46.35,88.04
2024-02-28 12:15:00,29.49,49.68,77.85
2024-02-28 12:30:00,30.16,80.07,84.58
2024-02-28 12:45:00,32.36,67.12,84.37
2024-02-28 13:00:00,42.67,75.43,95.67
2024-02-28 13:15:00,30.95,40.27,91.9
2024-02-28 13:30:00,33.31,69.82,73.07
2024-02-28 13:45:00,21.57,45.43,76.76
2024-02-28 14:00:00,27.58,39.94,79.59
2024-02-28 14:15:00,36.14,63.58,77.3
2024-02-28 14:30:00,32.01,63.43,91.48
2024-02-28 14:45:00,20.0,60.8,81.51
2024-02-28 15:00:00,33.37,70.76,88.2
2024-02-28 15:15:00,39.59,73.1,70.58
2024-02-28 15:30:00,20.02,82.05,95.63
2024-02-28 15:45:00,37.6,42.14,80.35
2024-02-28 16:00:00,20.0,82.53,95.11
2024-02-28 16:15:00,34.69,88.23,67.63
2024-02-28 16:30:00,29.96,54.51,80.92
2024-02-28 16:45:00,20.0,34.97,71.15
2024-02-28 17:00:00,32.23,39.25,75.44
2024-02-28 17:15:00,35.75,53.07,87.13
2024-02-28 17:30:00,31.82,90.0,83.93
2024-02-28 17:45:00,32.92,60.26,96.57
2024-02-28 18:00:00,27.94,50.74,94.16
2024-02-28 18:15:00,20.69,49.72,90.67
2024-02-28 18:30:00,33.46,40.16,84.2
2024-02-28 18:45:00,38.75,73.12,76.72
2024-02-28 19:00:00,35.65,58.62,81.2
2024-02-28 19:15:00,20.06,90.0,85.81
2024-02-28 19:30:00,22.43,69.42,84.89
2024-02-28 19:45:00,25.77,72.45,90.4
2024-02-28 20:00:00,22.04,56.37,75.68
2024-02-28 20:15:00,30.22,43.63,69.37
2024-02-28 20:30:00,31.97,46.9,74.37
2024-02-28 20:45:00,22.85,39.46,80.61
2024-02-28 21:00:00,33.89,73.66,76.18
2024-02-28 21:15:00,33.01,54.23,85.3
2024-02-28 21:30:00,27.26,74.29,83.61
2024-02-28 21:45:00,29.14,62.04,72.58
2024-02-28 22:00:00,20.25,55.61,89.26
2024-02-28 22:15:00,28.34,42.46,96.22
2024-02-28 22:30:00,30.04,64.52,75.86
2024-02-28 22:45:00,30.84,56.72,81.39
2024-02-28 23:00:00,31.89,73.53,69.29
2024-02-28 23:15:00,31.22,49.27,91.93
2024-02-28 23:30:00,28.68,69.24,92.63
2024-02-28 23:45:00,31.43,84.61,91.08
2024-02-29 00:00:00,35.01,64.09,89.91
2024-02-29 00:15:00,29.52,71.78,97.64
2024-02-29 00:30:00,31.59,68.58,67.89
2024-02-29 00:45:00,29.07,88.47,70.2
2024-02-29 01:00:00,26.77,65.57,75.84
2024-02-29 01:15:00,32.61,70.5,76.51
2024-02-29 01:30:00,27.22,59.46,77.58
2024-02-29 01:45:00,31.93,48.38,99.67
2024-02-29 02:00:00,30.14,41.88,89.12
2024-02-29 02:15:00,28.48,79.0,97.33
2024-02-29 02:30:00,28.36,44.87,94.99
2024-02-29 02:45:00,27.46,71.19,85.66
2024-02-29 03:00:00,21.77,66.24,80.74
2024-02-29 03:15:00,31.91,73.77,89.99
2024-02-29 03:30:00,31.16,52.28,76.89
2024-02-29 03:45:00,34.25,48.14,86.23
2024-02-29 04:00:00,27.34,65.68,94.95
2024-02-29 04:15:00,39.48,55.61,85.52
2024-02-29 04:30:00,28.1,41.53,82.36
2024-02-29 04:45:00,25.62,89.08,71.82
2024-02-29 05:00:00,25.03,48.13,83.54
2024-02-29 05:15:00,21.33,45.1,73.97
2024-02-29 05:30:00,37.66,56.37,80.51
2024-02-29 05:45:00,36.86,78.79,79.77
2024-02-29 06:00:00,33.0,30.0,85.52
2024-02-29 06:15:00,25.52,77.55,69.64
2024-02-29 06:30:00,39.06,46.33,78.12
2024-02-29 06:45:00,28.24,63.97,74.17
2024-02-29 07:00:00,28.65,49.86,71.07
2024-02-29 07:15:00,37.19,89.88,80.47
2024-02-29 07:30:00,33.29,61.87,86.16
2024-02-29 07:45:00,41.01,49.38,65.58
2024-02-29 08:00:00,31.24,55.48,81.47
2024-02-29 08:15:00,28.01,61.34,92.66
2024-02-29 08:30:00,26.94,62.67,80.13
2024-02-29 08:45:00,20.77,66.58,100.0
2024-02-29 09:00:00,28.61,59.98,77.44
2024-02-29 09:15:00,35.72,39.34,79.65
2024-02-29 09:30:00,32.99,54.9,86.93
2024-02-29 09:45:00,30.1,69.1,78.74
2024-02-29 10:00:00,25.03,49.95,90.41
2024-02-29 10:15:00,31.13,70.09,73.12
2024-02-29 10:30:00,35.06,60.48,88.37
2024-02-29 10:45:00,32.15,56.73,72.84
2024-02-29 11:00:00,30.83,77.91,92.79
2024-02-29 11:15:00,26.02,33.93,75.15
2024-02-29 11:30:00,34.34,49.87,78.35
2024-02-29 11:45:00,20.0,78.49,76.13
2024-02-29 12:00:00,31.91,87.45,97.42
2024-02-29 12:15:00,42.85,90.0,72.57
2024-02-29 12:30:00,22.46,60.76,76.77
2024-02-29 12:45:00,28.79,66.87,91.97
2024-02-29 13:00:00,29.96,72.26,83.97
2024-02-29 13:15:00,27.69,79.13,88.79
2024-02-29 13:30:00,35.18,64.7,91.28
2024-02-29 13:45:00,32.36,73.89,74.63
2024-02-29 14:00:00,30.76,66.9,96.48
2024-02-29 14:15:00,33.99,67.83,80.5
2024-02-29 14:30:00,30.08,46.22,87.08
2024-02-29 14:45:00,45.0,55.06,80.9
2024-02-29 15:00:00,30.76,52.16,68.34
2024-02-29 15:15:00,30.98,42.17,96.1
2024-02-29 15:30:00,21.45,35.23,90.63
2024-02-29 15:45:00,27.28,53.65,95.97
2024-02-29 16:00:00,35.74,56.04,95.82
2024-02-29 16:15:00,23.32,61.58,70.44
2024-02-29 16:30:00,20.0,68.34,78.79
2024-02-29 16:45:00,30.16,62.82,74.55
2024-02-29 17:00:00,36.85,56.15,80.18
2024-02-29 17:15:00,30.21,46.27,85.03
2024-02-29 17:30:00,28.32,73.16,94.23
2024-02-29 17:45:00,20.71,58.47,83.09
2024-02-29 18:00:00,32.26,53.49,69.65
2024-02-29 18:15:00,33.31,57.2,91.26
2024-02-29 18:30:00,21.09,49.01,79.78
2024-02-29 18:45:00,35.67,52.04,65.09
2024-02-29 19:00:00,33.83,51.56,83.19
2024-02-29 19:15:00,35.66,55.69,98.76
2024-02-29 19:30:00,32.92,69.84,75.62
2024-02-29 19:45:00,33.27,66.11,77.8
2024-02-29 20:00:00,32.6,83.2,81.51
2024-02-29 20:15:00,34.34,78.18,90.96
2024-02-29 20:30:00,20.91,89.35,85.87
2024-02-29 20:45:00,22.49,68.39,81.41
2024-02-29 21:00:00,26.32,68.15,79.05
2024-02-29 21:15:00,29.35,52.69,90.86
2024-02-29 21:30:00,31.94,72.39,90.34
2024-02-29 21:45:00,31.62,50.16,81.08
2024-02-29 22:00:00,35.59,37.94,76.46
2024-02-29 22:15:00,35.74,82.89,74.01
2024-02-29 22:30:00,25.64,41.26,73.16
2024-02-29 22:45:00,31.19,66.58,87.02
2024-02-29 23:00:00,25.76,46.8,78.88
2024-02-29 23:15:00,29.06,76.9,70.9
2024-02-29 23:30:00,31.61,78.94,78.34
2024-02-29 23:45:00,20.0,67.94,60.56
2024-03-01 00:00:00,42.06,78.7,73.48
2024-03-01 00:15:00,32.83,60.11,89.6
2024-03-01 00:30:00,27.02,90.0,87.19
2024-03-01 00:45:00,39.64,71.19,70.16
2024-03-01 01:00:00,28.26,46.49,96.67
2024-03-01 01:15:00,30.66,61.04,64.82
2024-03-01 01:30:00,27.56,57.71,100.0
2024-03-01 01:45:00,38.26,56.24,97.36
2024-03-01 02:00:00,29.48,35.14,81.35
2024-03-01 02:15:00,30.75,65.8,92.48
2024-03-01 02:30:00,36.02,39.21,73.53
2024-03-01 02:45:00,32.93,30.0,71.64
2024-03-01 03:00:00,29.73,54.84,75.29
2024-03-01 03:15:00,35.55,48.66,98.56
2024-03-01 03:30:00,42.69,47.08,91.55
2024-03-01 03:45:00,31.59,30.0,81.63
2024-03-01 04:00:00,30.58,47.24,84.46
2024-03-01 04:15:00,30.85,57.4,73.09
2024-03-01 04:30:00,36.55,50.49,80.02
2024-03-01 04:45:00,27.0,65.81,76.64
2024-03-01 05:00:00,28.61,80.89,73.09
2024-03-01 05:15:00,22.31,67.75,93.92
2024-03-01 05:30:00,24.08,75.4,87.21
2024-03-01 05:45:00,27.41,76.64,92.64
2024-03-01 06:00:00,29.72,44.72,77.04
2024-03-01 06:15:00,38.85,66.59,81.92
2024-03-01 06:30:00,32.68,74.93,90.12
2024-03-01 06:45:00,25.44,53.46,71.56
2024-03-01 07:00:00,26.36,48.14,92.13
2024-03-01 07:15:00,36.87,67.96,75.39
2024-03-01 07:30:00,35.63,37.78,83.21
2024-03-01 07:45:00,30.14,43.68,87.93
2024-03-01 08:00:00,27.79,50.0,65.69
2024-03-01 08:15:00,35.62,66.76,74.11
2024-03-01 08:30:00,25.03,63.28,80.02
2024-03-01 08:45:00,31.96,75.49,77.37
2024-03-01 09:00:00,41.36,46.17,95.92
2024-03-01 09:15:00,31.03,45.37,78.91
2024-03-01 09:30:00,26.12,67.86,85.86
2024-03-01 09:45:00,32.05,48.02,74.53
2024-03-01 10:00:00,27.65,50.95,76.7
2024-03-01 10:15:00,23.03,32.15,79.03
2024-03-01 10:30:00,33.51,64.36,89.64
2024-03-01 10:45:00,35.59,83.12,88.47
2024-03-01 11:00:00,28.45,44.56,92.2
2024-03-01 11:15:00,28.11,75.33,87.11
2024-03-01 11:30:00,25.19,59.11,80.06
2024-03-01 11:45:00,29.25,33.52,68.98
2024-03-01 12:00:00,27.19,46.58,80.35
2024-03-01 12:15:00,24.94,45.65,75.78
2024-03-01 12:30:00,39.46,55.25,76.81
2024-03-01 12:45:00,32.33,66.29,86.7
2024-03-01 13:00:00,32.86,87.73,77.41
2024-03-01 13:15:00,34.42,38.53,90.51
2024-03-01 13:30:00,33.86,52.73,83.46
2024-03-01 13:45:00,27.93,46.56,88.51
2024-03-01 14:00:00,31.36,40.98,82.01
2024-03-01 14:15:00,28.65,61.43,85.48
2024-03-01 14:30:00,32.19,60.02,87.64
2024-03-01 14:45:00,31.71,32.79,70.25
2024-03-01 15:00:00,28.09,60.27,78.06
2024-03-01 15:15:00,23.35,41.92,79.77
2024-03-01 15:30:00,30.73,60.18,72.25
2024-03-01 15:45:00,28.98,79.04,89.59
2024-03-01 16:00:00,20.55,66.95,86.32
2024-03-01 16:15:00,32.54,62.66,75.8
2024-03-01 16:30:00,34.83,52.07,66.61
2024-03-01 16:45:00,42.64,61.0,72.78
2024-03-01 17:00:00,28.04,68.45,94.72
2024-03-01 17:15:00,27.31,66.96,78.99
2024-03-01 17:30:00,24.45,58.51,85.21
2024-03-01 17:45:00,31.04,63.26,60.27
2024-03-01 18:00:00,31.01,40.25,89.1
2024-03-01 18:15:00,25.94,48.98,80.34
2024-03-01 18:30:00,29.13,70.61,71.86
2024-03-01 18:45:00,20.11,72.63,81.98
2024-03-01 19:00:00,34.63,61.4,83.68
2024-03-01 19:15:00,26.15,82.18,74.09
2024-03-01 19:30:00,29.83,67.62,95.3
2024-03-01 19:45:00,22.87,56.5,86.82
2024-03-01 20:00:00,27.09,41.7,84.88
2024-03-01 20:15:00,28.6,81.58,88.83
2024-03-01 20:30:00,29.94,71.55,93.75
2024-03-01 20:45:00,32.4,86.97,78.93
2024-03-01 21:00:00,37.2,90.0,89.36
2024-03-01 21:15:00,33.66,40.7,81.41
2024-03-01 21:30:00,34.81,40.73,81.44
2024-03-01 21:45:00,37.23,30.0,81.85
2024-03-01 22:00:00,32.85,73.78,96.0
2024-03-01 22:15:00,29.82,69.85,85.29
2024-03-01 22:30:00,35.05,61.47,74.75
2024-03-01 22:45:00,35.37,41.61,91.33
2024-03-01 23:00:00,33.24,58.66,89.81
2024-03-01 23:15:00,22.73,62.77,98.91
2024-03-01 23:30:00,25.79,71.74,80.88
2024-03-01 23:45:00,28.63,64.09,68.16
2024-03-02 00:00:00,33.9,69.96,69.54
2024-03-02 00:15:00,29.89,58.14,69.79
2024-03-02 00:30:00,35.68,77.72,76.32
2024-03-02 00:45:00,36.58,69.48,76.26
2024-03-02 01:00:00,36.0,42.2,70.91
2024-03-02 01:15:00,36.03,80.84,93.76
2024-03-02 01:30:00,24.82,78.38,79.19
2024-03-02 01:45:00,32.41,66.98,77.01
2024-03-02 02:00:00,26.96,64.21,83.93
2024-03-02 02:15:00,21.75,84.88,82.27
2024-03-02 02:30:00,28.56,35.5,93.12
2024-03-02 02:45:00,36.62,78.62,85.27
2024-03-02 03:00:00,32.3,52.86,76.99
2024-03-02 03:15:00,40.09,76.43,85.28
2024-03-02 03:30:00,30.89,61.81,72.37
2024-03-02 03:45:00,42.24,41.36,82.4
2024-03-02 04:00:00,30.89,52.55,82.89
2024-03-02 04:15:00,30.11,75.33,72.66
2024-03-02 04:30:00,23.6,56.85,90.49
2024-03-02 04:45:00,35.55,50.68,80.7
2024-03-02 05:00:00,27.49,50.58,73.23
2024-03-02 05:15:00,26.76,69.63,68.49
2024-03-02 05:30:00,36.41,86.26,91.3
2024-03-02 05:45:00,35.79,30.0,79.8
2024-03-02 06:00:00,35.66,90.0,80.09
2024-03-02 06:15:00,28.19,63.06,91.81
2024-03-02 06:30:00,29.75,68.7,95.5
2024-03-02 06:45:00,29.7,53.46,75.51
2024-03-02 07:00:00,33.91,59.95,83.29
2024-03-02 07:15:00,37.77,62.89,77.87
2024-03-02 07:30:00,31.84,44.26,83.07
2024-03-02 07:45:00,39.87,47.91,95.96
2024-03-02 08:00:00,34.49,77.77,79.38
2024-03-02 08:15:00,28.83,36.71,74.44
2024-03-02 08:30:00,34.14,66.62,71.48
2024-03-02 08:45:00,38.53,54.44,96.33
2024-03-02 09:00:00,39.99,45.59,79.12
2024-03-02 09:15:00,35.93,89.58,99.31
2024-03-02 09:30:00,30.13,45.68,84.69
2024-03-02 09:45:00,28.92,43.05,98.14
2024-03-02 10:00:00,32.88,57.2,86.04
2024-03-02 10:15:00,38.37,48.47,88.82
2024-03-02 10:30:00,32.17,60.1,89.27
2024-03-02 10:45:00,32.27,62.33,88.79
2024-03-02 11:00:00,30.26,63.52,91.53
2024-03-02 11:15:00,28.36,58.14,76.65
2024-03-02 11:30:00,29.19,49.47,91.24
2024-03-02 11:45:00,30.68,69.65,80.44
2024-03-02 12:00:00,38.59,58.32,88.84
2024-03-02 12:15:00,28.8,52.57,94.13
2024-03-02 12:30:00,30.26,82.2,91.82
2024-03-02 12:45:00,25.67,58.18,77.6
2024-03-02 13:00:00,33.58,76.38,95.11
2024-03-02 13:15:00,36.83,78.4,95.24
2024-03-02 13:30:00,38.12,79.32,82.38
2024-03-02 13:45:00,31.02,70.37,78.8
2024-03-02 14:00:00,32.87,59.99,96.33
2024-03-02 14:15:00,29.23,59.04,93.35
2024-03-02 14:30:00,32.64,56.34,74.23
2024-03-02 14:45:00,31.57,30.0,79.47
2024-03-02 15:00:00,30.29,70.78,90.62
2024-03-02 15:15:00,30.69,63.67,81.34
2024-03-02 15:30:00,32.26,72.38,81.8
2024-03-02 15:45:00,28.53,58.24,87.0
2024-03-02 16:00:00,28.79,69.97,94.05
2024-03-02 16:15:00,38.54,39.34,88.81
2024-03-02 16:30:00,43.55,42.46,80.93
2024-03-02 16:45:00,23.98,30.0,98.01
2024-03-02 17:00:00,23.7,57.98,82.26
2024-03-02 17:15:00,25.21,48.41,76.6
2024-03-02 17:30:00,29.48,46.45,84.32
2024-03-02 17:45:00,34.48,65.02,67.53
2024-03-02 18:00:00,32.96,53.62,77.38
2024-03-02 18:15:00,30.86,38.5,89.96
2024-03-02 18:30:00,32.64,90.0,70.01
2024-03-02 18:45:00,26.54,59.44,75.13
2024-03-02 19:00:00,28.78,43.75,83.58
2024-03-02 19:15:00,29.9,49.95,89.75
2024-03-02 19:30:00,22.08,57.4,94.2
2024-03-02 19:45:00,24.19,57.37,79.13
2024-03-02 20:00:00,24.39,79.53,82.98
2024-03-02 20:15:00,33.82,58.81,84.35
2024-03-02 20:30:00,31.23,87.83,87.44
2024-03-02 20:45:00,33.06,53.51,92.1
2024-03-02 21:00:00,20.8,66.4,81.74
2024-03-02 21:15:00,22.58,75.33,88.22
2024-03-02 21:30:00,33.32,77.93,100.0
2024-03-02 21:45:00,20.0,79.68,66.52
2024-03-02 22:00:00,36.12,55.92,73.54
2024-03-02 22:15:00,20.88,59.92,86.71
2024-03-02 22:30:00,34.22,30.0,94.45
2024-03-02 22:45:00,25.56,57.06,65.42
2024-03-02 23:00:00,35.24,76.37,66.54
2024-03-02 23:15:00,45.0,73.45,89.93
2024-03-02 23:30:00,20.0,58.7,96.95
2024-03-02 23:45:00,33.48,85.49,73.27
2024-03-03 00:00:00,20.96,54.24,83.12
2024-03-03 00:15:00,32.13,49.26,73.68
2024-03-03 00:30:00,28.97,52.98,95.78
2024-03-03 00:45:00,30.65,43.16,93.19
2024-03-03 01:00:00,25.44,69.34,80.32
2024-03-03 01:15:00,33.9,64.33,97.49
2024-03-03 01:30:00,22.76,69.15,75.27
2024-03-03 01:45:00,36.21,53.78,89.72
2024-03-03 02:00:00,27.95,59.13,78.7
2024-03-03 02:15:00,22.99,30.0,80.2
2024-03-03 02:30:00,37.97,65.64,80.79
2024-03-03 02:45:00,29.66,61.48,69.94
2024-03-03 03:00:00,39.54,43.49,100.0
2024-03-03 03:15:00,36.11,58.43,82.69
2024-03-03 03:30:00,26.01,56.13,80.54
2024-03-03 03:45:00,29.58,86.46,87.67
2024-03-03 04:00:00,30.61,44.08,83.88
2024-03-03 04:15:00,37.63,64.97,79.76
2024-03-03 04:30:00,32.19,43.64,85.81
2024-03-03 04:45:00,30.88,51.63,100.0
2024-03-03 05:00:00,29.0,64.15,95.32
2024-03-03 05:15:00,29.75,56.83,87.43
2024-03-03 05:30:00,36.52,59.91,79.87
2024-03-03 05:45:00,30.02,64.99,81.11
2024-03-03 06:00:00,28.03,52.59,82.83
2024-03-03 06:15:00,27.18,73.26,85.06
2024-03-03 06:30:00,27.23,55.42,77.78
2024-03-03 06:45:00,22.99,58.54,88.91
2024-03-03 07:00:00,26.25,65.42,72.09
2024-03-03 07:15:00,37.49,63.41,78.78
2024-03-03 07:30:00,28.97,69.66,94.34
2024-03-03 07:45:00,33.52,64.75,88.07
2024-03-03 08:00:00,20.0,67.04,76.11
2024-03-03 08:15:00,32.84,55.12,92.92
2024-03-03 08:30:00,29.19,43.97,83.2
2024-03-03 08:45:00,27.59,38.59,89.29
2024-03-03 09:00:00,30.9,34.94,84.3
2024-03-03 09:15:00,27.52,86.44,90.35
2024-03-03 09:30:00,20.0,30.0,98.6
2024-03-03 09:45:00,34.61,77.91,78.72
2024-03-03 10:00:00,31.22,47.69,77.88
2024-03-03 10:15:00,28.43,77.8,76.96
2024-03-03 10:30:00,25.17,30.0,80.58
2024-03-03 10:45:00,22.65,56.47,96.33
2024-03-03 11:00:00,31.12,81.81,73.24
2024-03-03 11:15:00,38.07,70.7,74.55
2024-03-03 11:30:00,31.02,54.94,68.58
2024-03-03 11:45:00,23.09,30.86,76.42
2024-03-03 12:00:00,31.13,40.16,77.15
2024-03-03 12:15:00,29.73,80.84,91.02
2024-03-03 12:30:00,34.32,54.78,93.22
2024-03-03 12:45:00,33.03,58.92,88.66
2024-03-03 13:00:00,20.0,64.25,98.92
2024-03-03 13:15:00,32.73,40.46,100.0
2024-03-03 13:30:00,24.98,66.11,94.78
2024-03-03 13:45:00,22.89,53.71,85.57
2024-03-03 14:00:00,29.06,64.41,82.06
2024-03-03 14:15:00,32.05,51.33,87.23
2024-03-03 14:30:00,21.8,36.4,84.17
2024-03-03 14:45:00,33.52,53.59,74.67
2024-03-03 15:00:00,33.82,69.61,80.37
2024-03-03 15:15:00,30.23,65.91,96.69
2024-03-03 15:30:00,25.66,60.46,95.14
2024-03-03 15:45:00,25.1,73.47,75.19
2024-03-03 16:00:00,35.13,56.95,88.85
2024-03-03 16:15:00,22.44,60.84,86.27
2024-03-03 16:30:00,35.32,52.8,88.58
2024-03-03 16:45:00,29.17,74.35,77.54
2024-03-03 17:00:00,29.52,64.37,77.29
2024-03-03 17:15:00,21.46,51.65,78.21
2024-03-03 17:30:00,29.27,37.66,94.76
2024-03-03 17:45:00,33.07,76.57,78.7
2024-03-03 18:00:00,23.32,48.84,97.66
2024-03-03 18:15:00,32.49,61.08,71.62
2024-03-03 18:30:00,30.45,90.0,96.32
2024-03-03 18:45:00,26.78,72.02,75.72
2024-03-03 19:00:00,34.27,84.17,87.78
2024-03-03 19:15:00,20.0,51.93,88.45
2024-03-03 19:30:00,31.73,76.06,84.7
2024-03-03 19:45:00,38.1,60.4,92.53
2024-03-03 20:00:00,37.2,65.49,70.2
2024-03-03 20:15:00,31.95,90.0,77.61
2024-03-03 20:30:00,28.49,55.82,81.87
2024-03-03 20:45:00,26.82,60.29,85.33
2024-03-03 21:00:00,28.49,46.45,91.33
2024-03-03 21:15:00,32.72,73.33,84.64
2024-03-03 21:30:00,25.96,51.59,96.75
2024-03-03 21:45:00,33.79,75.34,76.85
2024-03-03 22:00:00,40.67,35.25,73.71
2024-03-03 22:15:00,29.69,68.23,76.42
2024-03-03 22:30:00,23.28,50.34,80.68
2024-03-03 22:45:00,23.28,70.96,73.72
2024-03-03 23:00:00,33.88,59.8,96.4
2024-03-03 23:15:00,29.7,51.97,87.89
2024-03-03 23:30:00,34.38,54.2,77.78
2024-03-03 23:45:00,27.33,47.24,74.11
2024-03-04 00:00:00,34.15,72.57,96.54
2024-03-04 00:15:00,29.21,44.27,94.87
2024-03-04 00:30:00,26.34,55.99,86.45
2024-03-04 00:45:00,28.0,65.18,93.85
2024-03-04 01:00:00,24.01,84.2,81.15
2024-03-04 01:15:00,39.95,59.86,69.61
2024-03-04 01:30:00,29.52,56.36,72.14
2024-03-04 01:45:00,33.22,64.1,89.33
2024-03-04 02:00:00,27.32,30.0,78.65
2024-03-04 02:15:00,24.74,42.02,89.67
2024-03-04 02:30:00,28.83,54.37,80.82
2024-03-04 02:45:00,35.51,49.31,81.8
2024-03-04 03:00:00,27.4,35.99,95.57
2024-03-04 03:15:00,25.65,72.87,88.12
2024-03-04 03:30:00,30.78,63.9,82.92
2024-03-04 03:45:00,32.5,62.1,92.27
2024-03-04 04:00:00,38.21,49.59,77.64
2024-03-04 04:15:00,31.77,61.19,89.46
2024-03-04 04:30:00,33.22,67.72,89.94
2024-03-04 04:45:00,33.6,56.03,90.78
2024-03-04 05:00:00,24.23,66.67,93.87
2024-03-04 05:15:00,25.18,48.06,75.6
2024-03-04 05:30:00,24.58,61.46,83.25
2024-03-04 05:45:00,23.34,77.14,77.77
2024-03-04 06:00:00,33.98,78.48,87.39
2024-03-04 06:15:00,31.45,79.91,77.88
2024-03-04 06:30:00,30.4,64.28,75.59
2024-03-04 06:45:00,20.0,60.47,97.85
2024-03-04 07:00:00,40.28,53.27,85.63
2024-03-04 07:15:00,25.53,32.89,69.13
2024-03-04 07:30:00,40.26,39.83,80.59
2024-03-04 07:45:00,22.75,57.48,73.45
2024-03-04 08:00:00,25.94,58.38,69.39
2024-03-04 08:15:00,20.0,81.18,81.42
2024-03-04 08:30:00,31.81,79.72,84.93
2024-03-04 08:45:00,24.49,49.7,87.32
2024-03-04 09:00:00,24.63,72.27,89.33
2024-03-04 09:15:00,23.14,52.84,81.26
2024-03-04 09:30:00,33.89,70.24,91.34
2024-03-04 09:45:00,33.56,72.09,85.27
2024-03-04 10:00:00,39.06,78.63,89.75
2024-03-04 10:15:00,26.57,52.61,82.77
2024-03-04 10:30:00,31.09,75.21,70.6
2024-03-04 10:45:00,23.55,31.91,56.65
2024-03-04 11:00:00,28.32,79.44,77.73
2024-03-04 11:15:00,27.41,59.62,94.63
2024-03-04 11:30:00,32.32,59.94,83.55
2024-03-04 11:45:00,35.09,30.0,72.3
2024-03-04 12:00:00,34.96,54.17,71.45
2024-03-04 12:15:00,25.79,80.33,83.73
2024-03-04 12:30:00,34.99,53.6,73.91
2024-03-04 12:45:00,29.78,70.7,78.32
2024-03-04 13:00:00,28.38,60.52,97.74
2024-03-04 13:15:00,26.46,75.94,91.0
2024-03-04 13:30:00,27.2,62.87,83.84
2024-03-04 13:45:00,38.71,46.02,85.54
2024-03-04 14:00:00,31.54,60.85,90.4
2024-03-04 14:15:00,30.87,84.02,74.53
2024-03-04 14:30:00,28.69,67.46,96.11
2024-03-04 14:45:00,42.23,58.25,88.13
2024-03-04 15:00:00,36.53,90.0,84.61
2024-03-04 15:15:00,26.39,77.39,92.89
2024-03-04 15:30:00,28.63,72.25,100.0
2024-03-04 15:45:00,28.93,64.76,58.54
2024-03-04 16:00:00,30.73,70.95,69.3
2024-03-04 16:15:00,26.49,71.44,88.09
2024-03-04 16:30:00,32.19,30.0,81.04
2024-03-04 16:45:00,37.26,65.92,79.88
2024-03-04 17:00:00,23.43,57.59,67.64
2024-03-04 17:15:00,24.36,52.5,82.07
2024-03-04 17:30:00,27.58,57.07,80.6
2024-03-04 17:45:00,27.82,36.66,80.5
2024-03-04 18:00:00,39.99,32.93,73.65
2024-03-04 18:15:00,35.01,78.7,81.62
2024-03-04 18:30:00,34.72,66.93,75.66
2024-03-04 18:45:00,28.68,30.0,73.49
2024-03-04 19:00:00,28.57,51.35,88.58
2024-03-04 19:15:00,22.74,73.21,87.66
2024-03-04 19:30:00,33.91,55.8,85.88
2024-03-04 19:45:00,32.46,78.68,76.63
2024-03-04 20:00:00,36.43,75.75,79.04
2024-03-04 20:15:00,28.95,39.65,90.74
2024-03-04 20:30:00,29.29,57.85,93.04
2024-03-04 20:45:00,30.85,53.28,93.69
2024-03-04 21:00:00,34.46,39.16,82.69
2024-03-04 21:15:00,22.65,38.19,84.75
2024-03-04 21:30:00,33.68,47.91,75.49
2024-03-04 21:45:00,29.9,50.39,74.88
2024-03-04 22:00:00,24.71,64.25,70.17
2024-03-04 22:15:00,20.0,75.66,87.39
2024-03-04 22:30:00,29.32,67.7,76.87
2024-03-04 22:45:00,37.24,71.26,73.19
2024-03-04 23:00:00,38.37,56.0,94.79
2024-03-04 23:15:00,31.78,69.05,89.29
2024-03-04 23:30:00,39.81,57.77,73.21
2024-03-04 23:45:00,29.79,53.38,79.52
2024-03-05 00:00:00,34.77,88.46,89.38
2024-03-05 00:15:00,27.74,30.0,84.65
2024-03-05 00:30:00,27.43,31.9,86.17
2024-03-05 00:45:00,26.61,65.74,77.06
2024-03-05 01:00:00,20.0,56.03,92.77
2024-03-05 01:15:00,36.44,38.45,94.36
2024-03-05 01:30:00,26.79,44.18,61.4
2024-03-05 01:45:00,25.99,46.13,84.89
2024-03-05 02:00:00,24.1,73.39,93.38
2024-03-05 02:15:00,28.98,78.19,80.22
2024-03-05 02:30:00,38.82,84.59,78.24
2024-03-05 02:45:00,40.47,36.16,82.48
2024-03-05 03:00:00,21.7,39.49,92.41
2024-03-05 03:15:00,28.23,38.47,73.39
2024-03-05 03:30:00,24.83,79.33,71.01
2024-03-05 03:45:00,34.94,66.26,88.46
2024-03-05 04:00:00,31.43,61.2,87.1
2024-03-05 04:15:00,26.82,63.44,70.56
2024-03-05 04:30:00,30.36,59.15,87.69
2024-03-05 04:45:00,27.61,43.18,80.99
2024-03-05 05:00:00,38.07,67.7,95.51
2024-03-05 05:15:00,32.73,57.21,94.84
2024-03-05 05:30:00,33.35,42.0,99.05
2024-03-05 05:45:00,20.0,68.61,93.22
2024-03-05 06:00:00,29.67,53.61,71.97
2024-03-05 06:15:00,40.42,63.41,79.53
2024-03-05 06:30:00,36.63,58.13,79.16
2024-03-05 06:45:00,20.76,73.37,83.21
2024-03-05 07:00:00,28.43,63.3,88.92
2024-03-05 07:15:00,23.99,46.74,83.91
2024-03-05 07:30:00,38.56,64.83,76.7
2024-03-05 07:45:00,31.22,65.32,94.16
2024-03-05 08:00:00,26.16,67.67,70.69
2024-03-05 08:15:00,30.17,75.54,81.59
2024-03-05 08:30:00,20.0,50.76,86.34
2024-03-05 08:45:00,24.58,70.02,80.49
2024-03-05 09:00:00,30.18,34.13,86.22
2024-03-05 09:15:00,34.23,58.2,86.59
2024-03-05 09:30:00,20.29,55.88,92.66
2024-03-05 09:45:00,28.09,81.72,77.67
2024-03-05 10:00:00,35.05,57.65,72.39
2024-03-05 10:15:00,22.74,69.12,88.72
2024-03-05 10:30:00,31.15,33.57,72.4
2024-03-05 10:45:00,30.33,54.72,98.6
2024-03-05 11:00:00,38.57,47.3,94.93
2024-03-05 11:15:00,28.85,90.0,74.64
2024-03-05 11:30:00,29.14,50.0,79.98
2024-03-05 11:45:00,34.27,61.1,79.95
2024-03-05 12:00:00,23.37,61.9,74.59
2024-03-05 12:15:00,28.9,36.16,77.71
2024-03-05 12:30:00,27.72,52.11,90.88
2024-03-05 12:45:00,29.31,66.07,95.1
2024-03-05 13:00:00,34.24,61.29,69.09
2024-03-05 13:15:00,32.77,30.0,90.74
2024-03-05 13:30:00,26.26,51.5,70.46
2024-03-05 13:45:00,30.68,75.31,79.75
2024-03-05 14:00:00,37.45,68.82,83.42
2024-03-05 14:15:00,25.84,78.27,89.47
2024-03-05 14:30:00,30.73,45.22,87.81
2024-03-05 14:45:00,29.03,79.21,92.82
2024-03-05 15:00:00,29.68,59.33,73.73
2024-03-05 15:15:00,21.85,83.88,83.93
2024-03-05 15:30:00,37.05,60.05,86.62
2024-03-05 15:45:00,26.13,30.0,91.54
2024-03-05 16:00:00,35.13,72.74,72.79
2024-03-05 16:15:00,26.89,53.35,70.85
2024-03-05 16:30:00,26.87,54.36,91.21
2024-03-05 16:45:00,36.07,38.2,73.75
2024-03-05 17:00:00,34.97,84.33,92.8
2024-03-05 17:15:00,31.04,52.18,87.54
2024-03-05 17:30:00,33.81,83.63,77.28
2024-03-05 17:45:00,28.56,53.53,75.18
2024-03-05 18:00:00,29.96,46.08,96.48
2024-03-05 18:15:00,26.69,79.79,86.54
2024-03-05 18:30:00,34.52,58.9,78.35
2024-03-05 18:45:00,26.53,59.05,85.23
2024-03-05 19:00:00,37.43,40.78,85.55
2024-03-05 19:15:00,28.42,53.14,92.58
2024-03-05 19:30:00,30.1,66.43,86.02
2024-03-05 19:45:00,33.79,40.51,75.84
2024-03-05 20:00:00,30.12,51.91,91.05
2024-03-05 20:15:00,28.51,53.69,65.5
2024-03-05 20:30:00,29.85,61.0,86.82
2024-03-05 20:45:00,34.47,82.19,93.18
2024-03-05 21:00:00,26.69,55.5,92.41
2024-03-05 21:15:00,29.37,49.64,73.16
2024-03-05 21:30:00,30.05,90.0,88.7
2024-03-05 21:45:00,34.32,53.5,71.94
2024-03-05 22:00:00,29.5,57.14,76.35
2024-03-05 22:15:00,39.04,54.63,77.37
2024-03-05 22:30:00,29.22,55.85,85.13
2024-03-05 22:45:00,28.81,61.17,84.01
2024-03-05 23:00:00,29.14,73.81,94.0
2024-03-05 23:15:00,23.42,66.06,87.34
2024-03-05 23:30:00,24.82,76.16,82.57
2024-03-05 23:45:00,27.35,75.66,91.42
2024-03-06 00:00:00,35.68,63.13,76.73
2024-03-06 00:15:00,29.83,65.64,93.15
2024-03-06 00:30:00,27.58,76.63,86.69
2024-03-06 00:45:00,36.13,43.33,84.58
2024-03-06 01:00:00,37.76,90.0,91.4
2024-03-06 01:15:00,36.28,52.31,90.15
2024-03-06 01:30:00,25.73,54.74,96.1
2024-03-06 01:45:00,27.52,41.82,76.29
2024-03-06 02:00:00,39.07,42.27,83.12
2024-03-06 02:15:00,31.21,74.61,89.58
2024-03-06 02:30:00,28.66,90.0,67.32
2024-03-06 02:45:00,33.59,51.49,88.94
2024-03-06 03:00:00,35.04,65.21,84.79
2024-03-06 03:15:00,27.14,63.3,74.54
2024-03-06 03:30:00,31.1,75.0,81.46
2024-03-06 03:45:00,34.63,90.0,91.15
2024-03-06 04:00:00,24.2,82.81,76.74
2024-03-06 04:15:00,30.06,56.42,73.02
2024-03-06 04:30:00,24.43,67.93,97.33
2024-03-06 04:45:00,25.08,69.42,88.99
2024-03-06 05:00:00,27.18,59.7,86.61
2024-03-06 05:15:00,32.39,43.56,79.49
2024-03-06 05:30:00,28.39,48.02,83.11
2024-03-06 05:45:00,26.76,77.22,88.53
2024-03-06 06:00:00,30.26,78.77,74.74
2024-03-06 06:15:00,24.27,56.89,93.4
2024-03-06 06:30:00,32.14,63.92,88.06
2024-03-06 06:45:00,35.66,77.96,73.6
2024-03-06 07:00:00,29.6,34.44,92.03
2024-03-06 07:15:00,28.99,53.3,93.75
2024-03-06 07:30:00,31.87,90.0,92.9
2024-03-06 07:45:00,20.0,64.49,84.19
2024-03-06 08:00:00,32.68,43.06,71.77
2024-03-06 08:15:00,45.0,61.76,87.49
2024-03-06 08:30:00,29.39,75.32,86.69
2024-03-06 08:45:00,29.4,30.0,90.58
2024-03-06 09:00:00,33.72,62.64,71.85
2024-03-06 09:15:00,38.23,54.41,99.78
2024-03-06 09:30:00,34.87,35.37,81.83
2024-03-06 09:45:00,20.0,61.23,78.17
2024-03-06 10:00:00,32.82,57.95,71.06
2024-03-06 10:15:00,42.86,59.64,79.84
2024-03-06 10:30:00,33.11,54.78,76.72
2024-03-06 10:45:00,24.23,44.68,77.64
2024-03-06 11:00:00,31.41,38.18,84.31
2024-03-06 11:15:00,23.6,49.64,73.17
2024-03-06 11:30:00,36.16,72.89,66.45
2024-03-06 11:45:00,25.22,63.5,83.79
2024-03-06 12:00:00,30.37,58.96,73.66
2024-03-06 12:15:00,25.71,44.4,81.51
2024-03-06 12:30:00,27.27,54.39,76.44
2024-03-06 12:45:00,37.43,71.06,93.36
2024-03-06 13:00:00,30.52,67.57,80.19
2024-03-06 13:15:00,27.2,52.84,83.57
2024-03-06 13:30:00,24.27,30.0,73.8
2024-03-06 13:45:00,20.64,49.88,74.55
2024-03-06 14:00:00,23.74,52.76,70.18
2024-03-06 14:15:00,30.56,46.39,85.0
2024-03-06 14:30:00,34.9,53.8,92.91
2024-03-06 14:45:00,27.2,72.25,85.11
2024-03-06 15:00:00,37.85,59.44,80.7
2024-03-06 15:15:00,26.41,74.85,81.25
2024-03-06 15:30:00,28.81,37.37,66.62
2024-03-06 15:45:00,24.6,55.42,100.0
2024-03-06 16:00:00,34.95,30.91,69.96
2024-03-06 16:15:00,40.49,53.6,68.87
2024-03-06 16:30:00,21.19,44.32,74.45
2024-03-06 16:45:00,28.27,79.22,95.19
2024-03-06 17:00:00,36.32,66.15,87.83
2024-03-06 17:15:00,22.77,75.22,86.61
2024-03-06 17:30:00,32.83,53.56,57.22
2024-03-06 17:45:00,36.11,44.7,83.57
2024-03-06 18:00:00,30.39,44.23,74.33
2024-03-06 18:15:00,32.75,63.98,65.81
2024-03-06 18:30:00,38.8,87.15,87.51
2024-03-06 18:45:00,39.74,66.19,72.31
2024-03-06 19:00:00,29.69,54.38,86.83
2024-03-06 19:15:00,27.34,57.17,84.94
2024-03-06 19:30:00,25.4,59.53,81.35
2024-03-06 19:45:00,34.88,90.0,73.48
2024-03-06 20:00:00,23.14,78.5,69.27
2024-03-06 20:15:00,28.74,63.9,67.05
2024-03-06 20:30:00,30.51,61.65,93.23
2024-03-06 20:45:00,27.48,64.49,72.41
2024-03-06 21:00:00,31.4,67.41,84.73
2024-03-06 21:15:00,42.82,53.8,71.88
2024-03-06 21:30:00,29.39,47.34,73.61
2024-03-06 21:45:00,27.82,75.48,87.0
2024-03-06 22:00:00,35.08,60.33,77.03
2024-03-06 22:15:00,31.2,74.23,90.35
2024-03-06 22:30:00,37.2,84.69,84.93
2024-03-06 22:45:00,30.82,67.81,88.24
2024-03-06 23:00:00,28.76,65.38,85.24
2024-03-06 23:15:00,21.08,90.0,80.57
2024-03-06 23:30:00,21.9,63.11,77.96
2024-03-06 23:45:00,20.82,43.64,92.79
2024-03-07 00:00:00,31.9,55.78,71.88
2024-03-07 00:15:00,23.19,83.28,88.61
2024-03-07 00:30:00,36.28,40.59,81.76
2024-03-07 00:45:00,30.15,48.71,92.22
2024-03-07 01:00:00,28.78,76.6,67.09
2024-03-07 01:15:00,25.78,55.93,68.41
2024-03-07 01:30:00,33.11,58.35,74.05
2024-03-07 01:45:00,25.98,76.1,78.16
2024-03-07 02:00:00,25.07,49.25,68.72
2024-03-07 02:15:00,35.94,37.97,100.0
2024-03-07 02:30:00,31.77,39.17,86.23
2024-03-07 02:45:00,28.83,68.73,77.0
2024-03-07 03:00:00,33.21,63.89,81.82
2024-03-07 03:15:00,30.04,49.61,81.19
2024-03-07 03:30:00,31.92,42.62,98.2
2024-03-07 03:45:00,25.92,55.94,95.53
2024-03-07 04:00:00,40.35,76.75,91.49
2024-03-07 04:15:00,27.1,47.46,72.11
2024-03-07 04:30:00,37.78,50.06,75.83
2024-03-07 04:45:00,29.06,42.14,85.77
2024-03-07 05:00:00,34.04,54.49,75.18
2024-03-07 05:15:00,33.67,65.07,89.81
2024-03-07 05:30:00,35.73,90.0,83.09
2024-03-07 05:45:00,25.8,63.27,76.93
2024-03-07 06:00:00,35.38,59.19,80.78
2024-03-07 06:15:00,39.23,72.94,95.52
2024-03-07 06:30:00,28.71,70.44,69.25
2024-03-07 06:45:00,30.17,51.34,72.47
2024-03-07 07:00:00,27.38,90.0,72.7
2024-03-07 07:15:00,28.27,59.63,62.22
2024-03-07 07:30:00,38.56,63.55,93.46
2024-03-07 07:45:00,24.98,68.27,88.91
2024-03-07 08:00:00,25.29,65.19,89.9
2024-03-07 08:15:00,38.05,82.88,90.79
2024-03-07 08:30:00,33.12,51.15,88.24
2024-03-07 08:45:00,40.6,71.75,88.42
2024-03-07 09:00:00,27.75,62.47,76.74
2024-03-07 09:15:00,30.63,74.74,83.26
2024-03-07 09:30:00,26.7,56.78,91.31
2024-03-07 09:45:00,30.72,54.74,87.93
2024-03-07 10:00:00,21.13,70.98,87.95
2024-03-07 10:15:00,33.42,65.37,93.4
2024-03-07 10:30:00,31.62,47.7,85.99
2024-03-07 10:45:00,29.71,80.18,82.32
2024-03-07 11:00:00,28.05,70.99,90.88
2024-03-07 11:15:00,25.53,58.89,78.77
2024-03-07 11:30:00,33.64,52.98,94.74
2024-03-07 11:45:00,24.14,65.46,91.03
2024-03-07 12:00:00,32.56,69.91,91.65
2024-03-07 12:15:00,40.37,36.09,83.19
2024-03-07 12:30:00,37.43,65.64,71.99
2024-03-07 12:45:00,22.47,69.79,65.04
2024-03-07 13:00:00,27.32,30.0,73.41
2024-03-07 13:15:00,32.11,62.94,78.29
2024-03-07 13:30:00,29.65,70.42,99.56
2024-03-07 13:45:00,23.0,68.71,85.2
2024-03-07 14:00:00,31.93,72.04,83.9
2024-03-07 14:15:00,29.95,55.09,90.42
2024-03-07 14:30:00,39.57,44.4,77.99
2024-03-07 14:45:00,28.73,33.0,89.13
2024-03-07 15:00:00,35.84,76.38,80.14
2024-03-07 15:15:00,23.66,70.55,90.25
2024-03-07 15:30:00,24.86,77.53,76.93
2024-03-07 15:45:00,33.61,49.12,64.71
2024-03-07 16:00:00,35.42,72.06,75.01
2024-03-07 16:15:00,25.21,37.46,89.71
2024-03-07 16:30:00,30.12,46.96,85.94
2024-03-07 16:45:00,23.09,61.89,88.62
2024-03-07 17:00:00,29.09,69.95,95.13
2024-03-07 17:15:00,34.18,85.19,77.75
2024-03-07 17:30:00,27.83,56.4,90.69
2024-03-07 17:45:00,28.75,47.01,81.87
2024-03-07 18:00:00,24.35,46.24,83.55
2024-03-07 18:15:00,26.76,49.68,87.18
2024-03-07 18:30:00,38.79,90.0,67.83
2024-03-07 18:45:00,30.36,71.35,74.0
2024-03-07 19:00:00,24.99,76.69,73.83
2024-03-07 19:15:00,28.43,56.42,97.22
2024-03-07 19:30:00,22.01,59.98,88.72
2024-03-07 19:45:00,24.93,70.49,77.17
2024-03-07 20:00:00,36.8,52.41,94.62
2024-03-07 20:15:00,29.29,55.63,91.99
2024-03-07 20:30:00,39.45,49.88,91.06
2024-03-07 20:45:00,29.52,53.29,90.3
2024-03-07 21:00:00,29.82,60.73,93.21
2024-03-07 21:15:00,33.2,47.67,75.7
2024-03-07 21:30:00,20.0,64.29,86.32
2024-03-07 21:45:00,31.02,64.27,87.24
2024-03-07 22:00:00,29.76,57.31,78.02
2024-03-07 22:15:00,37.43,47.59,75.17
2024-03-07 22:30:00,34.82,61.57,85.8
2024-03-07 22:45:00,24.33,52.43,94.69
2024-03-07 23:00:00,36.21,60.7,84.67
2024-03-07 23:15:00,28.69,76.47,84.59
2024-03-07 23:30:00,25.48,41.21,74.17
2024-03-07 23:45:00,30.99,90.0,88.55
2024-03-08 00:00:00,28.99,58.91,72.82
2024-03-08 00:15:00,37.69,66.18,79.89
2024-03-08 00:30:00,31.7,48.71,86.32
2024-03-08 00:45:00,31.03,77.13,66.06
2024-03-08 01:00:00,34.5,58.12,88.74
2024-03-08 01:15:00,35.46,54.09,100.0
2024-03-08 01:30:00,33.92,51.37,91.39
2024-03-08 01:45:00,37.1,55.97,88.86
2024-03-08 02:00:00,33.04,66.28,95.47
2024-03-08 02:15:00,30.84,62.59,78.02
2024-03-08 02:30:00,36.2,59.4,71.74
2024-03-08 02:45:00,29.55,49.33,88.65
2024-03-08 03:00:00,30.17,48.46,82.68
2024-03-08 03:15:00,38.61,53.09,93.26
2024-03-08 03:30:00,38.11,66.9,90.65
2024-03-08 03:45:00,29.96,69.93,95.97
2024-03-08 04:00:00,27.73,71.96,75.2
2024-03-08 04:15:00,37.32,59.98,86.23
2024-03-08 04:30:00,34.0,65.75,75.54
2024-03-08 04:45:00,31.58,57.47,90.65
2024-03-08 05:00:00,28.39,33.87,86.67
2024-03-08 05:15:00,31.66,56.76,84.3
2024-03-08 05:30:00,29.89,54.37,90.17
2024-03-08 05:45:00,26.68,44.41,88.35
2024-03-08 06:00:00,30.65,51.49,79.98
2024-03-08 06:15:00,31.33,62.03,80.09
2024-03-08 06:30:00,28.12,43.0,89.3
2024-03-08 06:45:00,34.52,49.34,72.98
2024-03-08 07:00:00,36.44,83.22,90.39
2024-03-08 07:15:00,34.85,35.96,70.3
2024-03-08 07:30:00,28.62,57.25,68.93
2024-03-08 07:45:00,33.78,42.51,94.94
2024-03-08 08:00:00,30.39,48.73,87.3
2024-03-08 08:15:00,23.82,57.03,91.0
2024-03-08 08:30:00,33.36,45.19,88.2
2024-03-08 08:45:00,30.73,68.61,91.29
2024-03-08 09:00:00,42.97,80.27,90.3
2024-03-08 09:15:00,37.29,72.63,82.87
2024-03-08 09:30:00,33.56,75.37,77.75
2024-03-08 09:45:00,31.25,39.3,87.92
2024-03-08 10:00:00,30.82,56.35,89.79
2024-03-08 10:15:00,24.98,67.01,79.13
2024-03-08 10:30:00,21.31,73.07,74.37
2024-03-08 10:45:00,25.64,86.3,71.3
2024-03-08 11:00:00,29.76,76.04,68.11
2024-03-08 11:15:00,20.0,73.45,81.67
2024-03-08 11:30:00,27.28,90.0,98.73
2024-03-08 11:45:00,28.76,61.44,93.7
2024-03-08 12:00:00,28.92,55.66,90.77
2024-03-08 12:15:00,26.69,62.66,95.92
2024-03-08 12:30:00,28.29,46.27,75.45
2024-03-08 12:45:00,38.62,61.01,90.3
2024-03-08 13:00:00,33.31,34.1,86.02
2024-03-08 13:15:00,27.2,52.06,83.76
2024-03-08 13:30:00,29.66,58.27,87.23
2024-03-08 13:45:00,29.86,74.24,81.07
2024-03-08 14:00:00,26.16,76.67,70.92
2024-03-08 14:15:00,26.15,45.55,78.98
2024-03-08 14:30:00,35.05,90.0,68.83
2024-03-08 14:45:00,27.9,62.23,71.45
2024-03-08 15:00:00,24.53,63.6,96.86
2024-03-08 15:15:00,29.78,35.73,89.02
2024-03-08 15:30:00,30.59,50.7,74.07
2024-03-08 15:45:00,20.14,75.75,92.68
2024-03-08 16:00:00,29.8,62.55,87.28
2024-03-08 16:15:00,34.34,61.62,90.63
2024-03-08 16:30:00,32.26,63.41,77.53
2024-03-08 16:45:00,41.15,38.35,86.58
2024-03-08 17:00:00,36.26,58.55,89.51
2024-03-08 17:15:00,37.24,81.12,93.94
2024-03-08 17:30:00,44.0,76.3,77.7
2024-03-08 17:45:00,33.79,58.12,95.36
2024-03-08 18:00:00,30.82,83.46,87.85
2024-03-08 18:15:00,34.87,41.11,93.3
2024-03-08 18:30:00,27.2,45.42,68.54
2024-03-08 18:45:00,30.54,87.95,91.76
2024-03-08 19:00:00,26.76,68.67,90.55
2024-03-08 19:15:00,31.99,55.67,79.92
2024-03-08 19:30:00,26.74,59.17,78.34
2024-03-08 19:45:00,26.57,47.9,82.5
2024-03-08 20:00:00,32.07,64.15,78.26
2024-03-08 20:15:00,29.31,62.96,64.37
2024-03-08 20:30:00,20.36,60.3,80.26
2024-03-08 20:45:00,22.72,42.6,83.1
2024-03-08 21:00:00,24.26,63.97,90.23
2024-03-08 21:15:00,25.59,52.06,88.39
2024-03-08 21:30:00,32.07,45.21,87.21
2024-03-08 21:45:00,31.09,79.0,63.75
2024-03-08 22:00:00,35.33,90.0,76.31
2024-03-08 22:15:00,33.76,89.14,90.39
2024-03-08 22:30:00,35.36,69.75,100.0
2024-03-08 22:45:00,33.04,56.02,79.95
2024-03-08 23:00:00,31.05,58.94,89.75
2024-03-08 23:15:00,35.5,66.08,90.56
2024-03-08 23:30:00,34.6,53.7,86.83
2024-03-08 23:45:00,31.88,79.78,92.91
2024-03-09 00:00:00,36.36,30.0,80.58
2024-03-09 00:15:00,20.0,55.56,98.62
2024-03-09 00:30:00,28.55,72.02,91.77
2024-03-09 00:45:00,28.47,47.32,96.42
2024-03-09 01:00:00,35.76,56.4,84.16
2024-03-09 01:15:00,37.86,68.9,93.04
2024-03-09 01:30:00,22.75,82.77,91.36
2024-03-09 01:45:00,37.06,40.59,73.67
2024-03-09 02:00:00,24.14,39.48,85.26
2024-03-09 02:15:00,24.29,45.81,87.11
2024-03-09 02:30:00,28.83,36.94,94.58
2024-03-09 02:45:00,28.41,38.0,85.49
2024-03-09 03:00:00,22.21,45.41,84.79
2024-03-09 03:15:00,33.25,78.5,99.29
2024-03-09 03:30:00,33.4,55.32,74.54
2024-03-09 03:45:00,35.27,60.47,69.49
2024-03-09 04:00:00,27.83,45.67,80.82
2024-03-09 04:15:00,29.8,69.5,81.81
2024-03-09 04:30:00,29.85,88.14,78.28
2024-03-09 04:45:00,38.44,46.69,92.64
2024-03-09 05:00:00,20.0,85.87,95.62
2024-03-09 05:15:00,25.22,65.47,74.66
2024-03-09 05:30:00,30.03,60.25,79.98
2024-03-09 05:45:00,24.57,66.0,72.26
2024-03-09 06:00:00,28.71,65.86,85.16
2024-03-09 06:15:00,29.37,87.86,68.16
2024-03-09 06:30:00,26.71,67.8,82.27
2024-03-09 06:45:00,30.32,68.12,86.13
2024-03-09 07:00:00,33.14,53.68,93.97
2024-03-09 07:15:00,28.82,72.59,73.25
2024-03-09 07:30:00,27.73,45.65,81.29
2024-03-09 07:45:00,29.17,61.64,93.32
2024-03-09 08:00:00,29.96,90.0,68.12
2024-03-09 08:15:00,21.3,30.0,92.99
2024-03-09 08:30:00,32.31,63.5,74.82
2024-03-09 08:45:00,27.74,64.07,64.37
2024-03-09 09:00:00,36.31,56.58,76.75
2024-03-09 09:15:00,32.96,56.93,77.47
2024-03-09 09:30:00,35.85,61.37,87.24
2024-03-09 09:45:00,24.94,56.22,84.13
2024-03-09 10:00:00,28.14,63.33,88.58
2024-03-09 10:15:00,23.79,52.69,84.77
2024-03-09 10:30:00,26.47,90.0,76.36
2024-03-09 10:45:00,36.26,56.22,95.58
2024-03-09 11:00:00,37.44,68.54,100.0
2024-03-09 11:15:00,24.26,49.96,76.94
2024-03-09 11:30:00,27.71,74.0,94.44
2024-03-09 11:45:00,29.62,71.0,92.26
2024-03-09 12:00:00,32.93,66.29,73.85
2024-03-09 12:15:00,21.2,44.59,72.89
2024-03-09 12:30:00,21.98,48.71,77.6
2024-03-09 12:45:00,32.45,85.29,100.0
2024-03-09 13:00:00,20.25,48.55,95.42
2024-03-09 13:15:00,27.77,69.61,91.25
2024-03-09 13:30:00,30.81,45.83,98.87
2024-03-09 13:45:00,32.08,75.13,74.34
2024-03-09 14:00:00,29.29,49.7,99.81
2024-03-09 14:15:00,28.17,45.55,83.46
2024-03-09 14:30:00,34.22,49.31,94.11
2024-03-09 14:45:00,31.43,51.69,83.95
2024-03-09 15:00:00,26.76,66.07,81.82
2024-03-09 15:15:00,30.19,61.04,75.28
2024-03-09 15:30:00,31.92,43.57,76.6
2024-03-09 15:45:00,38.59,59.58,75.32
2024-03-09 16:00:00,33.93,42.85,82.21
2024-03-09 16:15:00,36.07,69.65,86.98
2024-03-09 16:30:00,26.95,72.4,90.99
2024-03-09 16:45:00,27.38,59.64,72.0
2024-03-09 17:00:00,28.82,64.07,69.02
2024-03-09 17:15:00,29.28,86.28,83.45
2024-03-09 17:30:00,24.96,57.64,97.29
2024-03-09 17:45:00,36.33,45.84,82.83
2024-03-09 18:00:00,34.42,68.69,96.87
2024-03-09 18:15:00,28.47,43.01,76.49
2024-03-09 18:30:00,33.21,56.84,75.9
2024-03-09 18:45:00,31.11,51.02,86.59
2024-03-09 19:00:00,33.6,49.47,85.03
2024-03-09 19:15:00,23.28,56.25,74.66
2024-03-09 19:30:00,29.27,73.5,100.0
2024-03-09 19:45:00,29.71,76.59,76.66
2024-03-09 20:00:00,33.12,73.89,71.71
2024-03-09 20:15:00,26.86,65.05,79.35
2024-03-09 20:30:00,20.0,56.13,89.84
2024-03-09 20:45:00,24.59,30.0,94.68
2024-03-09 21:00:00,29.69,65.51,72.98
2024-03-09 21:15:00,30.32,30.0,81.65
2024-03-09 21:30:00,38.42,31.15,89.46
2024-03-09 21:45:00,32.91,57.57,69.17
2024-03-09 22:00:00,30.41,63.97,93.86
2024-03-09 22:15:00,29.84,53.23,68.39
2024-03-09 22:30:00,35.52,83.03,97.91
2024-03-09 22:45:00,27.05,66.93,86.22
2024-03-09 23:00:00,29.3,56.26,76.95
2024-03-09 23:15:00,24.55,80.79,87.42
2024-03-09 23:30:00,37.09,83.48,83.64
2024-03-09 23:45:00,31.96,67.69,72.52
2024-03-10 00:00:00,26.46,48.37,78.95
2024-03-10 00:15:00,29.43,51.75,93.43
2024-03-10 00:30:00,32.55,38.3,82.52
2024-03-10 00:45:00,28.75,59.36,91.19
2024-03-10 01:00:00,27.33,44.25,80.62
2024-03-10 01:15:00,26.73,55.06,86.16
2024-03-10 01:30:00,31.69,63.91,81.39
2024-03-10 01:45:00,28.21,30.24,78.14
2024-03-10 02:00:00,27.73,41.04,78.59
2024-03-10 02:15:00,23.32,52.4,80.49
2024-03-10 02:30:00,30.39,59.21,85.51
2024-03-10 02:45:00,29.09,52.59,77.17
2024-03-10 03:00:00,28.39,55.94,98.18
2024-03-10 03:15:00,30.99,49.41,72.53
2024-03-10 03:30:00,33.74,38.26,89.5
2024-03-10 03:45:00,33.51,51.98,87.61
2024-03-10 04:00:00,32.76,56.8,89.94
2024-03-10 04:15:00,28.8,55.34,77.7
2024-03-10 04:30:00,27.17,61.68,84.15
2024-03-10 04:45:00,24.78,66.28,90.57
2024-03-10 05:00:00,27.03,70.23,73.22
2024-03-10 05:15:00,30.1,50.5,75.27
2024-03-10 05:30:00,26.07,36.36,68.79
2024-03-10 05:45:00,30.48,79.07,92.27
2024-03-10 06:00:00,25.17,65.78,90.5
2024-03-10 06:15:00,21.7,45.68,69.09
2024-03-10 06:30:00,34.1,64.17,83.38
2024-03-10 06:45:00,27.63,76.02,76.35
2024-03-10 07:00:00,25.81,85.94,87.31
2024-03-10 07:15:00,24.53,63.76,78.61
2024-03-10 07:30:00,32.12,75.9,90.19
2024-03-10 07:45:00,36.87,41.86,87.83
2024-03-10 08:00:00,27.98,59.46,91.83
2024-03-10 08:15:00,28.92,54.97,90.0
2024-03-10 08:30:00,35.36,65.14,81.12
2024-03-10 08:45:00,20.95,84.17,93.31
2024-03-10 09:00:00,39.83,63.75,86.66
2024-03-10 09:15:00,42.22,45.93,87.69
2024-03-10 09:30:00,20.0,41.05,77.71
2024-03-10 09:45:00,29.51,84.69,96.03
2024-03-10 10:00:00,26.41,67.71,90.3
2024-03-10 10:15:00,28.68,66.72,79.66
2024-03-10 10:30:00,27.91,54.84,91.52
2024-03-10 10:45:00,34.06,64.02,86.67
2024-03-10 11:00:00,29.44,45.2,65.61
2024-03-10 11:15:00,25.45,65.81,68.66
2024-03-10 11:30:00,29.14,42.38,68.81
2024-03-10 11:45:00,32.57,54.61,86.54
2024-03-10 12:00:00,24.08,50.36,76.67
2024-03-10 12:15:00,21.77,30.0,68.71
2024-03-10 12:30:00,39.96,54.8,74.19
2024-03-10 12:45:00,26.79,46.52,88.4
2024-03-10 13:00:00,29.31,56.84,77.17
2024-03-10 13:15:00,28.01,60.03,80.72
2024-03-10 13:30:00,32.74,86.52,88.04
2024-03-10 13:45:00,38.86,64.57,74.1
2024-03-10 14:00:00,32.9,65.01,92.9
2024-03-10 14:15:00,22.41,67.43,83.41
2024-03-10 14:30:00,23.08,73.08,74.6
2024-03-10 14:45:00,28.01,66.81,82.75
2024-03-10 15:00:00,28.66,64.23,73.28
2024-03-10 15:15:00,21.39,70.67,76.86
2024-03-10 15:30:00,34.1,30.0,87.37
2024-03-10 15:45:00,24.57,90.0,80.62
2024-03-10 16:00:00,37.47,83.85,79.78
2024-03-10 16:15:00,39.1,63.26,85.74
2024-03-10 16:30:00,28.76,38.8,81.02
2024-03-10 16:45:00,32.19,78.16,96.03
2024-03-10 17:00:00,23.84,49.59,78.24
2024-03-10 17:15:00,33.12,68.01,92.2
2024-03-10 17:30:00,27.51,40.76,78.33
2024-03-10 17:45:00,24.56,90.0,90.52
2024-03-10 18:00:00,28.55,38.37,77.69
2024-03-10 18:15:00,27.67,61.03,79.89
2024-03-10 18:30:00,28.37,30.0,80.9
2024-03-10 18:45:00,34.75,59.38,77.82
2024-03-10 19:00:00,26.07,53.62,88.15
2024-03-10 19:15:00,38.68,77.06,72.08
2024-03-10 19:30:00,23.37,53.62,83.78
2024-03-10 19:45:00,38.08,77.08,93.74
2024-03-10 20:00:00,24.92,44.64,77.47
2024-03-10 20:15:00,29.99,55.77,89.47
2024-03-10 20:30:00,27.55,56.07,81.67
2024-03-10 20:45:00,28.28,67.43,77.72
2024-03-10 21:00:00,34.01,65.53,79.36
2024-03-10 21:15:00,37.5,70.83,87.04
2024-03-10 21:30:00,35.95,64.0,76.78
2024-03-10 21:45:00,27.98,69.92,82.27
2024-03-10 22:00:00,30.92,46.53,100.0
2024-03-10 22:15:00,26.09,65.83,63.59
2024-03-10 22:30:00,25.04,84.12,76.17
2024-03-10 22:45:00,24.27,34.8,91.29
2024-03-10 23:00:00,27.81,67.34,87.1
2024-03-10 23:15:00,31.25,70.15,78.2
2024-03-10 23:30:00,20.44,81.92,77.94
2024-03-10 23:45:00,29.77,70.89,84.65
2024-03-11 00:00:00,37.58,61.5,84.42
2024-03-11 00:15:00,35.61,66.45,86.38
2024-03-11 00:30:00,27.07,48.97,87.71
2024-03-11 00:45:00,23.02,54.18,84.61
2024-03-11 01:00:00,32.3,39.96,83.84
2024-03-11 01:15:00,20.0,82.31,77.95
2024-03-11 01:30:00,35.55,66.75,81.91
2024-03-11 01:45:00,28.93,46.26,81.5
2024-03-11 02:00:00,39.16,64.07,77.83
2024-03-11 02:15:00,21.37,77.39,80.45
2024-03-11 02:30:00,34.59,74.89,92.92
2024-03-11 02:45:00,29.5,46.09,91.82
2024-03-11 03:00:00,28.34,30.0,78.16
2024-03-11 03:15:00,23.15,65.93,59.7
2024-03-11 03:30:00,32.98,46.7,68.81
2024-03-11 03:45:00,33.38,69.33,72.24
2024-03-11 04:00:00,38.93,74.25,82.99
2024-03-11 04:15:00,35.04,76.7,73.27
2024-03-11 04:30:00,27.03,86.17,67.85
2024-03-11 04:45:00,24.98,78.55,77.67
2024-03-11 05:00:00,23.16,86.24,87.9
2024-03-11 05:15:00,37.37,80.69,82.66
2024-03-11 05:30:00,26.11,81.99,74.62
2024-03-11 05:45:00,37.4,59.39,100.0
2024-03-11 06:00:00,32.63,40.66,77.15
2024-03-11 06:15:00,31.65,90.0,80.39
2024-03-11 06:30:00,28.47,60.94,77.98
2024-03-11 06:45:00,33.3,78.43,78.92
2024-03-11 07:00:00,29.92,51.75,86.78
2024-03-11 07:15:00,28.15,74.46,75.04
2024-03-11 07:30:00,33.48,30.0,82.47
2024-03-11 07:45:00,29.28,53.84,79.15
2024-03-11 08:00:00,26.01,58.52,79.56
2024-03-11 08:15:00,33.0,66.94,86.31
2024-03-11 08:30:00,29.68,76.08,72.32
2024-03-11 08:45:00,32.44,43.59,79.6
2024-03-11 09:00:00,27.73,69.9,70.94
2024-03-11 09:15:00,23.95,78.4,86.19
2024-03-11 09:30:00,38.68,90.0,83.85
2024-03-11 09:45:00,37.73,70.6,83.3
2024-03-11 10:00:00,34.42,53.11,78.24
2024-03-11 10:15:00,28.06,40.92,99.01
2024-03-11 10:30:00,28.5,87.44,64.78
2024-03-11 10:45:00,36.91,71.06,94.54
2024-03-11 11:00:00,28.23,59.67,78.01
2024-03-11 11:15:00,26.84,35.7,87.75
2024-03-11 11:30:00,39.36,46.03,94.42
2024-03-11 11:45:00,29.76,69.47,92.25
2024-03-11 12:00:00,38.84,65.31,87.77
2024-03-11 12:15:00,23.01,30.81,86.22
2024-03-11 12:30:00,32.59,69.49,89.11
2024-03-11 12:45:00,40.36,36.47,80.29
2024-03-11 13:00:00,30.15,80.31,91.23
2024-03-11 13:15:00,28.68,63.13,74.63
2024-03-11 13:30:00,24.16,53.05,76.73
2024-03-11 13:45:00,35.41,74.85,66.68
2024-03-11 14:00:00,26.15,65.3,87.57
2024-03-11 14:15:00,29.53,79.87,72.79
2024-03-11 14:30:00,23.83,61.21,76.16
2024-03-11 14:45:00,37.78,62.08,73.93
2024-03-11 15:00:00,35.77,55.72,79.85
2024-03-11 15:15:00,29.84,63.94,68.6
2024-03-11 15:30:00,24.23,85.47,96.89
2024-03-11 15:45:00,37.68,52.46,76.4
2024-03-11 16:00:00,28.17,69.72,67.43
2024-03-11 16:15:00,24.47,46.79,76.33
2024-03-11 16:30:00,21.19,30.0,85.05
2024-03-11 16:45:00,26.77,63.11,90.84
2024-03-11 17:00:00,22.73,65.56,72.65
2024-03-11 17:15:00,26.89,58.35,84.95
2024-03-11 17:30:00,33.72,37.56,75.97
2024-03-11 17:45:00,28.12,64.56,71.21
2024-03-11 18:00:00,31.78,63.99,72.7
2024-03-11 18:15:00,26.38,46.67,75.84
2024-03-11 18:30:00,30.33,39.7,77.25
2024-03-11 18:45:00,39.6,56.21,84.56
2024-03-11 19:00:00,28.26,69.79,88.24
2024-03-11 19:15:00,31.92,66.25,72.23
2024-03-11 19:30:00,22.17,46.79,87.95
2024-03-11 19:45:00,37.6,62.05,89.56
2024-03-11 20:00:00,27.61,73.31,75.93
2024-03-11 20:15:00,35.25,42.41,85.45
2024-03-11 20:30:00,29.38,60.95,83.33
2024-03-11 20:45:00,33.06,80.09,82.18
2024-03-11 21:00:00,33.36,40.88,81.16
2024-03-11 21:15:00,27.74,77.33,72.35
2024-03-11 21:30:00,35.46,84.29,86.92
2024-03-11 21:45:00,26.21,56.67,82.57
2024-03-11 22:00:00,33.89,54.85,79.94
2024-03-11 22:15:00,28.05,75.5,84.74
2024-03-11 22:30:00,31.75,57.21,86.0
2024-03-11 22:45:00,27.69,30.0,82.93
2024-03-11 23:00:00,30.25,58.52,74.66
2024-03-11 23:15:00,24.63,67.06,95.32
2024-03-11 23:30:00,31.24,71.1,79.01
2024-03-11 23:45:00,30.22,46.79,65.51
2024-03-12 00:00:00,27.3,55.95,76.41
2024-03-12 00:15:00,29.72,74.65,78.8
2024-03-12 00:30:00,30.67,59.1,76.94
2024-03-12 00:45:00,26.92,37.07,72.04
2024-03-12 01:00:00,29.36,78.56,90.05
2024-03-12 01:15:00,24.97,56.79,97.96
2024-03-12 01:30:00,41.73,76.37,97.53
2024-03-12 01:45:00,35.3,39.07,75.91
2024-03-12 02:00:00,31.37,58.19,84.82
2024-03-12 02:15:00,35.86,67.65,88.99
2024-03-12 02:30:00,20.1,58.69,91.18
2024-03-12 02:45:00,20.0,42.25,84.4
2024-03-12 03:00:00,28.0,30.0,91.35
2024-03-12 03:15:00,23.11,82.85,82.31
2024-03-12 03:30:00,28.82,63.72,87.52
2024-03-12 03:45:00,31.03,77.5,98.18
2024-03-12 04:00:00,34.6,73.93,94.73
2024-03-12 04:15:00,24.31,68.95,76.62
2024-03-12 04:30:00,32.0,55.18,78.68
2024-03-12 04:45:00,30.07,67.35,80.57
2024-03-12 05:00:00,31.74,81.49,88.22
2024-03-12 05:15:00,27.4,61.25,74.97
2024-03-12 05:30:00,36.92,88.53,81.09
2024-03-12 05:45:00,29.48,37.51,84.2
2024-03-12 06:00:00,38.87,35.9,73.52
2024-03-12 06:15:00,26.05,74.82,95.28
2024-03-12 06:30:00,33.71,47.72,85.43
2024-03-12 06:45:00,29.7,90.0,80.27
2024-03-12 07:00:00,28.36,80.06,82.21
2024-03-12 07:15:00,33.16,83.81,76.75
2024-03-12 07:30:00,28.5,73.27,77.54
2024-03-12 07:45:00,20.0,46.18,66.62
2024-03-12 08:00:00,20.0,35.11,92.73
2024-03-12 08:15:00,36.36,82.43,92.46
2024-03-12 08:30:00,36.15,37.51,93.08
2024-03-12 08:45:00,39.44,83.77,89.98
2024-03-12 09:00:00,29.91,70.04,91.88
2024-03-12 09:15:00,23.54,58.86,91.0
2024-03-12 09:30:00,27.9,66.63,91.42
2024-03-12 09:45:00,30.06,66.98,79.27
2024-03-12 10:00:00,24.96,56.96,93.13
2024-03-12 10:15:00,38.24,81.39,96.89
2024-03-12 10:30:00,41.2,80.87,75.03
2024-03-12 10:45:00,32.39,62.33,70.91
2024-03-12 11:00:00,29.95,51.0,66.79
2024-03-12 11:15:00,23.53,79.59,81.04
2024-03-12 11:30:00,37.73,30.0,90.55
2024-03-12 11:45:00,30.38,66.66,88.12
2024-03-12 12:00:00,28.55,71.09,87.83
2024-03-12 12:15:00,32.41,47.57,89.78
2024-03-12 12:30:00,27.07,74.61,66.68
2024-03-12 12:45:00,30.73,59.6,69.02
2024-03-12 13:00:00,22.79,51.81,88.68
2024-03-12 13:15:00,35.44,74.45,71.21
2024-03-12 13:30:00,29.48,43.71,99.47
2024-03-12 13:45:00,35.79,73.04,94.33
2024-03-12 14:00:00,28.99,30.26,76.76
2024-03-12 14:15:00,29.32,64.29,77.1
2024-03-12 14:30:00,23.94,60.66,87.58
2024-03-12 14:45:00,33.8,51.9,87.29
2024-03-12 15:00:00,25.62,65.84,77.84
2024-03-12 15:15:00,27.57,58.81,87.26
2024-03-12 15:30:00,30.01,75.82,81.87
2024-03-12 15:45:00,30.61,68.4,74.69
2024-03-12 16:00:00,21.47,66.79,80.51
2024-03-12 16:15:00,28.85,64.38,91.65
2024-03-12 16:30:00,33.98,52.92,92.98
2024-03-12 16:45:00,28.11,55.47,75.7
2024-03-12 17:00:00,28.88,63.72,77.08
2024-03-12 17:15:00,30.81,57.4,86.07
2024-03-12 17:30:00,29.37,76.67,92.64
2024-03-12 17:45:00,24.85,61.4,94.71
2024-03-12 18:00:00,29.82,65.64,78.57
2024-03-12 18:15:00,34.97,38.96,92.76
2024-03-12 18:30:00,24.74,74.15,79.26
2024-03-12 18:45:00,28.13,51.28,89.75
2024-03-12 19:00:00,23.09,44.36,86.86
2024-03-12 19:15:00,34.71,84.69,69.12
2024-03-12 19:30:00,29.54,70.46,94.09
2024-03-12 19:45:00,25.75,74.66,82.56
2024-03-12 20:00:00,30.46,66.82,95.96
2024-03-12 20:15:00,23.98,58.6,80.98
2024-03-12 20:30:00,24.83,55.81,92.25
2024-03-12 20:45:00,22.7,71.69,71.48
2024-03-12 21:00:00,24.67,76.99,72.13
2024-03-12 21:15:00,36.79,58.98,97.77
2024-03-12 21:30:00,26.33,90.0,83.9
2024-03-12 21:45:00,32.33,57.04,71.24
2024-03-12 22:00:00,25.82,39.09,90.79
2024-03-12 22:15:00,33.8,34.18,86.19
2024-03-12 22:30:00,24.87,34.68,85.3
2024-03-12 22:45:00,30.2,53.79,86.63
2024-03-12 23:00:00,30.26,56.52,72.95
2024-03-12 23:15:00,41.64,70.24,80.88
2024-03-12 23:30:00,33.15,59.57,78.71
2024-03-12 23:45:00,27.04,72.65,86.93
2024-03-13 00:00:00,33.43,60.67,79.27
2024-03-13 00:15:00,40.69,60.2,74.81
2024-03-13 00:30:00,21.85,51.34,73.82
2024-03-13 00:45:00,25.79,81.34,65.01
2024-03-13 01:00:00,28.82,37.03,86.8
2024-03-13 01:15:00,27.91,64.52,100.0
2024-03-13 01:30:00,28.34,57.28,73.84
2024-03-13 01:45:00,23.48,71.73,78.47
2024-03-13 02:00:00,37.02,59.69,95.06
2024-03-13 02:15:00,22.89,60.13,78.15
2024-03-13 02:30:00,29.0,56.0,85.38
2024-03-13 02:45:00,35.23,80.9,100.0
2024-03-13 03:00:00,29.85,60.04,72.68
2024-03-13 03:15:00,25.1,89.54,80.68
2024-03-13 03:30:00,23.26,64.08,70.2
2024-03-13 03:45:00,28.85,60.33,79.81
2024-03-13 04:00:00,26.21,57.82,80.04
2024-03-13 04:15:00,31.03,68.46,76.86
2024-03-13 04:30:00,22.99,51.17,75.35
2024-03-13 04:45:00,34.07,62.19,82.26
2024-03-13 05:00:00,30.58,60.12,78.39
2024-03-13 05:15:00,30.95,64.88,84.17
2024-03-13 05:30:00,37.21,65.25,70.86
2024-03-13 05:45:00,27.81,66.03,75.56
2024-03-13 06:00:00,26.37,61.42,99.11
2024-03-13 06:15:00,27.26,83.53,92.36
2024-03-13 06:30:00,29.04,66.34,86.79
2024-03-13 06:45:00,29.55,90.0,73.23
2024-03-13 07:00:00,25.85,60.75,84.19
2024-03-13 07:15:00,20.0,74.38,93.64
2024-03-13 07:30:00,27.2,49.11,73.61
2024-03-13 07:45:00,31.8,81.01,82.83
2024-03-13 08:00:00,30.68,49.44,74.37
2024-03-13 08:15:00,36.0,66.84,74.14
2024-03-13 08:30:00,39.78,56.03,79.24
2024-03-13 08:45:00,33.8,66.78,70.31
2024-03-13 09:00:00,36.91,56.48,87.55
2024-03-13 09:15:00,33.83,48.16,80.83
2024-03-13 09:30:00,38.55,55.93,71.73
2024-03-13 09:45:00,39.25,83.12,100.0
2024-03-13 10:00:00,34.76,67.01,63.49
2024-03-13 10:15:00,33.53,40.67,93.52
2024-03-13 10:30:00,28.97,76.43,84.23
2024-03-13 10:45:00,29.79,46.63,77.65
2024-03-13 11:00:00,28.31,71.15,70.31
2024-03-13 11:15:00,33.11,68.3,82.16
2024-03-13 11:30:00,26.4,69.24,96.46
2024-03-13 11:45:00,29.04,87.8,82.55
2024-03-13 12:00:00,20.0,47.57,74.91
2024-03-13 12:15:00,38.62,69.16,74.42
2024-03-13 12:30:00,28.9,78.89,86.04
2024-03-13 12:45:00,32.28,50.35,97.03
2024-03-13 13:00:00,37.29,48.81,78.47
2024-03-13 13:15:00,31.5,55.69,96.93
2024-03-13 13:30:00,37.22,64.87,88.13
2024-03-13 13:45:00,23.79,38.84,81.23
2024-03-13 14:00:00,41.99,68.27,90.84
2024-03-13 14:15:00,35.44,38.87,69.44
2024-03-13 14:30:00,31.05,79.4,71.53
2024-03-13 14:45:00,37.13,67.71,90.81
2024-03-13 15:00:00,24.16,88.7,95.38
2024-03-13 15:15:00,28.56,70.03,79.33
2024-03-13 15:30:00,37.22,55.43,63.67
2024-03-13 15:45:00,20.66,48.02,71.61
2024-03-13 16:00:00,32.8,63.58,78.05
2024-03-13 16:15:00,32.66,59.55,86.59
2024-03-13 16:30:00,39.85,77.79,71.77
2024-03-13 16:45:00,22.09,46.07,67.24
2024-03-13 17:00:00,38.05,90.0,86.9
2024-03-13 17:15:00,27.2,79.12,73.29
2024-03-13 17:30:00,27.76,56.95,84.43
2024-03-13 17:45:00,23.89,86.97,90.47
2024-03-13 18:00:00,24.56,48.25,83.6
2024-03-13 18:15:00,32.02,63.08,81.78
2024-03-13 18:30:00,24.44,40.85,69.42
2024-03-13 18:45:00,33.7,87.7,77.86
2024-03-13 19:00:00,26.69,35.29,95.65
2024-03-13 19:15:00,23.93,38.39,92.17
2024-03-13 19:30:00,27.36,50.48,77.28
2024-03-13 19:45:00,31.68,79.83,68.28
2024-03-13 20:00:00,28.61,74.32,83.75
2024-03-13 20:15:00,30.17,61.83,92.16
2024-03-13 20:30:00,33.48,75.28,84.04
2024-03-13 20:45:00,35.41,58.27,84.42
2024-03-13 21:00:00,28.45,66.34,79.87
2024-03-13 21:15:00,24.78,84.78,95.51
2024-03-13 21:30:00,30.38,56.3,84.14
2024-03-13 21:45:00,32.35,48.5,69.96
2024-03-13 22:00:00,22.7,67.06,73.95
2024-03-13 22:15:00,25.55,71.1,77.05
2024-03-13 22:30:00,26.4,61.66,85.07
2024-03-13 22:45:00,28.96,75.05,73.74
2024-03-13 23:00:00,26.19,56.98,73.11
2024-03-13 23:15:00,33.54,61.91,93.68
2024-03-13 23:30:00,21.97,65.62,95.03
2024-03-13 23:45:00,22.1,64.31,88.81
2024-03-14 00:00:00,28.33,84.2,73.19
2024-03-14 00:15:00,29.12,65.54,79.64
2024-03-14 00:30:00,22.73,55.44,81.86
2024-03-14 00:45:00,26.97,67.92,90.4
2024-03-14 01:00:00,27.99,75.13,89.93
2024-03-14 01:15:00,28.03,71.61,96.53
2024-03-14 01:30:00,30.76,70.78,78.57
2024-03-14 01:45:00,26.69,37.53,86.38
2024-03-14 02:00:00,37.39,30.0,79.63
2024-03-14 02:15:00,32.44,79.13,67.68
2024-03-14 02:30:00,25.96,66.58,97.79
2024-03-14 02:45:00,30.47,59.68,93.67
2024-03-14 03:00:00,30.62,70.41,92.68
2024-03-14 03:15:00,36.07,88.91,86.93
2024-03-14 03:30:00,27.0,81.2,81.31
2024-03-14 03:45:00,33.84,74.43,73.86
2024-03-14 04:00:00,30.21,46.7,85.53
2024-03-14 04:15:00,37.46,48.65,76.11
2024-03-14 04:30:00,36.45,30.0,95.7
2024-03-14 04:45:00,30.98,69.5,90.79
2024-03-14 05:00:00,28.69,76.63,79.26
2024-03-14 05:15:00,32.53,77.85,78.68
2024-03-14 05:30:00,29.1,70.13,79.99
2024-03-14 05:45:00,38.4,57.69,72.14
2024-03-14 06:00:00,30.39,51.54,93.69
2024-03-14 06:15:00,27.97,47.62,96.67
2024-03-14 06:30:00,27.7,57.55,76.77
2024-03-14 06:45:00,23.93,45.33,89.28
2024-03-14 07:00:00,32.78,86.34,70.79
2024-03-14 07:15:00,25.9,40.46,96.0
2024-03-14 07:30:00,35.49,57.04,87.09
2024-03-14 07:45:00,23.54,30.96,65.86
2024-03-14 08:00:00,30.64,64.45,89.88
2024-03-14 08:15:00,35.75,59.96,71.58
2024-03-14 08:30:00,20.0,54.65,89.13
2024-03-14 08:45:00,40.09,46.01,82.14
2024-03-14 09:00:00,27.87,60.04,67.87
2024-03-14 09:15:00,30.71,51.83,90.87
2024-03-14 09:30:00,32.86,57.95,79.58
2024-03-14 09:45:00,33.63,89.36,75.74
2024-03-14 10:00:00,31.37,62.58,93.03
2024-03-14 10:15:00,34.99,67.99,85.92
2024-03-14 10:30:00,32.6,53.03,85.49
2024-03-14 10:45:00,38.8,48.23,83.22
2024-03-14 11:00:00,32.61,59.66,68.84
2024-03-14 11:15:00,39.82,90.0,89.75
2024-03-14 11:30:00,34.51,55.69,85.23
2024-03-14 11:45:00,20.97,65.42,69.63
2024-03-14 12:00:00,43.06,47.57,84.92
2024-03-14 12:15:00,27.13,30.0,83.96
2024-03-14 12:30:00,37.48,48.15,61.26
2024-03-14 12:45:00,30.13,90.0,84.94
2024-03-14 13:00:00,35.31,68.93,66.53
2024-03-14 13:15:00,26.56,84.61,86.95
2024-03-14 13:30:00,33.13,54.78,79.0
2024-03-14 13:45:00,28.73,30.0,68.57
2024-03-14 14:00:00,37.9,43.37,77.74
2024-03-14 14:15:00,32.19,65.96,73.98
2024-03-14 14:30:00,34.68,63.56,85.94
2024-03-14 14:45:00,20.0,59.84,85.15
2024-03-14 15:00:00,29.57,52.05,77.7
2024-03-14 15:15:00,32.05,74.1,75.71
2024-03-14 15:30:00,31.12,52.48,84.46
2024-03-14 15:45:00,34.81,64.62,92.9
2024-03-14 16:00:00,28.17,62.93,82.2
2024-03-14 16:15:00,30.24,54.47,81.39
2024-03-14 16:30:00,35.91,46.78,83.63
2024-03-14 16:45:00,20.0,53.59,64.38
2024-03-14 17:00:00,32.95,88.1,76.22
2024-03-14 17:15:00,28.33,76.69,84.15
2024-03-14 17:30:00,25.44,75.31,89.9
2024-03-14 17:45:00,31.68,48.2,70.2
2024-03-14 18:00:00,36.14,38.43,80.09
2024-03-14 18:15:00,35.2,76.45,81.48
2024-03-14 18:30:00,29.32,73.57,86.49
2024-03-14 18:45:00,34.38,62.06,89.06
2024-03-14 19:00:00,34.34,54.44,86.92
2024-03-14 19:15:00,29.56,38.04,72.48
2024-03-14 19:30:00,26.53,73.01,79.38
2024-03-14 19:45:00,26.82,77.79,92.9
2024-03-14 20:00:00,34.19,49.81,84.8
2024-03-14 20:15:00,29.79,48.56,84.6
2024-03-14 20:30:00,24.77,78.62,86.27
2024-03-14 20:45:00,21.58,50.37,62.35
2024-03-14 21:00:00,34.16,86.69,95.0
2024-03-14 21:15:00,27.27,58.36,79.65
2024-03-14 21:30:00,31.65,54.2,64.9
2024-03-14 21:45:00,36.2,60.68,76.16
2024-03-14 22:00:00,23.46,54.2,83.09
2024-03-14 22:15:00,29.77,76.89,71.89
2024-03-14 22:30:00,29.15,73.29,93.85
2024-03-14 22:45:00,31.9,76.32,86.67
2024-03-14 23:00:00,36.2,62.77,73.4
2024-03-14 23:15:00,23.35,53.15,88.19
2024-03-14 23:30:00,32.85,59.86,94.84
2024-03-14 23:45:00,35.16,53.61,86.93
2024-03-15 00:00:00,29.07,82.0,77.53
2024-03-15 00:15:00,29.31,75.03,89.44
2024-03-15 00:30:00,32.09,58.63,74.85
2024-03-15 00:45:00,31.72,46.1,99.79
2024-03-15 01:00:00,32.91,83.11,79.65
2024-03-15 01:15:00,32.81,62.05,85.87
2024-03-15 01:30:00,25.09,58.05,81.99
2024-03-15 01:45:00,34.95,83.24,73.94
2024-03-15 02:00:00,35.83,52.35,86.5
2024-03-15 02:15:00,30.93,55.22,75.7
2024-03-15 02:30:00,22.53,56.54,75.98
2024-03-15 02:45:00,29.43,40.25,82.97
2024-03-15 03:00:00,30.97,64.74,69.34
2024-03-15 03:15:00,24.28,48.56,59.29
2024-03-15 03:30:00,28.2,51.44,91.85
2024-03-15 03:45:00,22.95,49.43,76.53
2024-03-15 04:00:00,33.04,51.19,77.21
2024-03-15 04:15:00,30.83,47.42,70.0
2024-03-15 04:30:00,21.77,63.71,83.84
2024-03-15 04:45:00,31.76,57.67,73.15
2024-03-15 05:00:00,29.72,60.72,78.16
2024-03-15 05:15:00,32.58,90.0,70.01
2024-03-15 05:30:00,28.04,57.67,76.13
2024-03-15 05:45:00,25.99,69.07,83.3
2024-03-15 06:00:00,26.15,70.78,80.82
2024-03-15 06:15:00,27.31,59.06,92.36
2024-03-15 06:30:00,30.09,64.11,89.44
2024-03-15 06:45:00,30.74,60.31,68.22
2024-03-15 07:00:00,29.05,63.04,74.11
2024-03-15 07:15:00,27.88,51.2,100.0
2024-03-15 07:30:00,28.24,52.59,72.59
2024-03-15 07:45:00,42.54,60.25,99.28
2024-03-15 08:00:00,26.15,30.42,89.8
2024-03-15 08:15:00,27.21,82.44,75.19
2024-03-15 08:30:00,45.0,90.0,72.45
2024-03-15 08:45:00,32.11,62.56,80.97
2024-03-15 09:00:00,23.1,69.98,91.13
2024-03-15 09:15:00,34.21,76.22,86.6
2024-03-15 09:30:00,25.45,40.13,78.56
2024-03-15 09:45:00,34.55,73.92,83.34
2024-03-15 10:00:00,28.95,53.6,73.43
2024-03-15 10:15:00,27.8,90.0,64.55
2024-03-15 10:30:00,38.05,57.18,86.11
2024-03-15 10:45:00,32.83,73.62,90.97
2024-03-15 11:00:00,34.86,57.32,87.91
2024-03-15 11:15:00,32.17,90.0,87.3
2024-03-15 11:30:00,27.78,52.31,78.66
2024-03-15 11:45:00,33.06,77.48,83.17
2024-03-15 12:00:00,36.05,69.4,92.27
2024-03-15 12:15:00,30.67,66.06,89.62
2024-03-15 12:30:00,39.01,63.44,90.08
2024-03-15 12:45:00,34.25,49.99,86.23
2024-03-15 13:00:00,31.06,30.0,95.93
2024-03-15 13:15:00,31.26,76.12,86.91
2024-03-15 13:30:00,30.69,52.67,81.91
2024-03-15 13:45:00,23.74,77.54,96.59
2024-03-15 14:00:00,29.55,65.28,78.86
2024-03-15 14:15:00,31.11,78.0,81.65
2024-03-15 14:30:00,27.92,72.03,78.94
2024-03-15 14:45:00,31.69,30.0,80.38
2024-03-15 15:00:00,30.11,69.22,88.67
2024-03-15 15:15:00,33.87,54.84,79.37
2024-03-15 15:30:00,33.32,77.48,88.34
2024-03-15 15:45:00,30.84,68.87,89.17
2024-03-15 16:00:00,23.16,69.04,92.35
2024-03-15 16:15:00,38.95,55.92,79.1
2024-03-15 16:30:00,29.29,46.31,88.37
2024-03-15 16:45:00,29.6,53.51,85.51
2024-03-15 17:00:00,28.29,33.0,72.95
2024-03-15 17:15:00,27.56,51.14,92.18
2024-03-15 17:30:00,37.72,38.04,91.17
2024-03-15 17:45:00,36.93,38.43,91.47
2024-03-15 18:00:00,32.22,61.75,85.98
2024-03-15 18:15:00,29.46,68.01,76.76
2024-03-15 18:30:00,33.1,59.52,80.1
2024-03-15 18:45:00,30.37,52.52,92.05
2024-03-15 19:00:00,29.05,45.79,83.31
2024-03-15 19:15:00,31.69,55.24,88.1
2024-03-15 19:30:00,27.79,47.67,69.69
2024-03-15 19:45:00,31.26,59.06,72.24
2024-03-15 20:00:00,31.02,37.18,95.98
2024-03-15 20:15:00,33.01,70.52,98.74
2024-03-15 20:30:00,26.9,51.49,79.79
2024-03-15 20:45:00,33.55,65.64,75.96
2024-03-15 21:00:00,25.47,73.31,66.01
2024-03-15 21:15:00,27.14,64.92,60.99
2024-03-15 21:30:00,27.36,71.99,89.65
2024-03-15 21:45:00,24.64,30.0,71.91
2024-03-15 22:00:00,35.08,52.61,78.21
2024-03-15 22:15:00,25.15,76.55,95.91
2024-03-15 22:30:00,26.51,67.64,86.76
2024-03-15 22:45:00,36.28,87.73,76.26
2024-03-15 23:00:00,27.15,85.57,87.51
2024-03-15 23:15:00,29.06,64.49,81.8
2024-03-15 23:30:00,24.94,56.22,76.36
2024-03-15 23:45:00,34.16,45.62,87.4
2024-03-16 00:00:00,34.23,52.86,78.39
2024-03-16 00:15:00,33.69,53.88,100.0
2024-03-16 00:30:00,32.69,51.1,91.28
2024-03-16 00:45:00,30.37,46.22,92.33
2024-03-16 01:00:00,27.38,66.02,73.86
2024-03-16 01:15:00,25.93,85.45,77.16
2024-03-16 01:30:00,36.45,74.0,89.16
2024-03-16 01:45:00,33.82,55.16,95.72
2024-03-16 02:00:00,26.53,75.21,96.8
2024-03-16 02:15:00,30.2,65.2,71.16
2024-03-16 02:30:00,28.5,59.39,87.27
2024-03-16 02:45:00,24.36,58.45,85.3
2024-03-16 03:00:00,30.89,57.0,76.27
2024-03-16 03:15:00,27.92,69.77,81.95
2024-03-16 03:30:00,25.24,62.1,91.36
2024-03-16 03:45:00,22.6,49.07,86.59
2024-03-16 04:00:00,22.18,48.35,77.91
2024-03-16 04:15:00,28.14,64.59,91.46
2024-03-16 04:30:00,29.57,66.43,96.39
2024-03-16 04:45:00,25.62,55.3,77.68
2024-03-16 05:00:00,33.25,43.02,85.64
2024-03-16 05:15:00,29.67,78.76,83.81
2024-03-16 05:30:00,32.88,75.58,79.49
2024-03-16 05:45:00,29.09,30.19,88.17
2024-03-16 06:00:00,26.06,80.09,95.74
2024-03-16 06:15:00,30.57,56.87,84.35
2024-03-16 06:30:00,23.69,62.85,71.26
2024-03-16 06:45:00,32.7,77.07,85.51
2024-03-16 07:00:00,25.31,84.79,95.86
2024-03-16 07:15:00,34.59,75.04,89.71
2024-03-16 07:30:00,28.31,63.62,67.02
2024-03-16 07:45:00,35.31,39.37,75.53
2024-03-16 08:00:00,24.39,30.0,86.31
2024-03-16 08:15:00,26.61,73.17,69.14
2024-03-16 08:30:00,31.9,80.13,100.0
2024-03-16 08:45:00,35.85,47.78,78.5
2024-03-16 09:00:00,38.33,55.95,95.74
2024-03-16 09:15:00,30.21,51.64,67.58
2024-03-16 09:30:00,39.19,51.24,86.99
2024-03-16 09:45:00,28.55,76.12,88.74
2024-03-16 10:00:00,35.49,63.28,80.32
2024-03-16 10:15:00,25.29,56.56,78.62
2024-03-16 10:30:00,32.1,90.0,95.24
2024-03-16 10:45:00,20.0,38.48,86.96
2024-03-16 11:00:00,24.39,68.22,85.15
2024-03-16 11:15:00,32.33,44.27,76.69
2024-03-16 11:30:00,23.44,57.64,100.0
2024-03-16 11:45:00,32.13,62.23,82.11
2024-03-16 12:00:00,34.53,72.67,76.31
2024-03-16 12:15:00,27.49,56.08,80.3
2024-03-16 12:30:00,25.16,54.5,84.41
2024-03-16 12:45:00,27.63,55.81,94.1
2024-03-16 13:00:00,25.17,43.8,86.77
2024-03-16 13:15:00,29.49,69.48,83.0
2024-03-16 13:30:00,30.51,64.22,80.32
2024-03-16 13:45:00,28.47,66.53,77.67
2024-03-16 14:00:00,38.37,58.96,77.82
2024-03-16 14:15:00,26.4,57.11,93.98
2024-03-16 14:30:00,36.96,77.63,89.83
2024-03-16 14:45:00,24.79,75.33,73.07
2024-03-16 15:00:00,30.36,81.22,79.97
2024-03-16 15:15:00,35.92,65.59,71.25
2024-03-16 15:30:00,35.66,80.29,81.56
2024-03-16 15:45:00,27.9,53.76,72.56
2024-03-16 16:00:00,32.78,56.99,76.38
2024-03-16 16:15:00,32.11,77.93,89.92
2024-03-16 16:30:00,27.3,72.65,88.42
2024-03-16 16:45:00,33.08,55.64,95.08
2024-03-16 17:00:00,39.31,44.31,62.8
2024-03-16 17:15:00,32.36,56.94,75.69
2024-03-16 17:30:00,32.83,49.73,90.17
2024-03-16 17:45:00,33.36,85.87,89.4
2024-03-16 18:00:00,22.7,71.4,96.62
2024-03-16 18:15:00,32.3,48.51,80.62
2024-03-16 18:30:00,24.92,44.33,84.54
2024-03-16 18:45:00,27.05,48.33,83.91
2024-03-16 19:00:00,40.81,51.62,79.13
2024-03-16 19:15:00,28.73,57.5,73.5
2024-03-16 19:30:00,26.3,76.72,80.82
2024-03-16 19:45:00,35.76,45.5,69.94
2024-03-16 20:00:00,25.26,90.0,82.27
2024-03-16 20:15:00,27.76,45.85,74.6
2024-03-16 20:30:00,36.25,38.86,79.68
2024-03-16 20:45:00,30.21,85.32,94.64
2024-03-16 21:00:00,22.19,79.82,89.29
2024-03-16 21:15:00,32.72,57.26,75.81
2024-03-16 21:30:00,28.02,65.72,72.64
2024-03-16 21:45:00,37.7,66.1,98.53
2024-03-16 22:00:00,26.97,62.05,76.41
2024-03-16 22:15:00,35.26,40.55,92.0
2024-03-16 22:30:00,38.88,30.0,61.94
2024-03-16 22:45:00,25.75,47.33,89.74
2024-03-16 23:00:00,29.03,87.24,75.75
2024-03-16 23:15:00,31.94,87.83,81.55
2024-03-16 23:30:00,25.71,56.07,83.46
2024-03-16 23:45:00,31.35,45.63,66.88
2024-03-17 00:00:00,28.88,64.17,83.11
2024-03-17 00:15:00,28.77,66.58,90.03
2024-03-17 00:30:00,30.24,69.01,85.95
2024-03-17 00:45:00,30.36,30.0,81.86
2024-03-17 01:00:00,30.82,90.0,72.96
2024-03-17 01:15:00,27.01,76.99,73.93
2024-03-17 01:30:00,27.22,57.03,80.09
2024-03-17 01:45:00,29.41,49.22,95.12
2024-03-17 02:00:00,29.78,74.81,100.0
2024-03-17 02:15:00,27.81,67.43,75.7
2024-03-17 02:30:00,31.62,61.38,80.31
2024-03-17 02:45:00,20.93,66.88,89.98
2024-03-17 03:00:00,26.35,58.31,82.72
2024-03-17 03:15:00,28.6,66.03,83.34
2024-03-17 03:30:00,25.72,70.9,85.83
2024-03-17 03:45:00,38.15,65.15,70.28
2024-03-17 04:00:00,30.09,64.36,91.16
2024-03-17 04:15:00,30.88,80.89,88.26
2024-03-17 04:30:00,27.58,36.04,75.02
2024-03-17 04:45:00,29.92,48.03,83.22
2024-03-17 05:00:00,23.92,60.4,78.13
2024-03-17 05:15:00,29.15,49.05,79.09
2024-03-17 05:30:00,25.31,54.06,89.96
2024-03-17 05:45:00,28.61,79.32,75.9
2024-03-17 06:00:00,20.0,57.77,89.83
2024-03-17 06:15:00,24.36,32.56,82.02
2024-03-17 06:30:00,37.32,53.65,77.37
2024-03-17 06:45:00,34.15,60.87,77.05
2024-03-17 07:00:00,36.6,60.6,81.07
2024-03-17 07:15:00,36.94,68.34,70.12
2024-03-17 07:30:00,33.36,67.12,80.28
2024-03-17 07:45:00,27.74,57.92,78.93
2024-03-17 08:00:00,24.81,42.1,91.64
2024-03-17 08:15:00,35.73,53.38,91.35
2024-03-17 08:30:00,30.32,50.66,87.3
2024-03-17 08:45:00,42.47,55.72,89.07
2024-03-17 09:00:00,28.17,70.37,83.06
2024-03-17 09:15:00,39.86,66.06,79.27
2024-03-17 09:30:00,29.22,72.36,72.54
2024-03-17 09:45:00,36.68,54.24,76.23
2024-03-17 10:00:00,38.48,82.63,79.57
2024-03-17 10:15:00,24.89,70.09,90.46
2024-03-17 10:30:00,27.58,61.68,94.96
2024-03-17 10:45:00,24.84,69.05,78.02
2024-03-17 11:00:00,23.85,49.86,99.27
2024-03-17 11:15:00,33.34,30.0,87.25
2024-03-17 11:30:00,29.02,50.9,75.92
2024-03-17 11:45:00,30.26,71.21,68.65
2024-03-17 12:00:00,32.78,61.2,100.0
2024-03-17 12:15:00,20.71,57.95,84.38
2024-03-17 12:30:00,36.43,47.28,73.87
2024-03-17 12:45:00,28.25,30.66,71.05
2024-03-17 13:00:00,32.66,81.37,90.2
2024-03-17 13:15:00,33.1,56.88,90.81
2024-03-17 13:30:00,36.85,53.56,85.8
2024-03-17 13:45:00,29.48,49.93,96.17
2024-03-17 14:00:00,20.0,78.82,82.9
2024-03-17 14:15:00,30.29,73.22,92.19
2024-03-17 14:30:00,31.0,45.49,96.12
2024-03-17 14:45:00,24.83,77.47,85.97
2024-03-17 15:00:00,30.74,57.82,99.69
2024-03-17 15:15:00,28.19,50.84,87.78
2024-03-17 15:30:00,23.29,55.6,70.08
2024-03-17 15:45:00,33.36,48.25,83.35
2024-03-17 16:00:00,27.18,40.19,85.01
2024-03-17 16:15:00,27.97,71.64,76.93
2024-03-17 16:30:00,27.69,56.69,81.09
2024-03-17 16:45:00,36.18,69.26,78.1
2024-03-17 17:00:00,29.8,64.31,85.35
2024-03-17 17:15:00,30.4,68.23,80.28
2024-03-17 17:30:00,27.8,30.0,68.67
2024-03-17 17:45:00,32.31,47.0,68.11
2024-03-17 18:00:00,36.75,68.54,90.46
2024-03-17 18:15:00,33.24,40.88,79.12
2024-03-17 18:30:00,33.43,65.6,88.15
2024-03-17 18:45:00,33.03,39.14,83.68
2024-03-17 19:00:00,23.1,60.25,70.26
2024-03-17 19:15:00,25.62,84.15,78.59
2024-03-17 19:30:00,28.98,71.62,80.79
2024-03-17 19:45:00,26.37,32.24,85.44
2024-03-17 20:00:00,24.68,72.73,92.02
2024-03-17 20:15:00,20.64,87.33,81.5
2024-03-17 20:30:00,23.27,90.0,70.76
2024-03-17 20:45:00,28.72,67.13,75.22
2024-03-17 21:00:00,29.65,39.53,77.24
2024-03-17 21:15:00,26.03,66.52,78.77
2024-03-17 21:30:00,30.39,83.94,83.85
2024-03-17 21:45:00,27.83,57.19,99.36
2024-03-17 22:00:00,35.45,75.65,78.28
2024-03-17 22:15:00,29.19,47.41,86.33
2024-03-17 22:30:00,33.48,65.59,79.73
2024-03-17 22:45:00,31.02,30.0,78.59
2024-03-17 23:00:00,22.99,45.74,96.86
2024-03-17 23:15:00,29.55,59.91,85.16
2024-03-17 23:30:00,23.82,54.55,79.03
2024-03-17 23:45:00,29.46,40.49,76.57
2024-03-18 00:00:00,26.27,52.51,87.85
2024-03-18 00:15:00,31.91,64.94,91.48
2024-03-18 00:30:00,23.29,58.71,81.63
2024-03-18 00:45:00,30.07,60.91,72.32
2024-03-18 01:00:00,32.86,70.98,72.88
2024-03-18 01:15:00,34.54,54.85,69.25
2024-03-18 01:30:00,26.18,80.39,87.56
2024-03-18 01:45:00,30.09,45.16,82.79
2024-03-18 02:00:00,30.92,88.92,70.72
2024-03-18 02:15:00,37.74,76.7,93.35
2024-03-18 02:30:00,22.59,54.66,84.38
2024-03-18 02:45:00,25.44,55.66,90.22
2024-03-18 03:00:00,44.02,63.1,84.32
2024-03-18 03:15:00,28.63,68.98,68.24
2024-03-18 03:30:00,20.55,76.42,85.25
2024-03-18 03:45:00,27.09,39.89,69.47
2024-03-18 04:00:00,20.0,66.56,81.71
2024-03-18 04:15:00,31.2,30.0,85.64
2024-03-18 04:30:00,34.05,57.34,86.49
2024-03-18 04:45:00,25.44,81.81,99.06
2024-03-18 05:00:00,27.65,38.74,77.36
2024-03-18 05:15:00,34.62,36.01,67.68
2024-03-18 05:30:00,21.25,63.31,95.48
2024-03-18 05:45:00,23.39,80.81,74.96
2024-03-18 06:00:00,28.86,64.88,78.61
2024-03-18 06:15:00,26.24,31.43,80.03
2024-03-18 06:30:00,28.53,34.75,79.87
2024-03-18 06:45:00,23.68,61.47,80.58
2024-03-18 07:00:00,31.07,42.31,84.07
2024-03-18 07:15:00,29.25,62.05,92.69
2024-03-18 07:30:00,32.75,62.94,80.99
2024-03-18 07:45:00,31.0,52.65,92.19
2024-03-18 08:00:00,31.03,87.22,93.62
2024-03-18 08:15:00,22.77,68.86,76.91
2024-03-18 08:30:00,32.46,78.17,83.63
2024-03-18 08:45:00,28.35,73.81,69.34
2024-03-18 09:00:00,29.17,57.75,72.16
2024-03-18 09:15:00,35.24,57.08,86.35
2024-03-18 09:30:00,26.4,55.54,91.49
2024-03-18 09:45:00,36.76,70.22,88.01
2024-03-18 10:00:00,37.22,50.24,84.03
2024-03-18 10:15:00,33.76,85.88,79.44
2024-03-18 10:30:00,25.1,48.81,70.94
2024-03-18 10:45:00,20.0,63.22,69.54
2024-03-18 11:00:00,35.39,56.56,77.24
2024-03-18 11:15:00,30.56,53.24,76.05
2024-03-18 11:30:00,26.27,90.0,92.82
2024-03-18 11:45:00,35.87,53.41,74.49
2024-03-18 12:00:00,25.69,55.43,71.08
2024-03-18 12:15:00,27.88,50.04,71.53
2024-03-18 12:30:00,32.62,60.62,82.96
2024-03-18 12:45:00,24.43,58.48,82.61
2024-03-18 13:00:00,29.45,43.21,83.35
2024-03-18 13:15:00,35.45,53.63,73.31
2024-03-18 13:30:00,31.06,69.15,81.4
2024-03-18 13:45:00,36.24,75.4,78.0
2024-03-18 14:00:00,35.67,60.36,96.94
2024-03-18 14:15:00,30.04,60.88,69.18
2024-03-18 14:30:00,20.0,54.59,75.5
2024-03-18 14:45:00,24.47,52.46,73.77
2024-03-18 15:00:00,33.82,46.21,74.15
2024-03-18 15:15:00,22.25,36.65,92.83
2024-03-18 15:30:00,28.37,49.46,87.54
2024-03-18 15:45:00,31.69,73.56,81.05
2024-03-18 16:00:00,37.35,53.63,91.83
2024-03-18 16:15:00,27.12,54.81,75.48
2024-03-18 16:30:00,26.78,54.52,84.41
2024-03-18 16:45:00,29.74,78.67,81.14
2024-03-18 17:00:00,31.75,46.07,95.06
2024-03-18 17:15:00,29.23,64.16,83.51
2024-03-18 17:30:00,35.25,58.97,80.63
2024-03-18 17:45:00,26.0,61.02,90.74
2024-03-18 18:00:00,30.6,63.67,66.4
2024-03-18 18:15:00,32.23,60.86,74.0
2024-03-18 18:30:00,28.0,71.9,84.13
2024-03-18 18:45:00,34.2,59.56,74.0
2024-03-18 19:00:00,30.74,86.17,73.82
2024-03-18 19:15:00,33.94,60.67,94.77
2024-03-18 19:30:00,30.97,34.45,75.48
2024-03-18 19:45:00,31.88,69.57,79.58
2024-03-18 20:00:00,26.84,65.88,70.25
2024-03-18 20:15:00,26.85,60.49,73.66
2024-03-18 20:30:00,36.12,56.11,75.18
2024-03-18 20:45:00,33.18,30.0,83.12
2024-03-18 21:00:00,24.89,30.8,78.85
2024-03-18 21:15:00,30.9,84.71,73.54
2024-03-18 21:30:00,20.0,51.22,79.6
2024-03-18 21:45:00,27.13,74.48,79.23
2024-03-18 22:00:00,34.81,35.95,100.0
2024-03-18 22:15:00,29.37,44.3,65.37
2024-03-18 22:30:00,30.59,70.18,93.6
2024-03-18 22:45:00,20.0,58.46,93.76
2024-03-18 23:00:00,28.04,68.07,82.0
2024-03-18 23:15:00,31.69,59.8,85.16
2024-03-18 23:30:00,32.33,56.88,82.17
2024-03-18 23:45:00,34.81,49.8,96.28
2024-03-19 00:00:00,28.95,42.09,68.97
2024-03-19 00:15:00,29.17,81.04,81.29
2024-03-19 00:30:00,23.34,83.51,84.76
2024-03-19 00:45:00,28.98,44.42,86.96
2024-03-19 01:00:00,23.69,43.44,76.96
2024-03-19 01:15:00,20.76,54.78,95.07
2024-03-19 01:30:00,24.57,65.11,86.96
2024-03-19 01:45:00,37.54,57.27,83.66
2024-03-19 02:00:00,28.65,67.49,90.85
2024-03-19 02:15:00,31.1,59.26,85.11
2024-03-19 02:30:00,27.43,58.28,89.6
2024-03-19 02:45:00,21.05,90.0,88.8
2024-03-19 03:00:00,34.68,52.12,76.38
2024-03-19 03:15:00,20.0,84.6,84.86
2024-03-19 03:30:00,27.23,81.7,92.19
2024-03-19 03:45:00,29.73,67.56,88.92
2024-03-19 04:00:00,31.15,31.11,71.03
2024-03-19 04:15:00,26.37,60.47,74.68
2024-03-19 04:30:00,20.81,52.28,75.57
2024-03-19 04:45:00,25.99,60.3,80.14
2024-03-19 05:00:00,26.26,44.06,80.75
2024-03-19 05:15:00,26.13,71.34,95.41
2024-03-19 05:30:00,34.85,74.77,88.63
2024-03-19 05:45:00,23.93,77.55,78.42
2024-03-19 06:00:00,31.5,54.27,93.14
2024-03-19 06:15:00,30.79,44.11,91.87
2024-03-19 06:30:00,34.8,65.28,95.43
2024-03-19 06:45:00,29.33,86.34,81.68
2024-03-19 07:00:00,33.96,61.04,82.38
2024-03-19 07:15:00,29.14,66.78,78.02
2024-03-19 07:30:00,32.17,56.48,68.16
2024-03-19 07:45:00,22.49,52.45,76.02
2024-03-19 08:00:00,20.0,69.87,81.64
2024-03-19 08:15:00,31.89,58.41,79.33
2024-03-19 08:30:00,32.16,66.05,99.6
2024-03-19 08:45:00,32.38,67.61,96.34
2024-03-19 09:00:00,27.38,65.21,78.8
2024-03-19 09:15:00,37.45,68.37,67.52
2024-03-19 09:30:00,27.7,47.2,65.74
2024-03-19 09:45:00,32.1,46.29,73.09
2024-03-19 10:00:00,32.97,59.36,89.51
2024-03-19 10:15:00,38.59,59.72,86.53
2024-03-19 10:30:00,28.41,52.17,69.33
2024-03-19 10:45:00,26.73,63.62,67.28
2024-03-19 11:00:00,22.51,73.62,71.06
2024-03-19 11:15:00,37.76,77.81,84.05
2024-03-19 11:30:00,32.11,81.18,86.0
2024-03-19 11:45:00,32.27,40.28,71.64
2024-03-19 12:00:00,45.0,42.56,85.72
2024-03-19 12:15:00,31.63,55.66,91.33
2024-03-19 12:30:00,23.49,61.2,82.16
2024-03-19 12:45:00,29.02,56.42,69.04
2024-03-19 13:00:00,25.13,51.71,81.02
2024-03-19 13:15:00,28.02,55.43,86.96
2024-03-19 13:30:00,27.99,67.25,75.91
2024-03-19 13:45:00,27.06,40.06,72.45
2024-03-19 14:00:00,23.03,90.0,66.18
2024-03-19 14:15:00,37.96,60.31,80.91
2024-03-19 14:30:00,31.49,75.76,97.26
2024-03-19 14:45:00,28.87,51.3,83.76
2024-03-19 15:00:00,33.79,68.62,76.08
2024-03-19 15:15:00,32.36,61.5,90.72
2024-03-19 15:30:00,31.38,72.85,75.47
2024-03-19 15:45:00,33.42,57.02,92.11
2024-03-19 16:00:00,30.67,83.27,75.4
2024-03-19 16:15:00,33.35,37.62,87.25
2024-03-19 16:30:00,33.77,74.24,89.34
2024-03-19 16:45:00,30.81,61.78,69.48
2024-03-19 17:00:00,28.9,44.73,80.19
2024-03-19 17:15:00,37.65,89.28,88.18
2024-03-19 17:30:00,27.61,87.73,88.04
2024-03-19 17:45:00,31.96,30.0,75.09
2024-03-19 18:00:00,32.07,62.65,75.12
2024-03-19 18:15:00,26.95,70.58,86.56
2024-03-19 18:30:00,25.96,66.63,83.7
2024-03-19 18:45:00,28.23,82.73,78.03
2024-03-19 19:00:00,27.54,79.61,78.53
2024-03-19 19:15:00,22.71,63.98,82.1
2024-03-19 19:30:00,26.74,90.0,81.74
2024-03-19 19:45:00,31.33,74.05,66.04
2024-03-19 20:00:00,36.33,54.73,81.55
2024-03-19 20:15:00,32.77,51.71,82.81
2024-03-19 20:30:00,20.0,78.65,77.17
2024-03-19 20:45:00,33.21,48.11,80.55
2024-03-19 21:00:00,27.21,53.85,93.17
2024-03-19 21:15:00,32.27,56.41,91.59
2024-03-19 21:30:00,29.93,65.33,72.3
2024-03-19 21:45:00,29.04,57.1,97.0
2024-03-19 22:00:00,29.49,40.25,85.53
2024-03-19 22:15:00,29.89,77.43,97.57
2024-03-19 22:30:00,36.72,53.93,100.0
2024-03-19 22:45:00,29.9,90.0,82.6
2024-03-19 23:00:00,35.43,64.56,77.56
2024-03-19 23:15:00,34.7,79.01,85.9
2024-03-19 23:30:00,33.34,69.46,86.23
2024-03-19 23:45:00,21.07,79.73,78.56
2024-03-20 00:00:00,35.58,68.56,92.34
2024-03-20 00:15:00,27.71,63.53,70.7
2024-03-20 00:30:00,33.58,76.4,92.5
2024-03-20 00:45:00,25.14,90.0,91.34
2024-03-20 01:00:00,24.07,55.95,75.15
2024-03-20 01:15:00,39.88,71.92,84.45
2024-03-20 01:30:00,25.22,59.92,86.29
2024-03-20 01:45:00,35.73,67.59,85.07
2024-03-20 02:00:00,30.59,60.63,90.19
2024-03-20 02:15:00,27.9,30.0,85.68
2024-03-20 02:30:00,29.78,57.0,75.24
2024-03-20 02:45:00,23.49,74.99,73.19
2024-03-20 03:00:00,29.93,48.52,85.3
2024-03-20 03:15:00,24.59,73.81,79.53
2024-03-20 03:30:00,28.02,62.75,100.0
2024-03-20 03:45:00,34.63,57.13,85.53
2024-03-20 04:00:00,31.27,73.59,80.18
2024-03-20 04:15:00,22.59,70.22,82.93
2024-03-20 04:30:00,34.26,66.31,84.39
2024-03-20 04:45:00,29.96,75.24,85.98
2024-03-20 05:00:00,27.29,63.05,84.8
2024-03-20 05:15:00,33.73,35.33,78.11
2024-03-20 05:30:00,29.16,54.33,94.67
2024-03-20 05:45:00,24.17,32.93,92.84
2024-03-20 06:00:00,39.24,69.86,76.62
2024-03-20 06:15:00,29.91,73.44,80.28
2024-03-20 06:30:00,29.59,74.13,91.8
2024-03-20 06:45:00,27.97,67.34,75.4
2024-03-20 07:00:00,35.9,74.52,87.1
2024-03-20 07:15:00,27.38,36.35,71.22
2024-03-20 07:30:00,22.28,58.39,81.29
2024-03-20 07:45:00,26.61,38.78,76.26
2024-03-20 08:00:00,36.63,54.63,87.11
2024-03-20 08:15:00,34.16,84.24,82.68
2024-03-20 08:30:00,28.72,76.4,71.56
2024-03-20 08:45:00,36.87,69.93,74.72
2024-03-20 09:00:00,33.74,57.28,68.71
2024-03-20 09:15:00,28.67,45.1,79.22
2024-03-20 09:30:00,29.17,62.81,75.62
2024-03-20 09:45:00,31.65,76.66,73.52
2024-03-20 10:00:00,25.84,66.15,69.14
2024-03-20 10:15:00,30.02,36.21,95.13
2024-03-20 10:30:00,31.54,61.57,81.98
2024-03-20 10:45:00,21.57,31.3,85.32
2024-03-20 11:00:00,29.05,72.06,85.57
2024-03-20 11:15:00,28.48,49.6,82.35
2024-03-20 11:30:00,35.14,41.65,72.66
2024-03-20 11:45:00,20.78,72.27,85.05
2024-03-20 12:00:00,28.09,68.39,69.8
2024-03-20 12:15:00,27.59,63.49,85.18
2024-03-20 12:30:00,34.8,90.0,89.21
2024-03-20 12:45:00,29.78,69.52,78.3
2024-03-20 13:00:00,38.98,50.33,75.42
2024-03-20 13:15:00,33.31,67.79,88.21
2024-03-20 13:30:00,27.95,55.71,83.83
2024-03-20 13:45:00,31.2,79.0,73.99
2024-03-20 14:00:00,28.23,64.21,86.99
2024-03-20 14:15:00,34.3,65.7,80.15
2024-03-20 14:30:00,23.34,38.36,88.76
2024-03-20 14:45:00,25.88,60.92,85.3
2024-03-20 15:00:00,32.28,59.16,72.45
2024-03-20 15:15:00,36.13,44.64,73.0
2024-03-20 15:30:00,20.0,56.68,73.51
2024-03-20 15:45:00,36.87,66.54,81.65
2024-03-20 16:00:00,29.3,59.93,75.78
2024-03-20 16:15:00,20.58,38.82,84.27
2024-03-20 16:30:00,20.0,55.9,89.27
2024-03-20 16:45:00,22.35,52.98,68.42
2024-03-20 17:00:00,29.9,62.9,62.82
2024-03-20 17:15:00,29.67,61.28,90.01
2024-03-20 17:30:00,33.17,53.83,75.02
2024-03-20 17:45:00,27.25,53.24,83.51
2024-03-20 18:00:00,24.46,61.01,72.22
2024-03-20 18:15:00,27.93,74.44,71.89
2024-03-20 18:30:00,30.17,64.18,91.03
2024-03-20 18:45:00,31.15,81.35,74.07
2024-03-20 19:00:00,26.05,77.0,92.33
2024-03-20 19:15:00,34.51,82.45,70.59
2024-03-20 19:30:00,26.89,80.53,78.02
2024-03-20 19:45:00,25.65,83.44,93.76
2024-03-20 20:00:00,27.29,42.7,71.45
2024-03-20 20:15:00,35.37,69.71,95.28
2024-03-20 20:30:00,29.34,78.27,82.23
2024-03-20 20:45:00,26.53,80.99,67.03
2024-03-20 21:00:00,34.63,48.44,73.51
2024-03-20 21:15:00,40.71,69.86,72.91
2024-03-20 21:30:00,31.05,61.13,87.16
2024-03-20 21:45:00,36.17,87.71,94.93
2024-03-20 22:00:00,35.18,39.19,82.04
2024-03-20 22:15:00,26.97,48.46,74.82
2024-03-20 22:30:00,30.13,32.84,83.32
2024-03-20 22:45:00,23.59,62.17,73.3
2024-03-20 23:00:00,28.98,90.0,79.48
2024-03-20 23:15:00,26.87,59.33,73.33
2024-03-20 23:30:00,27.99,61.52,76.61
2024-03-20 23:45:00,26.25,68.25,78.62
2024-03-21 00:00:00,28.56,58.26,91.45
2024-03-21 00:15:00,32.66,65.49,78.26
2024-03-21 00:30:00,29.4,65.88,80.9
2024-03-21 00:45:00,20.68,47.32,77.95
2024-03-21 01:00:00,26.27,58.59,87.77
2024-03-21 01:15:00,22.4,71.13,85.38
2024-03-21 01:30:00,31.22,73.93,73.09
2024-03-21 01:45:00,32.52,79.48,88.65
2024-03-21 02:00:00,31.28,65.03,87.19
2024-03-21 02:15:00,26.06,65.34,77.29
2024-03-21 02:30:00,31.23,71.25,70.44
2024-03-21 02:45:00,27.65,51.08,97.56
2024-03-21 03:00:00,24.31,50.46,84.86
2024-03-21 03:15:00,33.71,58.13,78.78
2024-03-21 03:30:00,34.09,40.87,82.45
2024-03-21 03:45:00,34.74,66.1,77.79
2024-03-21 04:00:00,26.96,75.74,96.29
2024-03-21 04:15:00,35.9,49.35,89.57
2024-03-21 04:30:00,27.53,66.53,90.14
2024-03-21 04:45:00,33.27,50.56,96.09
2024-03-21 05:00:00,27.45,44.75,88.89
2024-03-21 05:15:00,28.88,90.0,73.0
2024-03-21 05:30:00,20.0,44.97,96.34
2024-03-21 05:45:00,28.49,40.81,75.61
2024-03-21 06:00:00,30.46,63.22,73.09
2024-03-21 06:15:00,27.95,64.03,89.3
2024-03-21 06:30:00,38.78,70.01,95.2
2024-03-21 06:45:00,24.19,90.0,82.39
2024-03-21 07:00:00,27.18,48.34,76.26
2024-03-21 07:15:00,25.48,51.32,72.48
2024-03-21 07:30:00,27.18,84.13,85.73
2024-03-21 07:45:00,35.16,74.09,70.46
2024-03-21 08:00:00,37.39,72.0,80.32
2024-03-21 08:15:00,26.5,51.15,71.65
2024-03-21 08:30:00,26.38,76.89,86.79
2024-03-21 08:45:00,24.21,72.05,91.78
2024-03-21 09:00:00,36.53,62.84,100.0
2024-03-21 09:15:00,35.61,51.23,100.0
2024-03-21 09:30:00,29.47,61.6,77.27
2024-03-21 09:45:00,23.02,84.73,71.36
2024-03-21 10:00:00,23.47,43.59,68.42
2024-03-21 10:15:00,30.85,48.0,81.96
2024-03-21 10:30:00,32.75,50.58,88.63
2024-03-21 10:45:00,20.0,53.84,80.69
2024-03-21 11:00:00,28.39,59.76,86.04
2024-03-21 11:15:00,38.09,74.38,89.25
2024-03-21 11:30:00,28.91,66.92,87.05
2024-03-21 11:45:00,37.45,60.91,90.45
2024-03-21 12:00:00,33.25,64.15,89.71
2024-03-21 12:15:00,24.58,69.36,76.64
2024-03-21 12:30:00,28.54,34.77,91.02
2024-03-21 12:45:00,29.36,76.07,77.54
2024-03-21 13:00:00,25.24,47.6,61.23
2024-03-21 13:15:00,25.15,53.35,75.33
2024-03-21 13:30:00,37.53,65.11,88.94
2024-03-21 13:45:00,25.11,58.87,72.08
2024-03-21 14:00:00,35.39,67.3,82.61
2024-03-21 14:15:00,27.82,62.13,75.61
2024-03-21 14:30:00,29.87,55.66,83.28
2024-03-21 14:45:00,32.81,82.93,88.45
2024-03-21 15:00:00,27.01,70.62,71.39
2024-03-21 15:15:00,32.84,64.53,91.03
2024-03-21 15:30:00,20.0,70.39,88.25
2024-03-21 15:45:00,32.2,49.42,76.51
2024-03-21 16:00:00,20.0,90.0,92.04
2024-03-21 16:15:00,28.87,43.69,100.0
2024-03-21 16:30:00,34.27,61.7,93.75
2024-03-21 16:45:00,33.11,55.7,94.21
2024-03-21 17:00:00,23.51,55.13,75.82
2024-03-21 17:15:00,24.15,53.19,76.43
2024-03-21 17:30:00,26.56,48.42,81.94
2024-03-21 17:45:00,30.93,77.83,88.63
2024-03-21 18:00:00,20.0,41.93,75.65
2024-03-21 18:15:00,29.93,74.75,92.89
2024-03-21 18:30:00,31.56,69.73,87.82
2024-03-21 18:45:00,28.58,54.29,76.02
2024-03-21 19:00:00,32.63,67.99,93.3
2024-03-21 19:15:00,31.12,57.63,77.23
2024-03-21 19:30:00,27.29,43.48,78.59
2024-03-21 19:45:00,20.32,43.64,83.44
2024-03-21 20:00:00,30.67,69.83,85.05
2024-03-21 20:15:00,25.23,69.05,79.68
2024-03-21 20:30:00,27.11,63.63,91.64
2024-03-21 20:45:00,32.4,54.13,87.12
2024-03-21 21:00:00,37.09,57.14,95.07
2024-03-21 21:15:00,29.81,55.12,69.25
2024-03-21 21:30:00,32.77,33.8,80.38
2024-03-21 21:45:00,22.78,60.92,81.22
2024-03-21 22:00:00,31.23,67.84,71.48
2024-03-21 22:15:00,29.7,61.01,90.57
2024-03-21 22:30:00,36.15,86.54,71.8
2024-03-21 22:45:00,27.3,44.93,83.72
2024-03-21 23:00:00,28.79,50.08,72.42
2024-03-21 23:15:00,35.29,62.0,85.46
2024-03-21 23:30:00,29.54,63.66,75.41
2024-03-21 23:45:00,24.46,31.48,67.38
2024-03-22 00:00:00,42.76,69.04,79.96
2024-03-22 00:15:00,24.61,63.72,88.2
2024-03-22 00:30:00,29.68,30.0,90.17
2024-03-22 00:45:00,31.73,58.25,78.85
2024-03-22 01:00:00,31.34,47.87,85.28
2024-03-22 01:15:00,29.05,53.2,85.48
2024-03-22 01:30:00,29.08,39.93,90.03
2024-03-22 01:45:00,28.83,66.24,84.93
2024-03-22 02:00:00,24.42,86.43,80.72
2024-03-22 02:15:00,40.75,63.98,95.85
2024-03-22 02:30:00,28.9,30.0,91.26
2024-03-22 02:45:00,32.98,64.28,93.38
2024-03-22 03:00:00,28.33,57.08,78.86
2024-03-22 03:15:00,28.23,43.48,78.89
2024-03-22 03:30:00,27.72,65.3,69.88
2024-03-22 03:45:00,22.25,73.2,77.07
2024-03-22 04:00:00,29.2,49.97,74.4
2024-03-22 04:15:00,27.96,35.34,84.47
2024-03-22 04:30:00,35.86,30.0,98.32
2024-03-22 04:45:00,24.02,50.01,79.99
2024-03-22 05:00:00,27.11,57.67,86.94
2024-03-22 05:15:00,25.51,52.26,92.37
2024-03-22 05:30:00,37.21,49.75,76.42
2024-03-22 05:45:00,25.65,68.52,69.12
2024-03-22 06:00:00,32.81,66.94,91.17
2024-03-22 06:15:00,34.85,62.99,81.67
2024-03-22 06:30:00,29.27,72.25,93.29
2024-03-22 06:45:00,23.12,50.16,80.38
2024-03-22 07:00:00,23.18,43.58,75.86
2024-03-22 07:15:00,34.3,52.16,84.29
2024-03-22 07:30:00,23.7,51.13,93.06
2024-03-22 07:45:00,31.96,30.0,82.57
2024-03-22 08:00:00,30.57,51.82,84.79
2024-03-22 08:15:00,31.89,76.57,72.85
2024-03-22 08:30:00,32.36,72.01,80.77
2024-03-22 08:45:00,25.33,67.88,79.78
2024-03-22 09:00:00,25.12,61.97,70.48
2024-03-22 09:15:00,33.57,81.73,94.0
2024-03-22 09:30:00,26.85,44.1,100.0
2024-03-22 09:45:00,20.0,45.53,77.2
2024-03-22 10:00:00,33.24,76.86,70.31
2024-03-22 10:15:00,24.82,60.41,97.69
2024-03-22 10:30:00,32.34,49.93,82.83
2024-03-22 10:45:00,36.96,68.28,96.24
2024-03-22 11:00:00,30.08,53.42,78.46
2024-03-22 11:15:00,34.98,47.44,78.84
2024-03-22 11:30:00,30.77,47.02,99.71
2024-03-22 11:45:00,37.94,64.82,75.16
2024-03-22 12:00:00,24.69,63.09,90.94
2024-03-22 12:15:00,29.96,82.75,75.84
2024-03-22 12:30:00,33.37,55.65,71.08
2024-03-22 12:45:00,29.05,55.39,78.62
2024-03-22 13:00:00,35.76,81.59,93.57
2024-03-22 13:15:00,27.84,74.78,85.37
2024-03-22 13:30:00,40.35,62.17,67.14
2024-03-22 13:45:00,40.61,36.58,87.2
2024-03-22 14:00:00,31.41,47.82,99.99
2024-03-22 14:15:00,32.76,44.19,73.5
2024-03-22 14:30:00,35.96,60.55,97.42
2024-03-22 14:45:00,24.06,52.37,90.2
2024-03-22 15:00:00,23.44,84.04,96.48
2024-03-22 15:15:00,36.28,36.43,78.47
2024-03-22 15:30:00,31.37,42.58,71.69
2024-03-22 15:45:00,28.87,63.67,72.49
2024-03-22 16:00:00,30.06,67.82,90.99
2024-03-22 16:15:00,20.0,30.0,90.75
2024-03-22 16:30:00,29.05,33.97,91.15
2024-03-22 16:45:00,26.23,56.05,92.21
2024-03-22 17:00:00,34.59,80.34,76.66
2024-03-22 17:15:00,34.98,88.32,82.64
2024-03-22 17:30:00,32.88,53.78,70.29
2024-03-22 17:45:00,31.98,57.44,78.85
2024-03-22 18:00:00,22.51,47.45,78.79
2024-03-22 18:15:00,32.95,69.5,94.17
2024-03-22 18:30:00,33.15,82.93,81.68
2024-03-22 18:45:00,36.23,78.84,89.52
2024-03-22 19:00:00,40.59,59.56,62.76
2024-03-22 19:15:00,21.54,47.42,72.91
2024-03-22 19:30:00,28.06,60.12,66.54
2024-03-22 19:45:00,26.29,80.71,78.39
2024-03-22 20:00:00,30.86,53.99,79.28
2024-03-22 20:15:00,30.07,32.77,80.02
2024-03-22 20:30:00,28.83,54.6,78.31
2024-03-22 20:45:00,35.14,55.81,76.64
2024-03-22 21:00:00,24.49,32.68,81.3
2024-03-22 21:15:00,24.79,63.48,90.6
2024-03-22 21:30:00,24.88,67.59,70.65
2024-03-22 21:45:00,28.2,87.9,74.08
2024-03-22 22:00:00,23.86,40.01,65.53
2024-03-22 22:15:00,29.76,70.96,67.41
2024-03-22 22:30:00,29.17,74.5,82.9
2024-03-22 22:45:00,26.07,67.79,86.41
2024-03-22 23:00:00,34.37,44.9,75.42
2024-03-22 23:15:00,29.7,44.03,86.23
2024-03-22 23:30:00,35.31,61.46,73.77
2024-03-22 23:45:00,29.02,61.35,67.38
2024-03-23 00:00:00,29.88,51.61,80.81
2024-03-23 00:15:00,27.19,79.37,93.48
2024-03-23 00:30:00,29.96,53.99,93.32
2024-03-23 00:45:00,33.56,31.59,93.47
2024-03-23 01:00:00,27.94,56.64,90.52
2024-03-23 01:15:00,32.59,67.2,77.15
2024-03-23 01:30:00,25.94,65.13,87.45
2024-03-23 01:45:00,33.8,65.01,82.49
2024-03-23 02:00:00,27.1,82.41,89.89
2024-03-23 02:15:00,34.26,43.28,83.24
2024-03-23 02:30:00,30.3,53.64,80.2
2024-03-23 02:45:00,37.6,83.18,78.51
2024-03-23 03:00:00,24.23,30.49,87.08
2024-03-23 03:15:00,22.62,59.19,79.06
2024-03-23 03:30:00,26.92,78.43,80.48
2024-03-23 03:45:00,23.08,78.21,77.26
2024-03-23 04:00:00,23.09,69.9,85.49
2024-03-23 04:15:00,33.11,70.28,94.02
2024-03-23 04:30:00,29.98,44.38,82.06
2024-03-23 04:45:00,27.6,80.6,95.39
2024-03-23 05:00:00,28.07,42.0,77.22
2024-03-23 05:15:00,27.01,42.89,92.68
2024-03-23 05:30:00,38.25,65.82,65.64
2024-03-23 05:45:00,26.32,52.6,84.85
2024-03-23 06:00:00,23.39,63.1,82.8
2024-03-23 06:15:00,33.98,66.46,71.32
2024-03-23 06:30:00,28.92,86.67,97.08
2024-03-23 06:45:00,40.19,66.51,79.29
2024-03-23 07:00:00,27.37,50.72,99.77
2024-03-23 07:15:00,34.23,70.15,84.34
2024-03-23 07:30:00,35.41,47.52,84.83
2024-03-23 07:45:00,27.39,73.7,87.21
2024-03-23 08:00:00,26.29,60.97,71.88
2024-03-23 08:15:00,33.71,66.01,97.28
2024-03-23 08:30:00,32.87,33.29,85.02
2024-03-23 08:45:00,22.95,30.0,83.84
2024-03-23 09:00:00,24.36,37.48,87.91
2024-03-23 09:15:00,20.0,86.19,76.91
2024-03-23 09:30:00,32.98,42.78,94.43
2024-03-23 09:45:00,28.69,70.98,71.26
2024-03-23 10:00:00,29.19,50.37,90.61
2024-03-23 10:15:00,21.54,56.4,73.35
2024-03-23 10:30:00,24.51,59.33,83.01
2024-03-23 10:45:00,27.61,84.66,88.48
2024-03-23 11:00:00,26.64,68.77,91.42
2024-03-23 11:15:00,30.59,65.78,88.24
2024-03-23 11:30:00,32.92,79.45,89.29
2024-03-23 11:45:00,41.35,50.5,85.71
2024-03-23 12:00:00,29.9,76.03,70.6
2024-03-23 12:15:00,35.58,73.52,91.92
2024-03-23 12:30:00,25.85,73.35,82.22
2024-03-23 12:45:00,21.63,57.67,61.89
2024-03-23 13:00:00,28.24,53.44,85.54
2024-03-23 13:15:00,22.01,46.95,73.96
2024-03-23 13:30:00,30.07,47.89,68.55
2024-03-23 13:45:00,26.1,46.24,87.85
2024-03-23 14:00:00,20.23,65.5,91.38
2024-03-23 14:15:00,38.68,56.57,70.04
2024-03-23 14:30:00,27.31,66.47,69.48
2024-03-23 14:45:00,21.81,67.32,87.59
2024-03-23 15:00:00,34.49,44.1,85.93
2024-03-23 15:15:00,26.36,43.65,70.79
2024-03-23 15:30:00,35.45,56.57,78.57
2024-03-23 15:45:00,26.33,48.37,93.3
2024-03-23 16:00:00,27.3,46.79,90.08
2024-03-23 16:15:00,31.72,85.44,78.07
2024-03-23 16:30:00,32.97,37.0,73.14
2024-03-23 16:45:00,33.84,90.0,83.33
2024-03-23 17:00:00,29.55,64.33,87.04
2024-03-23 17:15:00,32.64,74.79,99.31
2024-03-23 17:30:00,33.73,73.02,79.27
2024-03-23 17:45:00,31.0,69.25,91.66
2024-03-23 18:00:00,29.29,84.93,100.0
2024-03-23 18:15:00,22.77,43.76,81.84
2024-03-23 18:30:00,33.0,57.65,99.38
2024-03-23 18:45:00,30.21,47.21,78.61
2024-03-23 19:00:00,27.93,34.56,95.6
2024-03-23 19:15:00,36.39,50.08,73.75
2024-03-23 19:30:00,22.86,88.09,100.0
2024-03-23 19:45:00,38.22,57.4,87.84
2024-03-23 20:00:00,29.89,89.75,78.6
2024-03-23 20:15:00,31.59,90.0,95.9
2024-03-23 20:30:00,28.02,90.0,72.81
2024-03-23 20:45:00,21.66,88.58,66.67
2024-03-23 21:00:00,29.3,90.0,79.07
2024-03-23 21:15:00,31.67,64.88,86.86
2024-03-23 21:30:00,33.38,63.42,82.31
2024-03-23 21:45:00,29.01,64.42,75.87
2024-03-23 22:00:00,20.0,60.0,74.66
2024-03-23 22:15:00,22.29,62.24,68.65
2024-03-23 22:30:00,40.26,71.28,82.13
2024-03-23 22:45:00,24.54,53.01,74.64
2024-03-23 23:00:00,37.14,39.34,94.48
2024-03-23 23:15:00,25.33,65.45,84.21
2024-03-23 23:30:00,29.09,49.61,86.92
2024-03-23 23:45:00,33.13,51.16,76.77
2024-03-24 00:00:00,25.9,57.86,83.69
2024-03-24 00:15:00,37.96,54.42,72.9
2024-03-24 00:30:00,30.38,76.65,75.06
2024-03-24 00:45:00,32.3,57.5,82.3
2024-03-24 01:00:00,28.66,77.41,78.72
2024-03-24 01:15:00,33.29,63.09,76.77
2024-03-24 01:30:00,37.89,58.67,91.82
2024-03-24 01:45:00,29.34,62.37,86.13
2024-03-24 02:00:00,38.65,40.63,83.72
2024-03-24 02:15:00,26.94,65.07,81.14
2024-03-24 02:30:00,33.82,72.74,72.38
2024-03-24 02:45:00,32.45,74.86,84.88
2024-03-24 03:00:00,24.66,39.72,89.91
2024-03-24 03:15:00,31.07,37.22,63.51
2024-03-24 03:30:00,30.04,51.95,74.16
2024-03-24 03:45:00,25.73,80.77,79.29
2024-03-24 04:00:00,31.79,63.31,91.06
2024-03-24 04:15:00,30.73,48.38,71.21
2024-03-24 04:30:00,29.64,38.21,89.88
2024-03-24 04:45:00,29.66,49.74,82.09
2024-03-24 05:00:00,29.55,48.73,79.42
2024-03-24 05:15:00,28.16,74.03,95.41
2024-03-24 05:30:00,30.7,75.19,91.03
2024-03-24 05:45:00,26.78,44.25,72.98
2024-03-24 06:00:00,43.28,71.3,81.61
2024-03-24 06:15:00,22.95,69.76,74.8
2024-03-24 06:30:00,27.08,42.3,76.36
2024-03-24 06:45:00,27.47,58.74,90.65
2024-03-24 07:00:00,40.2,65.11,84.83
2024-03-24 07:15:00,23.4,62.45,84.18
2024-03-24 07:30:00,32.13,34.34,86.94
2024-03-24 07:45:00,31.24,61.97,74.62
2024-03-24 08:00:00,31.67,69.54,69.09
2024-03-24 08:15:00,36.18,83.69,95.15
2024-03-24 08:30:00,36.08,49.97,74.55
2024-03-24 08:45:00,27.75,51.82,78.42
2024-03-24 09:00:00,30.97,56.87,79.38
2024-03-24 09:15:00,20.68,64.37,83.29
2024-03-24 09:30:00,30.5,61.46,73.7
2024-03-24 09:45:00,26.03,69.06,88.34
2024-03-24 10:00:00,29.07,43.12,74.69
2024-03-24 10:15:00,21.57,65.95,86.56
2024-03-24 10:30:00,32.02,48.87,85.71
2024-03-24 10:45:00,21.52,57.85,89.78
2024-03-24 11:00:00,30.74,85.62,65.34
2024-03-24 11:15:00,23.87,39.03,84.44
2024-03-24 11:30:00,25.75,55.81,69.08
2024-03-24 11:45:00,35.77,40.88,77.13
2024-03-24 12:00:00,32.94,62.3,95.63
2024-03-24 12:15:00,35.75,75.72,75.18
2024-03-24 12:30:00,37.8,62.54,86.56
2024-03-24 12:45:00,26.14,58.25,68.55
2024-03-24 13:00:00,37.49,79.93,73.4
2024-03-24 13:15:00,22.67,64.96,82.98
2024-03-24 13:30:00,33.73,72.29,71.91
2024-03-24 13:45:00,27.53,70.73,90.71
2024-03-24 14:00:00,25.35,30.0,88.95
2024-03-24 14:15:00,33.07,58.85,100.0
2024-03-24 14:30:00,34.72,43.83,89.15
2024-03-24 14:45:00,34.58,47.56,77.05
2024-03-24 15:00:00,31.07,82.12,91.15
2024-03-24 15:15:00,30.66,54.38,76.79
2024-03-24 15:30:00,32.63,88.39,71.77
2024-03-24 15:45:00,31.52,38.88,85.21
2024-03-24 16:00:00,32.71,43.74,81.25
2024-03-24 16:15:00,31.02,71.44,92.69
2024-03-24 16:30:00,34.21,54.88,77.36
2024-03-24 16:45:00,21.86,64.61,80.62
2024-03-24 17:00:00,29.34,58.32,80.48
2024-03-24 17:15:00,23.08,57.86,73.46
2024-03-24 17:30:00,31.38,55.44,96.82
2024-03-24 17:45:00,38.21,62.69,83.47
2024-03-24 18:00:00,27.63,69.62,81.24
2024-03-24 18:15:00,30.64,84.22,90.11
2024-03-24 18:30:00,33.78,56.96,95.13
2024-03-24 18:45:00,20.0,54.1,77.01
2024-03-24 19:00:00,27.39,52.16,66.69
2024-03-24 19:15:00,31.82,82.05,99.8
2024-03-24 19:30:00,20.0,70.35,85.7
2024-03-24 19:45:00,25.12,31.51,74.56
2024-03-24 20:00:00,35.5,30.85,76.64
2024-03-24 20:15:00,35.01,47.55,64.95
2024-03-24 20:30:00,31.87,63.45,90.47
2024-03-24 20:45:00,34.41,59.5,94.08
2024-03-24 21:00:00,31.08,67.72,74.02
2024-03-24 21:15:00,32.78,57.37,79.66
2024-03-24 21:30:00,28.42,80.96,91.61
2024-03-24 21:45:00,30.58,71.58,80.91
2024-03-24 22:00:00,26.84,61.16,84.94
2024-03-24 22:15:00,36.32,77.18,92.14
2024-03-24 22:30:00,37.61,35.27,67.9
2024-03-24 22:45:00,36.9,58.72,72.38
2024-03-24 23:00:00,27.96,62.06,88.76
2024-03-24 23:15:00,25.23,69.03,84.67
2024-03-24 23:30:00,36.38,34.27,72.14
2024-03-24 23:45:00,32.72,56.09,76.54
2024-03-25 00:00:00,31.64,66.01,91.23
2024-03-25 00:15:00,26.83,67.16,81.89
2024-03-25 00:30:00,32.13,77.79,82.71
2024-03-25 00:45:00,24.57,71.42,84.96
2024-03-25 01:00:00,33.17,59.09,86.84
2024-03-25 01:15:00,36.89,70.12,83.24
2024-03-25 01:30:00,38.16,56.98,85.64
2024-03-25 01:45:00,33.54,62.2,81.93
2024-03-25 02:00:00,23.09,71.92,83.8
2024-03-25 02:15:00,30.99,59.32,70.26
2024-03-25 02:30:00,40.7,65.43,99.66
2024-03-25 02:45:00,25.66,74.42,92.88
2024-03-25 03:00:00,29.7,70.68,73.29
2024-03-25 03:15:00,37.07,78.5,92.65
2024-03-25 03:30:00,33.09,90.0,89.86
2024-03-25 03:45:00,42.4,70.54,70.01
2024-03-25 04:00:00,26.34,53.08,72.13
2024-03-25 04:15:00,25.05,67.68,93.82
2024-03-25 04:30:00,36.12,67.03,72.05
2024-03-25 04:45:00,24.02,69.2,95.99
2024-03-25 05:00:00,29.02,82.43,82.33
2024-03-25 05:15:00,29.67,34.74,84.49
2024-03-25 05:30:00,35.18,82.71,78.64
2024-03-25 05:45:00,33.07,87.76,83.75
2024-03-25 06:00:00,32.29,68.52,94.84
2024-03-25 06:15:00,27.99,68.88,76.95
2024-03-25 06:30:00,36.08,56.38,77.05
2024-03-25 06:45:00,45.0,60.09,80.83
2024-03-25 07:00:00,33.46,70.47,87.84
2024-03-25 07:15:00,30.5,69.5,78.12
2024-03-25 07:30:00,23.51,70.81,99.87
2024-03-25 07:45:00,26.81,69.4,81.91
2024-03-25 08:00:00,28.93,73.48,88.21
2024-03-25 08:15:00,27.33,71.8,97.24
2024-03-25 08:30:00,29.92,44.63,84.73
2024-03-25 08:45:00,38.89,72.48,84.17
2024-03-25 09:00:00,36.24,87.88,73.75
2024-03-25 09:15:00,29.21,59.6,82.4
2024-03-25 09:30:00,23.96,82.49,89.58
2024-03-25 09:45:00,36.69,46.24,91.47
2024-03-25 10:00:00,29.75,59.55,81.42
2024-03-25 10:15:00,21.37,50.38,71.89
2024-03-25 10:30:00,33.56,80.69,85.05
2024-03-25 10:45:00,35.13,84.61,78.81
2024-03-25 11:00:00,20.0,58.51,74.14
2024-03-25 11:15:00,25.88,77.57,82.99
2024-03-25 11:30:00,29.45,84.76,82.16
2024-03-25 11:45:00,33.67,59.51,77.87
2024-03-25 12:00:00,27.42,61.95,86.17
2024-03-25 12:15:00,25.84,71.0,81.98
2024-03-25 12:30:00,33.64,47.36,77.95
2024-03-25 12:45:00,27.66,61.65,93.2
2024-03-25 13:00:00,32.71,90.0,75.93
2024-03-25 13:15:00,24.44,52.5,85.18
2024-03-25 13:30:00,23.24,72.81,73.27
2024-03-25 13:45:00,33.78,67.86,95.76
2024-03-25 14:00:00,31.26,57.54,75.04
2024-03-25 14:15:00,34.61,63.32,75.82
2024-03-25 14:30:00,27.34,86.29,94.15
2024-03-25 14:45:00,26.02,68.3,89.23
2024-03-25 15:00:00,36.8,70.65,65.76
2024-03-25 15:15:00,22.39,84.01,75.45
2024-03-25 15:30:00,36.26,55.66,92.61
2024-03-25 15:45:00,36.6,44.3,76.07
2024-03-25 16:00:00,34.3,86.53,92.5
2024-03-25 16:15:00,26.56,62.05,84.5
2024-03-25 16:30:00,25.92,73.4,77.77
2024-03-25 16:45:00,28.95,48.57,65.74
2024-03-25 17:00:00,23.52,65.83,91.76
2024-03-25 17:15:00,25.19,43.55,63.73
2024-03-25 17:30:00,33.22,60.96,80.01
2024-03-25 17:45:00,33.25,50.28,92.61
2024-03-25 18:00:00,24.75,46.84,75.74
2024-03-25 18:15:00,33.38,55.45,78.12
2024-03-25 18:30:00,32.27,30.0,69.12
2024-03-25 18:45:00,37.55,42.6,90.04
2024-03-25 19:00:00,32.85,71.74,84.16
2024-03-25 19:15:00,35.29,65.21,84.95
2024-03-25 19:30:00,32.39,43.89,84.61
2024-03-25 19:45:00,34.9,68.22,83.09
2024-03-25 20:00:00,23.56,46.83,97.67
2024-03-25 20:15:00,29.39,70.83,81.03
2024-03-25 20:30:00,29.81,58.27,59.17
2024-03-25 20:45:00,28.78,55.12,59.09
2024-03-25 21:00:00,32.22,58.63,88.69
2024-03-25 21:15:00,33.17,90.0,76.0
2024-03-25 21:30:00,31.96,48.62,87.62
2024-03-25 21:45:00,29.12,63.4,93.96
2024-03-25 22:00:00,26.32,71.72,72.46
2024-03-25 22:15:00,35.49,45.56,77.22
2024-03-25 22:30:00,31.75,36.09,78.6
2024-03-25 22:45:00,24.91,50.98,80.7
2024-03-25 23:00:00,29.03,71.39,77.28
2024-03-25 23:15:00,21.28,54.87,71.64
2024-03-25 23:30:00,30.18,56.53,82.9
2024-03-25 23:45:00,29.01,73.66,86.16
2024-03-26 00:00:00,27.13,47.9,77.86
2024-03-26 00:15:00,37.92,58.67,68.48
2024-03-26 00:30:00,24.22,37.29,87.3
2024-03-26 00:45:00,33.53,64.81,76.68
2024-03-26 01:00:00,40.93,63.44,97.14
2024-03-26 01:15:00,35.39,71.93,91.91
2024-03-26 01:30:00,29.84,42.82,100.0
2024-03-26 01:45:00,24.33,57.12,89.59
2024-03-26 02:00:00,23.19,40.82,86.57
2024-03-26 02:15:00,27.94,56.31,85.99
2024-03-26 02:30:00,26.56,82.23,87.28
2024-03-26 02:45:00,26.4,55.19,81.53
2024-03-26 03:00:00,28.37,39.51,82.95
2024-03-26 03:15:00,29.49,49.8,86.08
2024-03-26 03:30:00,32.43,35.84,77.4
2024-03-26 03:45:00,23.81,40.56,83.23
2024-03-26 04:00:00,26.59,70.06,75.0
2024-03-26 04:15:00,29.2,38.31,82.02
2024-03-26 04:30:00,29.02,64.68,83.27
2024-03-26 04:45:00,39.18,60.39,82.62
2024-03-26 05:00:00,31.16,52.03,79.52
2024-03-26 05:15:00,21.93,63.41,88.47
2024-03-26 05:30:00,32.09,45.94,82.23
2024-03-26 05:45:00,32.73,72.61,88.36
2024-03-26 06:00:00,29.37,49.52,94.9
2024-03-26 06:15:00,23.93,54.2,59.17
2024-03-26 06:30:00,38.79,52.42,83.87
2024-03-26 06:45:00,24.65,70.34,76.82
2024-03-26 07:00:00,33.3,68.17,85.48
2024-03-26 07:15:00,31.0,30.0,80.44
2024-03-26 07:30:00,33.0,63.81,77.55
2024-03-26 07:45:00,38.53,33.83,81.34
2024-03-26 08:00:00,32.81,54.88,84.18
2024-03-26 08:15:00,27.21,58.38,74.61
2024-03-26 08:30:00,35.53,54.72,71.98
2024-03-26 08:45:00,26.84,67.51,90.31
2024-03-26 09:00:00,30.82,70.8,71.88
2024-03-26 09:15:00,23.53,48.4,95.04
2024-03-26 09:30:00,24.83,47.85,92.85
2024-03-26 09:45:00,30.26,59.46,79.06
2024-03-26 10:00:00,31.84,36.84,68.26
2024-03-26 10:15:00,21.49,52.85,79.35
2024-03-26 10:30:00,32.49,80.22,92.53
2024-03-26 10:45:00,25.9,37.41,89.17
2024-03-26 11:00:00,36.4,54.9,78.79
2024-03-26 11:15:00,28.24,51.12,100.0
2024-03-26 11:30:00,24.38,90.0,69.53
2024-03-26 11:45:00,30.38,51.93,77.75
2024-03-26 12:00:00,25.42,52.8,74.51
2024-03-26 12:15:00,36.34,44.54,91.93
2024-03-26 12:30:00,30.0,60.14,88.32
2024-03-26 12:45:00,29.24,64.05,76.04
2024-03-26 13:00:00,32.96,46.71,75.48
2024-03-26 13:15:00,24.98,74.83,84.96
2024-03-26 13:30:00,23.55,64.07,92.27
2024-03-26 13:45:00,32.04,72.78,83.79
2024-03-26 14:00:00,24.5,55.08,72.88
2024-03-26 14:15:00,24.5,63.65,83.14
2024-03-26 14:30:00,34.18,56.8,77.42
2024-03-26 14:45:00,32.63,81.87,67.34
2024-03-26 15:00:00,23.73,61.74,87.06
2024-03-26 15:15:00,26.9,60.13,78.73
2024-03-26 15:30:00,25.48,53.13,93.25
2024-03-26 15:45:00,38.88,52.26,70.72
2024-03-26 16:00:00,34.53,63.57,72.8
2024-03-26 16:15:00,27.9,72.29,82.26
2024-03-26 16:30:00,32.88,49.73,86.04
2024-03-26 16:45:00,23.22,61.9,87.22
2024-03-26 17:00:00,26.64,62.76,85.29
2024-03-26 17:15:00,30.52,65.38,70.69
2024-03-26 17:30:00,32.26,34.39,79.33
2024-03-26 17:45:00,29.51,46.13,98.46
2024-03-26 18:00:00,31.24,39.51,67.02
2024-03-26 18:15:00,30.39,60.49,84.31
2024-03-26 18:30:00,29.18,46.49,67.43
2024-03-26 18:45:00,28.52,52.56,77.28
2024-03-26 19:00:00,27.87,42.09,93.07
2024-03-26 19:15:00,31.16,53.95,80.83
2024-03-26 19:30:00,32.05,43.14,76.9
2024-03-26 19:45:00,30.99,71.37,92.29
2024-03-26 20:00:00,24.11,67.19,75.0
2024-03-26 20:15:00,25.01,62.25,78.92
2024-03-26 20:30:00,31.99,55.47,95.01
2024-03-26 20:45:00,37.36,30.0,70.91
2024-03-26 21:00:00,30.76,53.13,88.94
2024-03-26 21:15:00,27.94,48.58,78.74
2024-03-26 21:30:00,31.12,63.71,100.0
2024-03-26 21:45:00,24.32,69.3,69.45
2024-03-26 22:00:00,36.54,64.87,87.07
2024-03-26 22:15:00,30.93,78.95,62.97
2024-03-26 22:30:00,26.65,51.48,71.27
2024-03-26 22:45:00,29.17,50.85,70.12
2024-03-26 23:00:00,27.36,75.57,80.79
2024-03-26 23:15:00,36.56,62.49,77.06
2024-03-26 23:30:00,28.99,56.3,87.49
2024-03-26 23:45:00,30.78,87.7,77.02
2024-03-27 00:00:00,32.87,68.67,86.71
2024-03-27 00:15:00,26.3,57.14,81.25
2024-03-27 00:30:00,30.97,49.71,83.53
2024-03-27 00:45:00,31.37,79.9,94.53
2024-03-27 01:00:00,22.23,63.1,75.55
2024-03-27 01:15:00,31.26,60.37,89.44
2024-03-27 01:30:00,29.77,70.14,86.26
2024-03-27 01:45:00,30.65,73.2,82.5
2024-03-27 02:00:00,30.18,68.25,87.4
2024-03-27 02:15:00,31.3,73.26,68.85
2024-03-27 02:30:00,36.69,66.77,84.75
2024-03-27 02:45:00,24.1,68.32,80.84
2024-03-27 03:00:00,28.29,49.03,86.33
2024-03-27 03:15:00,33.33,87.16,71.67
2024-03-27 03:30:00,32.4,41.49,89.24
2024-03-27 03:45:00,32.3,64.64,85.65
2024-03-27 04:00:00,43.77,39.95,72.39
2024-03-27 04:15:00,33.07,58.53,69.39
2024-03-27 04:30:00,35.65,51.43,76.57
2024-03-27 04:45:00,28.46,62.04,76.48
2024-03-27 05:00:00,25.04,65.13,85.57
2024-03-27 05:15:00,28.43,45.65,76.84
2024-03-27 05:30:00,33.56,59.56,82.65
2024-03-27 05:45:00,32.03,80.91,100.0
2024-03-27 06:00:00,32.02,40.32,92.36
2024-03-27 06:15:00,28.93,47.19,75.48
2024-03-27 06:30:00,28.13,72.91,77.95
2024-03-27 06:45:00,29.1,61.16,79.56
2024-03-27 07:00:00,33.62,62.27,79.28
2024-03-27 07:15:00,34.2,75.33,75.98
2024-03-27 07:30:00,24.97,48.09,65.66
2024-03-27 07:45:00,33.81,52.21,89.42
2024-03-27 08:00:00,26.75,50.36,73.3
2024-03-27 08:15:00,32.34,54.78,75.4
2024-03-27 08:30:00,29.04,80.09,87.1
2024-03-27 08:45:00,37.83,34.48,78.94
2024-03-27 09:00:00,27.91,42.09,72.63
2024-03-27 09:15:00,30.89,39.51,80.86
2024-03-27 09:30:00,33.03,81.03,64.81
2024-03-27 09:45:00,25.63,50.78,83.44
2024-03-27 10:00:00,29.64,55.1,83.02
2024-03-27 10:15:00,28.67,35.78,71.81
2024-03-27 10:30:00,27.43,56.06,96.47
2024-03-27 10:45:00,27.8,73.0,84.53
2024-03-27 11:00:00,35.56,63.79,78.3
2024-03-27 11:15:00,27.01,58.38,88.67
2024-03-27 11:30:00,32.83,36.53,98.48
2024-03-27 11:45:00,31.57,55.08,76.76
2024-03-27 12:00:00,23.02,62.2,86.42
2024-03-27 12:15:00,32.6,45.12,81.08
2024-03-27 12:30:00,22.93,69.82,81.7
2024-03-27 12:45:00,33.14,73.28,99.51
2024-03-27 13:00:00,27.46,52.07,69.54
2024-03-27 13:15:00,30.04,70.89,76.78
2024-03-27 13:30:00,23.53,58.35,75.35
2024-03-27 13:45:00,30.61,77.21,97.19
2024-03-27 14:00:00,34.63,90.0,64.6
2024-03-27 14:15:00,25.97,43.6,87.28
2024-03-27 14:30:00,26.96,71.54,66.45
2024-03-27 14:45:00,32.27,79.57,91.43
2024-03-27 15:00:00,32.4,45.44,80.02
2024-03-27 15:15:00,20.0,51.37,71.5
2024-03-27 15:30:00,40.08,51.2,84.07
2024-03-27 15:45:00,32.64,58.01,74.79
2024-03-27 16:00:00,33.48,54.65,72.28
2024-03-27 16:15:00,29.28,57.03,72.84
2024-03-27 16:30:00,20.72,72.57,89.36
2024-03-27 16:45:00,33.37,31.56,86.19
2024-03-27 17:00:00,27.17,45.39,86.48
2024-03-27 17:15:00,32.72,70.05,80.93
2024-03-27 17:30:00,28.91,68.29,81.51
2024-03-27 17:45:00,31.19,44.12,90.8
2024-03-27 18:00:00,26.13,68.4,83.76
2024-03-27 18:15:00,34.32,79.9,77.22
2024-03-27 18:30:00,24.06,59.26,100.0
2024-03-27 18:45:00,41.23,44.88,91.59
2024-03-27 19:00:00,41.19,73.12,98.58
2024-03-27 19:15:00,38.16,85.85,81.07
2024-03-27 19:30:00,36.38,46.71,91.36
2024-03-27 19:45:00,29.58,60.59,100.0
2024-03-27 20:00:00,35.83,76.35,79.17
2024-03-27 20:15:00,29.52,61.73,77.78
2024-03-27 20:30:00,22.23,33.79,95.97
2024-03-27 20:45:00,37.52,66.65,93.64
2024-03-27 21:00:00,35.64,45.32,77.82
2024-03-27 21:15:00,29.84,40.94,77.68
2024-03-27 21:30:00,23.87,34.08,94.62
2024-03-27 21:45:00,27.07,77.86,80.84
2024-03-27 22:00:00,20.89,47.48,81.06
2024-03-27 22:15:00,34.73,65.0,72.74
2024-03-27 22:30:00,21.98,68.68,68.76
2024-03-27 22:45:00,31.43,62.43,88.59
2024-03-27 23:00:00,25.78,64.45,100.0
2024-03-27 23:15:00,22.87,65.72,82.52
2024-03-27 23:30:00,31.19,62.07,58.54
2024-03-27 23:45:00,28.33,48.6,70.62
2024-03-28 00:00:00,34.19,47.26,78.22
2024-03-28 00:15:00,23.66,58.43,90.69
2024-03-28 00:30:00,26.21,58.11,84.4
2024-03-28 00:45:00,20.0,66.44,87.66
2024-03-28 01:00:00,20.0,76.52,93.4
2024-03-28 01:15:00,38.99,65.16,83.43
2024-03-28 01:30:00,40.42,47.84,74.57
2024-03-28 01:45:00,30.46,30.0,91.05
2024-03-28 02:00:00,25.88,48.47,74.15
2024-03-28 02:15:00,28.51,39.83,98.94
2024-03-28 02:30:00,34.37,49.04,68.97
2024-03-28 02:45:00,27.43,63.63,77.79
2024-03-28 03:00:00,31.19,61.27,71.18
2024-03-28 03:15:00,29.94,87.87,74.62
2024-03-28 03:30:00,27.16,67.25,83.34
2024-03-28 03:45:00,27.37,88.64,83.99
2024-03-28 04:00:00,31.47,70.73,78.31
2024-03-28 04:15:00,25.12,76.29,87.71
2024-03-28 04:30:00,32.26,54.62,81.44
2024-03-28 04:45:00,27.64,43.88,96.38
2024-03-28 05:00:00,30.64,53.27,86.92
2024-03-28 05:15:00,36.92,59.82,90.72
2024-03-28 05:30:00,29.16,50.58,77.66
2024-03-28 05:45:00,34.6,44.98,87.01
2024-03-28 06:00:00,21.04,66.25,78.94
2024-03-28 06:15:00,27.65,44.92,74.94
2024-03-28 06:30:00,30.14,37.0,100.0
2024-03-28 06:45:00,39.62,43.17,70.57
2024-03-28 07:00:00,20.2,56.48,95.4
2024-03-28 07:15:00,29.52,45.14,82.14
2024-03-28 07:30:00,37.28,56.58,71.5
2024-03-28 07:45:00,26.07,69.01,77.4
2024-03-28 08:00:00,28.94,68.62,86.84
2024-03-28 08:15:00,31.66,50.09,83.03
2024-03-28 08:30:00,30.92,40.44,87.5
2024-03-28 08:45:00,37.83,51.37,85.76
2024-03-28 09:00:00,32.24,69.83,72.55
2024-03-28 09:15:00,36.64,73.34,86.0
2024-03-28 09:30:00,28.2,65.29,82.79
2024-03-28 09:45:00,26.3,78.02,95.87
2024-03-28 10:00:00,28.87,85.94,80.85
2024-03-28 10:15:00,24.2,52.75,91.47
2024-03-28 10:30:00,32.42,82.3,85.24
2024-03-28 10:45:00,28.07,56.09,69.31
2024-03-28 11:00:00,26.64,75.3,87.44
2024-03-28 11:15:00,32.49,70.63,85.01
2024-03-28 11:30:00,24.28,30.34,78.96
2024-03-28 11:45:00,33.85,45.51,76.57
2024-03-28 12:00:00,27.61,41.68,63.84
2024-03-28 12:15:00,35.8,33.27,66.2
2024-03-28 12:30:00,28.04,73.19,82.26
2024-03-28 12:45:00,33.16,90.0,79.06
2024-03-28 13:00:00,30.9,56.13,89.22
2024-03-28 13:15:00,33.72,72.81,67.87
2024-03-28 13:30:00,30.55,82.27,69.99
2024-03-28 13:45:00,21.68,63.12,87.57
2024-03-28 14:00:00,35.04,59.62,91.23
2024-03-28 14:15:00,29.56,56.31,80.44
2024-03-28 14:30:00,33.95,68.06,80.57
2024-03-28 14:45:00,33.45,73.12,87.09
2024-03-28 15:00:00,26.13,66.93,79.91
2024-03-28 15:15:00,25.43,66.41,81.62
2024-03-28 15:30:00,33.28,59.23,77.85
2024-03-28 15:45:00,28.48,36.11,84.78
2024-03-28 16:00:00,34.68,73.47,83.86
2024-03-28 16:15:00,29.11,40.73,70.02
2024-03-28 16:30:00,35.12,69.29,71.37
2024-03-28 16:45:00,32.12,71.34,75.1
2024-03-28 17:00:00,31.44,42.89,68.64
2024-03-28 17:15:00,28.13,50.88,74.87
2024-03-28 17:30:00,31.16,90.0,70.3
2024-03-28 17:45:00,35.96,58.81,78.82
2024-03-28 18:00:00,29.73,41.7,67.72
2024-03-28 18:15:00,32.66,72.01,79.47
2024-03-28 18:30:00,30.23,48.41,88.78
2024-03-28 18:45:00,30.62,31.19,85.91
2024-03-28 19:00:00,38.62,67.8,70.37
2024-03-28 19:15:00,36.01,46.25,80.68
2024-03-28 19:30:00,30.4,64.82,89.51
2024-03-28 19:45:00,31.07,47.81,72.88
2024-03-28 20:00:00,26.49,70.61,81.34
2024-03-28 20:15:00,29.14,62.75,89.85
2024-03-28 20:30:00,31.55,30.0,84.29
2024-03-28 20:45:00,34.25,65.73,75.26
2024-03-28 21:00:00,33.75,55.65,78.64
2024-03-28 21:15:00,24.45,81.25,65.83
2024-03-28 21:30:00,34.88,65.93,75.99
2024-03-28 21:45:00,29.56,71.34,91.73
2024-03-28 22:00:00,25.07,49.34,92.69
2024-03-28 22:15:00,36.68,48.15,89.49
2024-03-28 22:30:00,37.32,59.62,95.87
2024-03-28 22:45:00,31.32,54.59,77.42
2024-03-28 23:00:00,33.54,80.07,74.37
2024-03-28 23:15:00,33.84,57.7,94.69
2024-03-28 23:30:00,36.98,41.63,66.82
2024-03-28 23:45:00,33.64,47.59,85.07
2024-03-29 00:00:00,23.36,74.48,81.79
2024-03-29 00:15:00,40.05,57.49,71.2
2024-03-29 00:30:00,35.33,56.69,78.57
2024-03-29 00:45:00,27.45,75.9,83.46
2024-03-29 01:00:00,24.85,46.28,86.89
2024-03-29 01:15:00,32.52,30.0,78.36
2024-03-29 01:30:00,28.61,47.21,76.49
2024-03-29 01:45:00,31.65,63.63,79.61
2024-03-29 02:00:00,33.72,56.26,88.33
2024-03-29 02:15:00,27.17,36.59,94.55
2024-03-29 02:30:00,24.42,75.24,83.39
2024-03-29 02:45:00,31.93,62.45,80.27
2024-03-29 03:00:00,27.33,65.84,75.26
2024-03-29 03:15:00,30.73,66.29,79.31
2024-03-29 03:30:00,23.28,40.52,79.59
2024-03-29 03:45:00,28.74,64.54,65.72
2024-03-29 04:00:00,33.57,73.61,90.73
2024-03-29 04:15:00,33.03,77.1,80.0
2024-03-29 04:30:00,26.06,70.82,75.45
2024-03-29 04:45:00,24.16,67.7,90.31
2024-03-29 05:00:00,30.08,33.94,74.06
2024-03-29 05:15:00,32.81,59.78,65.23
2024-03-29 05:30:00,32.03,45.65,92.57
2024-03-29 05:45:00,27.44,79.23,90.47
2024-03-29 06:00:00,31.49,76.96,87.76
2024-03-29 06:15:00,37.51,45.74,97.23
2024-03-29 06:30:00,31.03,59.31,74.05
2024-03-29 06:45:00,21.83,63.73,83.38
2024-03-29 07:00:00,31.02,73.51,90.47
2024-03-29 07:15:00,40.22,34.87,80.16
2024-03-29 07:30:00,23.56,30.0,94.38
2024-03-29 07:45:00,30.15,60.57,100.0
2024-03-29 08:00:00,28.87,30.0,88.11
2024-03-29 08:15:00,30.48,62.38,73.38
2024-03-29 08:30:00,30.97,68.88,80.95
2024-03-29 08:45:00,35.7,78.54,82.14
2024-03-29 09:00:00,30.42,50.66,98.75
2024-03-29 09:15:00,36.39,62.42,71.65
2024-03-29 09:30:00,29.41,69.77,77.01
2024-03-29 09:45:00,28.25,42.36,71.0
2024-03-29 10:00:00,26.65,73.73,83.69
2024-03-29 10:15:00,20.91,64.12,87.81
2024-03-29 10:30:00,31.38,50.92,82.1
2024-03-29 10:45:00,40.27,62.12,74.6
2024-03-29 11:00:00,32.29,57.91,83.05
2024-03-29 11:15:00,33.43,71.7,80.05
2024-03-29 11:30:00,27.93,54.59,89.3
2024-03-29 11:45:00,28.78,63.41,71.34
2024-03-29 12:00:00,34.92,50.69,57.33
2024-03-29 12:15:00,40.04,45.93,88.59
2024-03-29 12:30:00,37.44,62.57,74.7
2024-03-29 12:45:00,34.03,46.55,72.25
2024-03-29 13:00:00,30.18,72.01,86.38
2024-03-29 13:15:00,31.05,68.88,77.81
2024-03-29 13:30:00,26.23,48.52,74.52
2024-03-29 13:45:00,22.76,63.21,80.55
2024-03-29 14:00:00,24.37,48.45,69.27
2024-03-29 14:15:00,30.25,35.94,86.59
2024-03-29 14:30:00,28.54,51.04,85.66
2024-03-29 14:45:00,22.65,59.25,92.43
2024-03-29 15:00:00,29.81,67.82,79.4
2024-03-29 15:15:00,28.41,62.24,96.13
2024-03-29 15:30:00,24.14,73.62,72.61
2024-03-29 15:45:00,28.15,45.28,75.43
2024-03-29 16:00:00,28.4,54.35,86.39
2024-03-29 16:15:00,26.92,84.67,89.82
2024-03-29 16:30:00,34.63,31.03,85.69
2024-03-29 16:45:00,20.49,53.22,92.09
2024-03-29 17:00:00,20.07,43.93,83.9
2024-03-29 17:15:00,30.02,57.07,77.07
2024-03-29 17:30:00,30.48,53.48,91.51
2024-03-29 17:45:00,32.02,69.03,74.98
2024-03-29 18:00:00,27.31,63.83,100.0
2024-03-29 18:15:00,25.41,40.42,94.95
2024-03-29 18:30:00,29.96,51.18,90.31
2024-03-29 18:45:00,27.79,60.0,70.85
2024-03-29 19:00:00,37.76,71.09,76.61
2024-03-29 19:15:00,28.38,90.0,91.39
2024-03-29 19:30:00,29.73,70.54,82.88
2024-03-29 19:45:00,42.38,44.81,90.15
2024-03-29 20:00:00,29.03,58.59,83.35
2024-03-29 20:15:00,32.78,62.71,87.9
2024-03-29 20:30:00,33.23,52.21,89.02
2024-03-29 20:45:00,33.66,67.05,83.79
2024-03-29 21:00:00,31.45,30.0,71.28
2024-03-29 21:15:00,30.97,68.3,84.02
2024-03-29 21:30:00,30.5,52.85,100.0
2024-03-29 21:45:00,27.12,58.35,85.56
2024-03-29 22:00:00,31.63,81.99,88.87
2024-03-29 22:15:00,40.14,41.08,69.72
2024-03-29 22:30:00,36.05,64.09,84.44
2024-03-29 22:45:00,31.52,71.91,75.37
2024-03-29 23:00:00,34.28,62.56,97.72
2024-03-29 23:15:00,25.65,35.79,88.16
2024-03-29 23:30:00,28.7,80.26,88.2
2024-03-29 23:45:00,34.74,56.83,77.35
2024-03-30 00:00:00,37.44,52.09,89.43
2024-03-30 00:15:00,26.15,55.34,72.45
2024-03-30 00:30:00,27.58,54.27,76.88
2024-03-30 00:45:00,40.91,42.15,82.21
2024-03-30 01:00:00,30.48,62.47,100.0
2024-03-30 01:15:00,39.12,51.04,95.55
2024-03-30 01:30:00,31.03,70.06,81.18
2024-03-30 01:45:00,31.23,67.76,82.13
2024-03-30 02:00:00,28.47,84.39,79.69
2024-03-30 02:15:00,34.71,56.83,93.44
2024-03-30 02:30:00,36.79,47.95,85.38
2024-03-30 02:45:00,24.82,37.95,90.23
2024-03-30 03:00:00,28.24,90.0,87.39
2024-03-30 03:15:00,34.58,69.93,85.73
2024-03-30 03:30:00,29.35,49.61,74.07
2024-03-30 03:45:00,27.53,85.4,73.56
2024-03-30 04:00:00,35.05,80.34,70.15
2024-03-30 04:15:00,35.52,39.73,87.75
2024-03-30 04:30:00,27.75,48.7,93.24
2024-03-30 04:45:00,31.06,58.02,87.12
2024-03-30 05:00:00,23.96,43.95,92.56
2024-03-30 05:15:00,25.52,58.55,78.57
2024-03-30 05:30:00,30.62,70.68,71.83
2024-03-30 05:45:00,30.16,39.4,68.27
2024-03-30 06:00:00,25.17,64.4,100.0
2024-03-30 06:15:00,26.42,77.53,61.9
2024-03-30 06:30:00,24.67,66.0,71.75
2024-03-30 06:45:00,32.28,58.87,70.8
2024-03-30 07:00:00,20.16,49.98,88.29
2024-03-30 07:15:00,24.94,72.46,83.49
2024-03-30 07:30:00,20.69,42.35,88.68
2024-03-30 07:45:00,32.1,63.64,90.32
2024-03-30 08:00:00,20.99,60.38,90.19
2024-03-30 08:15:00,30.16,76.88,68.72
2024-03-30 08:30:00,38.2,51.26,98.81
2024-03-30 08:45:00,38.37,52.53,86.27
2024-03-30 09:00:00,20.97,41.37,90.05
2024-03-30 09:15:00,31.49,66.56,77.63
2024-03-30 09:30:00,25.06,53.64,96.12
2024-03-30 09:45:00,24.03,47.07,81.6
2024-03-30 10:00:00,29.43,48.5,68.69
2024-03-30 10:15:00,36.14,68.06,80.06
2024-03-30 10:30:00,33.0,43.46,65.77
2024-03-30 10:45:00,26.42,44.79,93.75
2024-03-30 11:00:00,33.53,73.45,90.02
2024-03-30 11:15:00,20.0,57.51,84.09
2024-03-30 11:30:00,26.24,74.33,71.52
2024-03-30 11:45:00,25.88,54.61,88.71
2024-03-30 12:00:00,30.39,59.98,81.03
2024-03-30 12:15:00,28.99,62.34,81.82
2024-03-30 12:30:00,29.29,80.81,84.86
2024-03-30 12:45:00,29.13,79.59,72.54
2024-03-30 13:00:00,30.11,77.3,83.55
2024-03-30 13:15:00,32.7,50.57,94.03
2024-03-30 13:30:00,30.75,45.2,90.47
2024-03-30 13:45:00,28.58,71.41,76.36
2024-03-30 14:00:00,32.01,80.65,68.25
2024-03-30 14:15:00,34.13,77.44,73.12
2024-03-30 14:30:00,27.22,60.2,91.06
2024-03-30 14:45:00,29.7,70.92,72.36
2024-03-30 15:00:00,35.81,71.18,71.64
2024-03-30 15:15:00,24.49,62.23,80.84
2024-03-30 15:30:00,39.02,62.89,85.37
2024-03-30 15:45:00,23.3,61.47,69.37
2024-03-30 16:00:00,28.27,48.18,88.78
2024-03-30 16:15:00,25.25,49.71,70.56
2024-03-30 16:30:00,40.94,49.48,82.79
2024-03-30 16:45:00,27.48,36.01,87.37
2024-03-30 17:00:00,27.5,62.14,87.66
2024-03-30 17:15:00,28.15,59.39,75.85
2024-03-30 17:30:00,30.48,71.43,81.3
2024-03-30 17:45:00,28.36,78.91,86.17
2024-03-30 18:00:00,29.34,79.86,76.0
2024-03-30 18:15:00,20.0,81.28,70.42
2024-03-30 18:30:00,30.29,48.64,93.9
2024-03-30 18:45:00,30.09,38.52,75.05
2024-03-30 19:00:00,35.19,73.96,91.39
2024-03-30 19:15:00,36.55,80.73,68.85
2024-03-30 19:30:00,29.06,83.34,86.61
2024-03-30 19:45:00,34.08,67.27,94.75
2024-03-30 20:00:00,24.49,30.05,85.04
2024-03-30 20:15:00,33.84,65.48,81.52
2024-03-30 20:30:00,27.14,68.33,92.33
2024-03-30 20:45:00,24.08,78.78,79.76
2024-03-30 21:00:00,29.07,81.44,65.97
2024-03-30 21:15:00,37.0,73.64,100.0
2024-03-30 21:30:00,30.91,51.19,90.23
2024-03-30 21:45:00,37.48,44.56,76.32
2024-03-30 22:00:00,26.26,68.01,79.89
2024-03-30 22:15:00,35.24,48.11,85.5
2024-03-30 22:30:00,26.74,82.13,72.92
2024-03-30 22:45:00,31.13,34.43,98.87
2024-03-30 23:00:00,31.08,68.5,98.16
2024-03-30 23:15:00,33.31,64.79,74.42
2024-03-30 23:30:00,31.25,56.9,85.84
2024-03-30 23:45:00,26.3,46.12,81.5
2024-03-31 00:00:00,34.4,30.0,72.83
2024-03-31 00:15:00,38.66,52.03,90.77
2024-03-31 00:30:00,27.08,52.29,87.38
2024-03-31 00:45:00,20.82,76.68,78.21
2024-03-31 01:00:00,32.5,48.26,81.12
2024-03-31 01:15:00,28.34,66.79,89.19
2024-03-31 01:30:00,29.34,40.62,85.61
2024-03-31 01:45:00,32.78,67.2,81.14
2024-03-31 02:00:00,27.72,30.0,97.03
2024-03-31 02:15:00,28.66,90.0,90.07
2024-03-31 02:30:00,29.5,57.88,92.73
2024-03-31 02:45:00,37.35,30.0,78.12
2024-03-31 03:00:00,30.15,49.23,85.29
2024-03-31 03:15:00,23.82,46.87,92.09
2024-03-31 03:30:00,24.02,50.16,71.67
2024-03-31 03:45:00,30.7,54.53,69.5
2024-03-31 04:00:00,24.35,50.06,76.1
2024-03-31 04:15:00,22.19,47.75,84.57
2024-03-31 04:30:00,33.18,42.62,95.33
2024-03-31 04:45:00,33.42,72.33,88.13
2024-03-31 05:00:00,28.16,78.02,69.13
2024-03-31 05:15:00,31.47,56.18,77.42
2024-03-31 05:30:00,30.94,59.74,84.66
2024-03-31 05:45:00,33.01,43.11,80.39
2024-03-31 06:00:00,33.02,61.07,75.67
2024-03-31 06:15:00,20.0,63.45,96.44
2024-03-31 06:30:00,28.8,56.71,92.7
2024-03-31 06:45:00,32.59,65.94,81.36
2024-03-31 07:00:00,27.95,64.63,79.62
2024-03-31 07:15:00,30.18,44.19,93.98
2024-03-31 07:30:00,33.75,77.9,86.32
2024-03-31 07:45:00,30.4,56.89,84.31
2024-03-31 08:00:00,37.54,85.13,70.81
2024-03-31 08:15:00,35.63,66.31,75.36
2024-03-31 08:30:00,29.41,89.56,82.96
2024-03-31 08:45:00,29.01,77.63,96.33
2024-03-31 09:00:00,20.0,63.41,80.16
2024-03-31 09:15:00,28.37,49.15,86.29
2024-03-31 09:30:00,23.23,49.48,86.37
2024-03-31 09:45:00,31.11,68.0,77.96
2024-03-31 10:00:00,30.76,62.15,73.64
2024-03-31 10:15:00,33.48,51.16,71.75
2024-03-31 10:30:00,36.98,72.5,100.0
2024-03-31 10:45:00,29.87,60.58,75.62
2024-03-31 11:00:00,41.4,72.59,87.56
2024-03-31 11:15:00,31.16,45.37,78.67
2024-03-31 11:30:00,23.45,74.99,86.94
2024-03-31 11:45:00,27.19,67.51,79.24
2024-03-31 12:00:00,28.14,77.96,64.56
2024-03-31 12:15:00,32.96,74.66,80.12
2024-03-31 12:30:00,25.26,58.73,69.75
2024-03-31 12:45:00,28.51,57.52,85.83
2024-03-31 13:00:00,29.19,86.75,81.84
2024-03-31 13:15:00,27.76,55.64,72.83
2024-03-31 13:30:00,34.06,71.23,88.39
2024-03-31 13:45:00,33.21,54.28,75.01
2024-03-31 14:00:00,35.83,32.07,75.8
2024-03-31 14:15:00,28.34,41.59,87.63
2024-03-31 14:30:00,36.01,66.09,68.92
2024-03-31 14:45:00,23.18,70.52,72.54
2024-03-31 15:00:00,23.06,66.14,86.54
2024-03-31 15:15:00,23.93,77.19,86.69
2024-03-31 15:30:00,30.05,65.87,91.74
2024-03-31 15:45:00,36.01,48.37,91.24
2024-03-31 16:00:00,26.99,68.91,75.84
2024-03-31 16:15:00,27.62,62.54,88.58
2024-03-31 16:30:00,28.92,51.37,89.4
2024-03-31 16:45:00,32.86,67.09,87.88
2024-03-31 17:00:00,27.61,61.19,73.08
2024-03-31 17:15:00,27.33,50.92,82.6
2024-03-31 17:30:00,23.27,57.33,95.96
2024-03-31 17:45:00,27.14,81.2,76.83
2024-03-31 18:00:00,35.89,80.71,93.66
2024-03-31 18:15:00,30.45,62.82,69.03
2024-03-31 18:30:00,26.3,60.86,91.86
2024-03-31 18:45:00,36.18,38.5,77.23
2024-03-31 19:00:00,27.07,85.79,88.33
2024-03-31 19:15:00,37.1,75.55,86.08
2024-03-31 19:30:00,37.02,71.28,67.79
2024-03-31 19:45:00,30.28,30.0,83.38
2024-03-31 20:00:00,22.51,60.61,77.39
2024-03-31 20:15:00,41.45,58.09,70.76
2024-03-31 20:30:00,31.94,70.24,68.3
2024-03-31 20:45:00,28.38,53.23,89.48
2024-03-31 21:00:00,34.78,56.52,93.49
2024-03-31 21:15:00,33.51,69.29,80.87
2024-03-31 21:30:00,36.55,48.4,87.93
2024-03-31 21:45:00,26.69,51.39,92.63
2024-03-31 22:00:00,31.59,62.9,63.1
2024-03-31 22:15:00,24.07,80.08,96.61
2024-03-31 22:30:00,33.33,72.13,65.57
2024-03-31 22:45:00,29.89,76.13,89.52
2024-03-31 23:00:00,31.41,60.95,86.34
2024-03-31 23:15:00,29.27,82.43,96.52
2024-03-31 23:30:00,28.75,33.88,71.18
2024-03-31 23:45:00,25.66,90.0,83.03
2024-04-01 00:00:00,33.95,90.0,90.82
2024-04-01 00:15:00,37.45,66.85,94.1
2024-04-01 00:30:00,27.22,72.48,92.32
2024-04-01 00:45:00,32.77,59.43,94.14
2024-04-01 01:00:00,32.16,56.86,79.94
2024-04-01 01:15:00,30.04,50.84,73.21
2024-04-01 01:30:00,22.37,59.26,65.06
2024-04-01 01:45:00,23.49,68.34,81.04
2024-04-01 02:00:00,26.1,66.3,81.64
2024-04-01 02:15:00,20.0,89.8,95.96
2024-04-01 02:30:00,37.04,61.5,77.74
2024-04-01 02:45:00,31.84,37.67,84.96
2024-04-01 03:00:00,29.85,84.66,69.47
2024-04-01 03:15:00,20.0,41.69,91.83
2024-04-01 03:30:00,20.88,51.61,69.8
2024-04-01 03:45:00,29.99,64.08,62.09
2024-04-01 04:00:00,39.85,66.26,86.26
2024-04-01 04:15:00,26.51,38.32,84.62
2024-04-01 04:30:00,34.32,48.8,89.4
2024-04-01 04:45:00,27.6,37.79,79.56
2024-04-01 05:00:00,30.28,69.33,89.36
2024-04-01 05:15:00,36.07,77.75,69.21
2024-04-01 05:30:00,28.27,41.67,78.71
2024-04-01 05:45:00,26.55,74.93,80.0
2024-04-01 06:00:00,37.09,73.96,74.23
2024-04-01 06:15:00,30.23,50.11,94.84
2024-04-01 06:30:00,35.46,30.26,84.18
2024-04-01 06:45:00,26.57,43.93,80.65
2024-04-01 07:00:00,37.03,51.07,71.73
2024-04-01 07:15:00,31.37,83.13,97.38
2024-04-01 07:30:00,32.17,58.23,89.47
2024-04-01 07:45:00,30.66,44.9,73.12
2024-04-01 08:00:00,27.47,62.22,93.63
2024-04-01 08:15:00,29.99,40.57,92.85
2024-04-01 08:30:00,27.79,67.72,92.35
2024-04-01 08:45:00,34.8,45.34,90.61
2024-04-01 09:00:00,28.98,47.51,85.41
2024-04-01 09:15:00,22.52,65.63,85.92
2024-04-01 09:30:00,21.6,86.25,68.81
2024-04-01 09:45:00,21.37,90.0,97.76
2024-04-01 10:00:00,33.09,44.4,94.92
2024-04-01 10:15:00,24.24,51.05,90.69
2024-04-01 10:30:00,31.5,67.73,99.6
2024-04-01 10:45:00,30.68,77.53,100.0
2024-04-01 11:00:00,29.68,30.0,75.48
2024-04-01 11:15:00,32.19,61.31,91.32
2024-04-01 11:30:00,30.79,52.69,65.76
2024-04-01 11:45:00,20.0,31.14,78.11
2024-04-01 12:00:00,28.38,39.94,70.08
2024-04-01 12:15:00,32.13,51.48,64.03
2024-04-01 12:30:00,38.2,60.88,84.2
2024-04-01 12:45:00,38.43,75.12,88.5
2024-04-01 13:00:00,23.18,65.32,63.96
2024-04-01 13:15:00,28.25,74.21,77.71
2024-04-01 13:30:00,22.17,60.4,78.62
2024-04-01 13:45:00,37.6,49.43,85.4
2024-04-01 14:00:00,35.06,57.24,77.63
2024-04-01 14:15:00,31.75,70.43,94.56
2024-04-01 14:30:00,30.83,75.49,82.84
2024-04-01 14:45:00,36.9,57.78,76.93
2024-04-01 15:00:00,36.06,46.06,69.16
2024-04-01 15:15:00,35.79,65.03,84.96
2024-04-01 15:30:00,32.28,67.17,80.33
2024-04-01 15:45:00,28.25,78.49,68.0
2024-04-01 16:00:00,33.84,49.82,95.0
2024-04-01 16:15:00,34.08,49.98,73.95
2024-04-01 16:30:00,29.05,71.34,82.87
2024-04-01 16:45:00,28.24,53.89,73.38
2024-04-01 17:00:00,35.67,53.25,94.15
2024-04-01 17:15:00,38.32,78.81,76.57
2024-04-01 17:30:00,26.25,39.43,91.44
2024-04-01 17:45:00,28.68,90.0,100.0
2024-04-01 18:00:00,31.75,50.81,67.08
2024-04-01 18:15:00,32.43,73.0,69.72
2024-04-01 18:30:00,27.39,58.37,86.73
2024-04-01 18:45:00,39.42,64.07,73.98
2024-04-01 19:00:00,32.11,56.06,68.99
2024-04-01 19:15:00,32.66,72.85,94.64
2024-04-01 19:30:00,38.79,54.79,93.67
2024-04-01 19:45:00,27.75,51.41,74.31
2024-04-01 20:00:00,29.56,87.2,81.89
2024-04-01 20:15:00,23.73,60.44,69.62
2024-04-01 20:30:00,29.14,49.86,86.47
2024-04-01 20:45:00,22.56,37.65,75.47
2024-04-01 21:00:00,33.74,87.98,71.31
2024-04-01 21:15:00,32.1,51.72,87.97
2024-04-01 21:30:00,28.61,90.0,94.36
2024-04-01 21:45:00,29.5,65.98,65.06
2024-04-01 22:00:00,33.81,62.14,88.91
2024-04-01 22:15:00,24.32,62.55,77.95
2024-04-01 22:30:00,31.02,90.0,88.32
2024-04-01 22:45:00,33.5,30.0,67.8
2024-04-01 23:00:00,21.09,63.22,90.19
2024-04-01 23:15:00,33.42,56.02,83.15
2024-04-01 23:30:00,21.63,56.8,72.33
2024-04-01 23:45:00,29.41,62.24,71.93
2024-04-02 00:00:00,24.18,56.01,91.58
2024-04-02 00:15:00,37.16,62.82,77.03
2024-04-02 00:30:00,24.21,59.65,91.05
2024-04-02 00:45:00,21.75,40.3,95.5
2024-04-02 01:00:00,30.67,65.72,79.57
2024-04-02 01:15:00,27.93,70.74,80.97
2024-04-02 01:30:00,22.48,51.87,76.67
2024-04-02 01:45:00,32.63,88.02,86.42
2024-04-02 02:00:00,20.04,80.03,84.25
2024-04-02 02:15:00,24.82,72.66,94.18
2024-04-02 02:30:00,27.12,72.48,80.07
2024-04-02 02:45:00,34.01,60.45,94.08
2024-04-02 03:00:00,36.48,77.12,68.31
2024-04-02 03:15:00,35.51,83.56,78.13
2024-04-02 03:30:00,29.23,72.12,68.61
2024-04-02 03:45:00,20.0,51.45,75.29
2024-04-02 04:00:00,31.95,59.4,72.85
2024-04-02 04:15:00,37.35,68.61,87.8
2024-04-02 04:30:00,36.17,72.57,76.28
2024-04-02 04:45:00,32.31,58.84,77.08
2024-04-02 05:00:00,24.05,51.5,82.09
2024-04-02 05:15:00,27.37,83.76,88.91
2024-04-02 05:30:00,39.67,43.92,80.24
2024-04-02 05:45:00,22.92,45.88,80.5
2024-04-02 06:00:00,24.26,40.09,77.86
2024-04-02 06:15:00,34.71,45.85,83.4
2024-04-02 06:30:00,27.84,78.71,79.67
2024-04-02 06:45:00,24.09,79.21,68.11
2024-04-02 07:00:00,37.64,58.89,85.01
2024-04-02 07:15:00,32.31,67.44,92.47
2024-04-02 07:30:00,28.09,59.84,71.81
2024-04-02 07:45:00,24.27,42.12,83.64
2024-04-02 08:00:00,40.24,90.0,90.9
2024-04-02 08:15:00,29.88,80.62,80.98
2024-04-02 08:30:00,36.99,65.32,89.15
2024-04-02 08:45:00,34.47,47.16,87.7
2024-04-02 09:00:00,27.4,56.63,91.46
2024-04-02 09:15:00,27.44,49.61,92.39
2024-04-02 09:30:00,37.23,61.46,80.33
2024-04-02 09:45:00,37.31,64.65,96.41
2024-04-02 10:00:00,20.62,54.88,85.1
2024-04-02 10:15:00,32.75,38.18,64.28
2024-04-02 10:30:00,29.39,90.0,83.25
2024-04-02 10:45:00,24.83,63.56,69.86
2024-04-02 11:00:00,31.31,66.85,72.87
2024-04-02 11:15:00,23.25,53.66,66.92
2024-04-02 11:30:00,27.67,36.57,79.53
2024-04-02 11:45:00,26.01,58.75,76.14
2024-04-02 12:00:00,27.5,55.15,90.49
2024-04-02 12:15:00,29.64,70.64,88.78
2024-04-02 12:30:00,24.92,73.59,81.08
2024-04-02 12:45:00,37.87,71.48,80.54
2024-04-02 13:00:00,32.47,74.82,87.47
2024-04-02 13:15:00,38.97,87.05,84.29
2024-04-02 13:30:00,29.2,65.85,100.0
2024-04-02 13:45:00,27.26,76.49,72.64
2024-04-02 14:00:00,38.79,67.41,84.45
2024-04-02 14:15:00,27.11,31.5,87.94
2024-04-02 14:30:00,29.11,57.68,94.15
2024-04-02 14:45:00,33.6,46.98,80.31
2024-04-02 15:00:00,23.81,63.47,86.3
2024-04-02 15:15:00,33.56,48.13,84.95
2024-04-02 15:30:00,32.92,69.09,77.93
2024-04-02 15:45:00,36.35,74.72,67.38
2024-04-02 16:00:00,34.45,78.05,84.88
2024-04-02 16:15:00,36.5,84.29,72.51
2024-04-02 16:30:00,29.45,34.86,88.33
2024-04-02 16:45:00,25.69,42.01,94.95
2024-04-02 17:00:00,40.55,90.0,83.58
2024-04-02 17:15:00,22.37,75.14,77.04
2024-04-02 17:30:00,22.87,63.37,92.57
2024-04-02 17:45:00,32.83,60.48,92.71
2024-04-02 18:00:00,38.12,59.15,82.69
2024-04-02 18:15:00,30.95,30.99,91.41
2024-04-02 18:30:00,35.0,48.42,87.41
2024-04-02 18:45:00,20.02,58.32,70.19
2024-04-02 19:00:00,27.5,49.26,70.68
2024-04-02 19:15:00,20.63,51.22,71.72
2024-04-02 19:30:00,33.9,90.0,82.95
2024-04-02 19:45:00,22.26,56.23,83.41
2024-04-02 20:00:00,23.61,64.17,95.42
2024-04-02 20:15:00,32.57,63.64,89.56
2024-04-02 20:30:00,35.31,68.84,86.08
2024-04-02 20:45:00,29.21,52.84,81.43
2024-04-02 21:00:00,32.85,78.7,79.56
2024-04-02 21:15:00,32.69,66.65,86.23
2024-04-02 21:30:00,28.92,40.69,69.33
2024-04-02 21:45:00,24.53,58.39,90.69
2024-04-02 22:00:00,32.82,57.42,86.19
2024-04-02 22:15:00,33.07,56.73,78.35
2024-04-02 22:30:00,34.47,67.64,93.82
2024-04-02 22:45:00,31.56,69.52,84.91
2024-04-02 23:00:00,24.16,67.75,86.59
2024-04-02 23:15:00,33.45,65.08,83.75
2024-04-02 23:30:00,29.99,61.28,79.57
2024-04-02 23:45:00,27.59,30.0,85.85
2024-04-03 00:00:00,28.53,71.67,86.29
2024-04-03 00:15:00,26.55,67.33,93.75
2024-04-03 00:30:00,34.44,45.23,81.25
2024-04-03 00:45:00,22.91,64.21,81.8
2024-04-03 01:00:00,25.03,69.72,95.8
2024-04-03 01:15:00,28.36,77.57,80.92
2024-04-03 01:30:00,38.07,67.65,81.87
2024-04-03 01:45:00,35.27,64.82,100.0
2024-04-03 02:00:00,21.8,74.2,84.61
2024-04-03 02:15:00,36.76,55.4,69.43
2024-04-03 02:30:00,36.75,66.18,75.87
2024-04-03 02:45:00,24.13,50.68,87.56
2024-04-03 03:00:00,20.0,76.65,92.19
2024-04-03 03:15:00,29.64,35.85,80.14
2024-04-03 03:30:00,35.61,72.25,88.15
2024-04-03 03:45:00,37.96,60.27,100.0
2024-04-03 04:00:00,25.65,74.48,78.29
2024-04-03 04:15:00,38.76,48.29,81.39
2024-04-03 04:30:00,20.0,61.35,100.0
2024-04-03 04:45:00,28.16,60.91,81.45
2024-04-03 05:00:00,27.91,66.51,79.77
2024-04-03 05:15:00,35.76,44.29,73.76
2024-04-03 05:30:00,36.49,69.54,88.62
2024-04-03 05:45:00,34.77,32.31,68.6
2024-04-03 06:00:00,23.25,49.98,75.35
2024-04-03 06:15:00,34.31,36.56,77.06
2024-04-03 06:30:00,32.55,72.42,84.12
2024-04-03 06:45:00,21.64,66.0,95.01
2024-04-03 07:00:00,20.0,66.84,78.13
2024-04-03 07:15:00,35.19,82.1,92.95
2024-04-03 07:30:00,29.1,55.26,94.04
2024-04-03 07:45:00,23.57,69.14,84.54
2024-04-03 08:00:00,28.96,60.99,79.46
2024-04-03 08:15:00,31.82,58.71,79.65
2024-04-03 08:30:00,29.59,79.6,80.86
2024-04-03 08:45:00,22.24,90.0,74.93
2024-04-03 09:00:00,39.43,53.53,77.09
2024-04-03 09:15:00,35.02,72.51,99.22
2024-04-03 09:30:00,28.32,64.79,83.07
2024-04-03 09:45:00,28.52,64.97,78.11
2024-04-03 10:00:00,31.8,63.71,90.34
2024-04-03 10:15:00,24.35,55.0,98.52
2024-04-03 10:30:00,31.61,30.0,85.38
2024-04-03 10:45:00,23.35,83.02,74.55
2024-04-03 11:00:00,29.65,49.58,83.5
2024-04-03 11:15:00,24.16,56.38,81.46
2024-04-03 11:30:00,24.41,56.7,76.77
2024-04-03 11:45:00,38.23,48.24,96.06
2024-04-03 12:00:00,30.3,63.6,98.27
2024-04-03 12:15:00,31.04,59.34,70.25
2024-04-03 12:30:00,20.0,49.25,97.0
2024-04-03 12:45:00,27.01,62.24,67.93
2024-04-03 13:00:00,32.31,59.5,73.52
2024-04-03 13:15:00,30.97,73.92,79.74
2024-04-03 13:30:00,20.0,39.89,80.12
2024-04-03 13:45:00,31.04,47.92,79.82
2024-04-03 14:00:00,31.83,70.88,83.75
2024-04-03 14:15:00,36.42,50.4,79.5
2024-04-03 14:30:00,26.72,46.45,83.29
2024-04-03 14:45:00,20.0,51.15,94.83
2024-04-03 15:00:00,25.02,58.49,76.02
2024-04-03 15:15:00,24.51,58.54,96.76
2024-04-03 15:30:00,33.68,56.85,91.57
2024-04-03 15:45:00,20.0,44.57,85.31
2024-04-03 16:00:00,27.76,71.6,97.56
2024-04-03 16:15:00,37.13,79.89,91.42
2024-04-03 16:30:00,30.04,31.34,85.34
2024-04-03 16:45:00,34.48,36.7,81.52
2024-04-03 17:00:00,21.79,75.04,82.93
2024-04-03 17:15:00,21.99,83.55,77.42
2024-04-03 17:30:00,37.19,30.0,84.83
2024-04-03 17:45:00,30.51,72.23,70.14
2024-04-03 18:00:00,30.52,84.57,79.57
2024-04-03 18:15:00,24.41,47.06,87.77
2024-04-03 18:30:00,30.5,83.7,87.65
2024-04-03 18:45:00,24.27,57.33,74.09
2024-04-03 19:00:00,35.93,64.72,72.2
2024-04-03 19:15:00,43.64,49.21,86.55
2024-04-03 19:30:00,32.42,75.02,67.36
2024-04-03 19:45:00,26.83,72.52,82.51
2024-04-03 20:00:00,20.0,85.87,98.05
2024-04-03 20:15:00,21.58,81.61,84.89
2024-04-03 20:30:00,37.77,59.86,85.76
2024-04-03 20:45:00,24.85,90.0,80.01
2024-04-03 21:00:00,28.15,80.26,77.85
2024-04-03 21:15:00,33.28,68.11,75.67
2024-04-03 21:30:00,37.41,45.04,79.47
2024-04-03 21:45:00,29.0,37.05,77.91
2024-04-03 22:00:00,27.98,38.32,81.49
2024-04-03 22:15:00,30.36,46.0,81.18
2024-04-03 22:30:00,26.86,80.66,78.14
2024-04-03 22:45:00,27.13,67.31,84.35
2024-04-03 23:00:00,32.06,50.8,86.13
2024-04-03 23:15:00,30.93,57.96,86.17
2024-04-03 23:30:00,40.66,56.13,73.67
2024-04-03 23:45:00,32.19,72.0,93.7
2024-04-04 00:00:00,35.76,46.82,80.36
2024-04-04 00:15:00,24.64,65.25,76.07
2024-04-04 00:30:00,32.63,64.5,74.78
2024-04-04 00:45:00,26.39,47.27,87.63
2024-04-04 01:00:00,31.98,83.82,87.18
2024-04-04 01:15:00,33.44,55.57,86.72
2024-04-04 01:30:00,30.25,45.11,90.46
2024-04-04 01:45:00,42.04,72.79,76.76
2024-04-04 02:00:00,37.14,60.82,87.35
2024-04-04 02:15:00,35.89,66.13,91.65
2024-04-04 02:30:00,33.82,42.23,90.24
2024-04-04 02:45:00,38.82,72.19,79.42
2024-04-04 03:00:00,22.82,90.0,83.56
2024-04-04 03:15:00,36.85,41.06,81.63
2024-04-04 03:30:00,25.04,65.31,87.11
2024-04-04 03:45:00,27.18,48.22,73.64
2024-04-04 04:00:00,32.81,90.0,81.05
2024-04-04 04:15:00,36.17,78.59,69.94
2024-04-04 04:30:00,24.23,64.23,93.56
2024-04-04 04:45:00,27.44,41.58,75.54
2024-04-04 05:00:00,30.49,45.21,75.12
2024-04-04 05:15:00,29.07,71.19,77.11
2024-04-04 05:30:00,34.27,39.56,80.08
2024-04-04 05:45:00,45.0,40.03,76.81
2024-04-04 06:00:00,32.1,60.13,91.31
2024-04-04 06:15:00,26.32,62.0,74.65
2024-04-04 06:30:00,23.52,65.7,82.4
2024-04-04 06:45:00,28.37,53.41,100.0
2024-04-04 07:00:00,25.3,73.8,98.55
2024-04-04 07:15:00,32.34,47.07,91.63
2024-04-04 07:30:00,32.26,69.4,84.51
2024-04-04 07:45:00,27.68,63.21,90.67
2024-04-04 08:00:00,39.92,69.01,65.89
2024-04-04 08:15:00,26.32,77.73,81.6
2024-04-04 08:30:00,29.4,53.17,94.99
2024-04-04 08:45:00,33.2,50.08,67.39
2024-04-04 09:00:00,34.46,34.67,77.72
2024-04-04 09:15:00,36.39,30.0,86.53
2024-04-04 09:30:00,32.14,57.36,92.22
2024-04-04 09:45:00,35.25,58.39,74.08
2024-04-04 10:00:00,26.67,43.71,93.81
2024-04-04 10:15:00,34.59,46.93,88.1
2024-04-04 10:30:00,34.52,82.85,82.51
2024-04-04 10:45:00,37.56,73.14,96.61
2024-04-04 11:00:00,21.66,41.08,83.96
2024-04-04 11:15:00,25.46,53.36,79.26
2024-04-04 11:30:00,34.12,66.09,92.72
2024-04-04 11:45:00,20.0,50.6,75.79
2024-04-04 12:00:00,32.46,47.87,61.67
2024-04-04 12:15:00,35.3,54.93,97.9
2024-04-04 12:30:00,27.12,76.36,79.34
2024-04-04 12:45:00,27.85,77.72,97.54
2024-04-04 13:00:00,24.63,48.97,87.88
2024-04-04 13:15:00,27.39,66.91,95.08
2024-04-04 13:30:00,27.54,59.9,80.39
2024-04-04 13:45:00,26.59,44.88,91.61
2024-04-04 14:00:00,26.31,55.54,73.29
2024-04-04 14:15:00,28.64,41.04,81.07
2024-04-04 14:30:00,28.58,77.45,98.38
2024-04-04 14:45:00,39.37,83.29,90.13
2024-04-04 15:00:00,28.03,53.84,94.26
2024-04-04 15:15:00,31.72,50.26,96.75
2024-04-04 15:30:00,27.12,75.82,72.49
2024-04-04 15:45:00,27.05,78.24,83.11
2024-04-04 16:00:00,21.48,43.28,74.53
2024-04-04 16:15:00,22.14,57.78,89.61
2024-04-04 16:30:00,23.97,59.12,94.53
2024-04-04 16:45:00,30.92,48.44,96.75
2024-04-04 17:00:00,35.38,65.79,93.62
2024-04-04 17:15:00,21.07,49.5,82.39
2024-04-04 17:30:00,27.25,51.9,88.2
2024-04-04 17:45:00,23.17,58.48,75.5
2024-04-04 18:00:00,28.68,37.66,89.38
2024-04-04 18:15:00,35.38,30.0,76.8
2024-04-04 18:30:00,27.77,73.77,83.21
2024-04-04 18:45:00,29.76,48.9,79.96
2024-04-04 19:00:00,37.28,90.0,83.9
2024-04-04 19:15:00,32.29,89.58,93.69
2024-04-04 19:30:00,26.2,52.4,76.06
2024-04-04 19:45:00,30.79,90.0,86.19
2024-04-04 20:00:00,25.86,74.06,96.22
2024-04-04 20:15:00,32.1,50.32,100.0
2024-04-04 20:30:00,32.58,30.0,75.54
2024-04-04 20:45:00,23.16,70.32,92.46
2024-04-04 21:00:00,30.88,60.47,79.99
2024-04-04 21:15:00,29.41,66.47,69.32
2024-04-04 21:30:00,32.72,56.57,68.05
2024-04-04 21:45:00,34.16,42.84,83.66
2024-04-04 22:00:00,32.39,53.59,82.33
2024-04-04 22:15:00,28.48,70.6,85.73
2024-04-04 22:30:00,34.67,54.68,82.95
2024-04-04 22:45:00,25.63,54.59,79.17
2024-04-04 23:00:00,23.4,37.21,84.74
2024-04-04 23:15:00,20.0,61.37,84.66
2024-04-04 23:30:00,29.65,43.32,68.14
2024-04-04 23:45:00,25.89,73.78,85.13
2024-04-05 00:00:00,31.99,48.99,78.39
2024-04-05 00:15:00,20.14,55.56,80.97
2024-04-05 00:30:00,26.76,90.0,90.27
2024-04-05 00:45:00,32.35,55.4,82.26
2024-04-05 01:00:00,24.85,53.39,81.16
2024-04-05 01:15:00,32.05,68.78,71.13
2024-04-05 01:30:00,27.21,33.22,88.35
2024-04-05 01:45:00,29.84,78.76,69.35
2024-04-05 02:00:00,32.98,74.91,71.81
2024-04-05 02:15:00,34.76,67.87,66.59
2024-04-05 02:30:00,30.46,30.0,85.52
2024-04-05 02:45:00,25.93,56.11,87.58
2024-04-05 03:00:00,27.71,40.91,73.12
2024-04-05 03:15:00,33.18,76.86,78.16
2024-04-05 03:30:00,24.89,75.79,88.88
2024-04-05 03:45:00,29.11,65.82,74.35
2024-04-05 04:00:00,28.07,41.95,85.82
2024-04-05 04:15:00,29.48,82.41,100.0
2024-04-05 04:30:00,24.95,56.07,80.66
2024-04-05 04:45:00,20.74,87.08,78.25
2024-04-05 05:00:00,32.6,63.98,81.16
2024-04-05 05:15:00,34.82,67.6,88.52
2024-04-05 05:30:00,21.04,53.1,86.88
2024-04-05 05:45:00,31.84,81.1,81.55
2024-04-05 06:00:00,35.42,69.13,80.81
2024-04-05 06:15:00,32.98,81.64,83.22
2024-04-05 06:30:00,27.92,62.66,69.32
2024-04-05 06:45:00,25.28,59.29,77.14
2024-04-05 07:00:00,30.4,68.93,81.56
2024-04-05 07:15:00,31.24,81.64,81.72
2024-04-05 07:30:00,30.48,75.25,85.17
2024-04-05 07:45:00,29.1,62.07,90.42
2024-04-05 08:00:00,24.59,32.14,83.26
2024-04-05 08:15:00,32.11,72.16,97.11
2024-04-05 08:30:00,32.35,38.42,85.59
2024-04-05 08:45:00,31.0,60.53,78.22
2024-04-05 09:00:00,30.55,58.26,71.51
2024-04-05 09:15:00,38.4,38.73,83.86
2024-04-05 09:30:00,26.88,65.59,83.39
2024-04-05 09:45:00,36.41,90.0,95.08
2024-04-05 10:00:00,26.33,55.31,93.18
2024-04-05 10:15:00,35.54,71.49,71.26
2024-04-05 10:30:00,36.17,90.0,94.39
2024-04-05 10:45:00,28.53,72.94,99.01
2024-04-05 11:00:00,38.3,50.33,77.62
2024-04-05 11:15:00,32.35,63.56,82.97
2024-04-05 11:30:00,25.61,67.21,76.15
2024-04-05 11:45:00,28.13,81.51,87.87
2024-04-05 12:00:00,35.66,78.21,70.03
2024-04-05 12:15:00,34.62,30.0,81.79
2024-04-05 12:30:00,24.71,47.16,74.85
2024-04-05 12:45:00,29.3,58.95,75.16
2024-04-05 13:00:00,31.02,44.77,77.32
2024-04-05 13:15:00,27.46,30.0,95.27
2024-04-05 13:30:00,41.79,49.12,97.87
2024-04-05 13:45:00,31.17,59.95,84.85
2024-04-05 14:00:00,29.69,52.12,87.12
2024-04-05 14:15:00,35.95,45.05,99.72
2024-04-05 14:30:00,28.17,60.62,88.6
2024-04-05 14:45:00,35.04,65.15,93.13
2024-04-05 15:00:00,21.66,52.97,93.57
2024-04-05 15:15:00,27.73,80.58,92.94
2024-04-05 15:30:00,35.25,60.87,96.29
2024-04-05 15:45:00,37.85,46.93,81.7
2024-04-05 16:00:00,26.13,43.13,85.4
2024-04-05 16:15:00,25.55,56.81,75.48
2024-04-05 16:30:00,32.84,76.7,79.61
2024-04-05 16:45:00,26.88,47.64,86.15
2024-04-05 17:00:00,28.66,68.94,77.9
2024-04-05 17:15:00,34.38,61.42,74.27
2024-04-05 17:30:00,27.28,89.9,79.29
2024-04-05 17:45:00,20.17,65.85,73.32
2024-04-05 18:00:00,23.49,49.53,81.55
2024-04-05 18:15:00,30.05,71.05,62.11
2024-04-05 18:30:00,20.68,71.55,75.98
2024-04-05 18:45:00,28.51,54.04,91.24
2024-04-05 19:00:00,23.04,42.54,84.79
2024-04-05 19:15:00,38.2,68.04,88.89
2024-04-05 19:30:00,40.83,60.95,63.37
2024-04-05 19:45:00,24.71,37.25,71.65
2024-04-05 20:00:00,31.28,63.82,78.06
2024-04-05 20:15:00,25.2,50.45,66.87
2024-04-05 20:30:00,28.45,37.27,74.84
2024-04-05 20:45:00,39.02,54.72,77.63
2024-04-05 21:00:00,27.67,79.24,72.2
2024-04-05 21:15:00,28.57,78.12,87.76
2024-04-05 21:30:00,25.29,74.2,81.47
2024-04-05 21:45:00,35.73,64.04,74.43
2024-04-05 22:00:00,20.0,68.94,98.19
2024-04-05 22:15:00,27.79,61.48,92.38
2024-04-05 22:30:00,29.77,43.42,79.96
2024-04-05 22:45:00,26.69,46.42,82.14
2024-04-05 23:00:00,34.32,50.89,80.17
2024-04-05 23:15:00,36.01,81.02,76.98
2024-04-05 23:30:00,22.94,76.15,100.0
2024-04-05 23:45:00,40.47,43.8,71.51
2024-04-06 00:00:00,22.88,60.8,78.05
2024-04-06 00:15:00,36.44,53.96,92.25
2024-04-06 00:30:00,30.75,57.67,72.93
2024-04-06 00:45:00,27.48,51.96,87.9
2024-04-06 01:00:00,27.95,81.09,83.11
2024-04-06 01:15:00,29.83,59.72,79.49
2024-04-06 01:30:00,31.04,63.24,87.16
2024-04-06 01:45:00,25.4,63.36,85.29
2024-04-06 02:00:00,28.83,44.58,69.87
2024-04-06 02:15:00,26.15,61.63,77.87
2024-04-06 02:30:00,23.92,75.93,76.44
2024-04-06 02:45:00,25.91,82.09,82.92
2024-04-06 03:00:00,24.25,42.78,88.82
2024-04-06 03:15:00,27.9,37.22,95.68
2024-04-06 03:30:00,32.16,60.93,58.38
2024-04-06 03:45:00,30.6,76.64,84.89
2024-04-06 04:00:00,39.87,65.39,80.6
2024-04-06 04:15:00,20.0,70.2,84.48
2024-04-06 04:30:00,32.35,39.6,78.89
2024-04-06 04:45:00,30.03,51.42,73.35
2024-04-06 05:00:00,34.08,30.0,80.15
2024-04-06 05:15:00,33.58,57.86,77.49
2024-04-06 05:30:00,29.18,30.0,74.65
2024-04-06 05:45:00,30.86,79.99,75.58
2024-04-06 06:00:00,26.28,83.32,83.46
2024-04-06 06:15:00,33.07,62.11,94.67
2024-04-06 06:30:00,20.61,37.31,71.02
2024-04-06 06:45:00,33.88,65.64,75.66
2024-04-06 07:00:00,29.88,87.89,91.25
2024-04-06 07:15:00,27.56,67.14,71.25
2024-04-06 07:30:00,28.84,77.77,81.08
2024-04-06 07:45:00,29.2,52.72,73.6
2024-04-06 08:00:00,36.49,46.93,93.63
2024-04-06 08:15:00,45.0,58.94,81.61
2024-04-06 08:30:00,36.1,31.1,88.46
2024-04-06 08:45:00,27.17,90.0,93.91
2024-04-06 09:00:00,33.15,62.09,74.05
2024-04-06 09:15:00,33.37,73.0,88.71
2024-04-06 09:30:00,25.37,53.08,99.51
2024-04-06 09:45:00,23.7,36.85,65.35
2024-04-06 10:00:00,29.68,81.39,93.34
2024-04-06 10:15:00,34.04,43.14,94.74
2024-04-06 10:30:00,21.94,65.23,83.48
2024-04-06 10:45:00,26.4,66.65,61.07
2024-04-06 11:00:00,32.86,61.11,80.27
2024-04-06 11:15:00,30.21,48.23,84.39
2024-04-06 11:30:00,37.08,57.76,72.62
2024-04-06 11:45:00,22.94,45.75,78.2
2024-04-06 12:00:00,41.76,72.14,75.8
2024-04-06 12:15:00,22.31,68.57,68.78
2024-04-06 12:30:00,20.0,59.68,96.88
2024-04-06 12:45:00,29.71,51.47,95.43
2024-04-06 13:00:00,24.33,90.0,75.72
2024-04-06 13:15:00,29.81,40.47,64.59
2024-04-06 13:30:00,29.63,36.83,81.57
2024-04-06 13:45:00,29.02,58.77,72.84
2024-04-06 14:00:00,25.79,56.13,88.04
2024-04-06 14:15:00,32.16,76.46,84.75
2024-04-06 14:30:00,28.41,69.69,77.86
2024-04-06 14:45:00,35.52,60.44,86.95
2024-04-06 15:00:00,29.1,67.51,71.35
2024-04-06 15:15:00,25.18,67.23,88.35
2024-04-06 15:30:00,21.56,90.0,91.76
2024-04-06 15:45:00,29.14,63.8,72.41
2024-04-06 16:00:00,23.65,49.78,70.83
2024-04-06 16:15:00,23.25,62.98,79.35
2024-04-06 16:30:00,32.64,30.0,75.12
2024-04-06 16:45:00,21.11,59.51,87.67
2024-04-06 17:00:00,37.06,76.39,89.93
2024-04-06 17:15:00,30.8,69.03,75.96
2024-04-06 17:30:00,29.78,64.48,77.18
2024-04-06 17:45:00,24.83,69.74,61.75
2024-04-06 18:00:00,33.82,76.55,89.89
2024-04-06 18:15:00,29.99,81.38,77.6
2024-04-06 18:30:00,26.57,66.71,93.73
2024-04-06 18:45:00,31.0,55.26,72.99
2024-04-06 19:00:00,21.59,30.0,84.74
2024-04-06 19:15:00,21.82,74.67,91.47
2024-04-06 19:30:00,24.4,67.73,82.95
2024-04-06 19:45:00,31.75,62.29,89.45
2024-04-06 20:00:00,29.98,49.68,75.63
2024-04-06 20:15:00,35.24,74.48,88.12
2024-04-06 20:30:00,25.4,56.14,75.31
2024-04-06 20:45:00,32.87,59.48,69.39
2024-04-06 21:00:00,29.43,59.16,80.23
2024-04-06 21:15:00,25.28,66.75,90.48
2024-04-06 21:30:00,31.93,42.77,67.98
2024-04-06 21:45:00,29.67,68.44,98.74
2024-04-06 22:00:00,26.85,49.19,86.68
2024-04-06 22:15:00,30.21,49.71,75.36
2024-04-06 22:30:00,29.35,73.28,78.26
2024-04-06 22:45:00,29.23,45.07,80.88
2024-04-06 23:00:00,27.94,73.25,74.67
2024-04-06 23:15:00,23.48,61.52,65.86
2024-04-06 23:30:00,30.37,35.28,86.68
2024-04-06 23:45:00,25.99,80.47,84.02
2024-04-07 00:00:00,24.9,64.65,77.0
2024-04-07 00:15:00,28.8,65.91,81.31
2024-04-07 00:30:00,33.67,75.11,75.71
2024-04-07 00:45:00,30.93,82.49,71.27
2024-04-07 01:00:00,27.34,63.02,79.47
2024-04-07 01:15:00,27.14,69.26,96.5
2024-04-07 01:30:00,33.18,65.57,88.48
2024-04-07 01:45:00,20.0,54.86,72.85
2024-04-07 02:00:00,33.99,36.25,87.43
2024-04-07 02:15:00,20.63,63.22,81.63
2024-04-07 02:30:00,22.92,80.68,74.08
2024-04-07 02:45:00,27.43,68.75,97.86
2024-04-07 03:00:00,40.85,43.99,85.05
2024-04-07 03:15:00,38.39,76.46,79.26
2024-04-07 03:30:00,33.53,55.36,80.94
2024-04-07 03:45:00,31.78,30.0,88.1
2024-04-07 04:00:00,20.69,75.27,81.68
2024-04-07 04:15:00,30.78,45.82,79.71
2024-04-07 04:30:00,27.25,86.71,96.27
2024-04-07 04:45:00,25.92,77.22,91.95
2024-04-07 05:00:00,30.77,56.58,89.28
2024-04-07 05:15:00,27.64,66.89,69.31
2024-04-07 05:30:00,34.35,90.0,77.77
2024-04-07 05:45:00,20.32,75.0,93.42
2024-04-07 06:00:00,30.38,63.57,92.02
2024-04-07 06:15:00,25.6,90.0,92.9
2024-04-07 06:30:00,27.95,61.76,62.74
2024-04-07 06:45:00,31.52,68.73,94.81
2024-04-07 07:00:00,24.41,45.96,72.44
2024-04-07 07:15:00,30.82,34.88,75.58
2024-04-07 07:30:00,28.94,55.68,93.3
2024-04-07 07:45:00,26.7,60.58,88.65
2024-04-07 08:00:00,27.65,64.94,84.92
2024-04-07 08:15:00,29.23,38.7,93.67
2024-04-07 08:30:00,26.16,69.91,86.17
2024-04-07 08:45:00,30.04,47.54,80.06
2024-04-07 09:00:00,28.61,69.13,74.6
2024-04-07 09:15:00,26.94,74.02,86.85
2024-04-07 09:30:00,37.95,54.07,98.03
2024-04-07 09:45:00,32.08,45.54,89.89
2024-04-07 10:00:00,28.09,83.15,86.39
2024-04-07 10:15:00,30.73,73.09,87.33
2024-04-07 10:30:00,24.87,62.28,76.56
2024-04-07 10:45:00,27.82,82.03,71.34
2024-04-07 11:00:00,28.4,61.25,78.53
2024-04-07 11:15:00,23.77,50.69,81.96
2024-04-07 11:30:00,31.94,44.97,71.86
2024-04-07 11:45:00,27.47,58.38,79.44
2024-04-07 12:00:00,28.22,71.58,77.85
2024-04-07 12:15:00,27.16,80.85,89.71
2024-04-07 12:30:00,44.8,60.35,79.91
2024-04-07 12:45:00,26.69,78.2,87.36
2024-04-07 13:00:00,20.0,56.79,80.53
2024-04-07 13:15:00,22.0,48.28,82.89
2024-04-07 13:30:00,33.8,40.41,88.45
2024-04-07 13:45:00,36.68,52.41,75.0
2024-04-07 14:00:00,26.59,40.97,65.98
2024-04-07 14:15:00,36.39,90.0,79.94
2024-04-07 14:30:00,33.71,66.59,83.35
2024-04-07 14:45:00,29.05,58.57,77.16
2024-04-07 15:00:00,28.7,85.83,97.29
2024-04-07 15:15:00,30.9,40.47,90.76
2024-04-07 15:30:00,34.39,57.94,78.22
2024-04-07 15:45:00,31.99,90.0,73.95
2024-04-07 16:00:00,26.62,57.84,91.36
2024-04-07 16:15:00,29.13,90.0,93.27
2024-04-07 16:30:00,39.91,71.78,85.59
2024-04-07 16:45:00,31.26,79.59,98.06
2024-04-07 17:00:00,34.35,80.02,85.87
2024-04-07 17:15:00,32.7,60.02,74.42
2024-04-07 17:30:00,31.37,52.68,97.27
2024-04-07 17:45:00,30.54,58.27,91.5
2024-04-07 18:00:00,34.49,45.2,85.01
2024-04-07 18:15:00,33.59,59.01,85.41
2024-04-07 18:30:00,31.32,59.93,80.82
2024-04-07 18:45:00,26.53,85.34,66.08
2024-04-07 19:00:00,31.93,68.9,87.41
2024-04-07 19:15:00,29.66,90.0,67.08
2024-04-07 19:30:00,28.46,30.0,73.33
2024-04-07 19:45:00,43.39,41.74,77.02
2024-04-07 20:00:00,22.3,54.67,86.94
2024-04-07 20:15:00,34.79,82.39,94.58
2024-04-07 20:30:00,25.69,58.36,71.47
2024-04-07 20:45:00,30.66,37.98,78.84
2024-04-07 21:00:00,42.84,56.32,94.68
2024-04-07 21:15:00,25.19,42.04,93.52
2024-04-07 21:30:00,26.38,39.1,89.37
2024-04-07 21:45:00,29.91,89.98,95.45
2024-04-07 22:00:00,25.76,54.73,80.25
2024-04-07 22:15:00,34.42,62.6,90.57
2024-04-07 22:30:00,27.33,58.61,76.18
2024-04-07 22:45:00,33.27,56.23,79.52
2024-04-07 23:00:00,23.35,47.39,77.87
2024-04-07 23:15:00,20.97,55.34,92.15
2024-04-07 23:30:00,28.86,65.06,85.49
2024-04-07 23:45:00,22.16,81.28,83.57
2024-04-08 00:00:00,37.59,74.21,84.24
2024-04-08 00:15:00,22.35,41.71,99.36
2024-04-08 00:30:00,24.81,74.83,62.53
2024-04-08 00:45:00,32.07,67.13,78.92
2024-04-08 01:00:00,27.07,50.63,78.98
2024-04-08 01:15:00,22.41,62.73,77.3
2024-04-08 01:30:00,40.2,68.58,96.89
2024-04-08 01:45:00,24.99,60.71,76.92
2024-04-08 02:00:00,29.02,67.2,76.8
2024-04-08 02:15:00,28.95,47.06,87.83
2024-04-08 02:30:00,33.55,89.89,74.87
2024-04-08 02:45:00,32.31,31.06,81.05
2024-04-08 03:00:00,25.87,68.67,74.42
2024-04-08 03:15:00,28.37,65.5,71.83
2024-04-08 03:30:00,28.87,69.64,88.43
2024-04-08 03:45:00,33.74,49.37,70.25
2024-04-08 04:00:00,24.16,77.54,89.51
2024-04-08 04:15:00,40.09,58.38,85.14
2024-04-08 04:30:00,26.2,42.21,81.65
2024-04-08 04:45:00,29.96,43.58,86.41
2024-04-08 05:00:00,24.2,61.87,70.61
2024-04-08 05:15:00,23.51,36.05,85.16
2024-04-08 05:30:00,25.63,87.01,81.9
2024-04-08 05:45:00,25.15,75.73,93.61
2024-04-08 06:00:00,27.93,87.4,86.59
2024-04-08 06:15:00,25.11,85.82,87.31
2024-04-08 06:30:00,33.48,54.72,68.48
2024-04-08 06:45:00,26.09,46.96,83.43
2024-04-08 07:00:00,25.53,30.0,83.63
2024-04-08 07:15:00,28.04,53.91,87.41
2024-04-08 07:30:00,34.96,86.48,82.81
2024-04-08 07:45:00,31.07,47.58,69.78
2024-04-08 08:00:00,29.5,56.85,83.67
2024-04-08 08:15:00,22.83,51.68,97.28
2024-04-08 08:30:00,24.29,65.62,76.55
2024-04-08 08:45:00,23.61,79.29,83.95
2024-04-08 09:00:00,36.53,36.91,83.06
2024-04-08 09:15:00,32.65,39.78,87.93
2024-04-08 09:30:00,25.69,82.3,93.28
2024-04-08 09:45:00,27.18,71.0,85.64
2024-04-08 10:00:00,25.87,56.11,69.14
2024-04-08 10:15:00,25.57,85.61,81.16
2024-04-08 10:30:00,32.3,39.52,86.2
2024-04-08 10:45:00,28.56,73.97,69.38
2024-04-08 11:00:00,40.41,58.98,95.29
2024-04-08 11:15:00,36.25,69.1,87.58
2024-04-08 11:30:00,36.55,30.0,84.49
2024-04-08 11:45:00,33.36,56.09,70.02
2024-04-08 12:00:00,27.89,71.05,76.55
2024-04-08 12:15:00,32.99,59.05,90.91
2024-04-08 12:30:00,28.26,78.83,82.98
2024-04-08 12:45:00,38.15,78.33,62.32
2024-04-08 13:00:00,32.02,45.62,68.33
2024-04-08 13:15:00,31.31,72.36,95.26
2024-04-08 13:30:00,30.64,45.11,88.7
2024-04-08 13:45:00,38.7,60.81,76.75
2024-04-08 14:00:00,22.83,69.84,75.41
2024-04-08 14:15:00,39.19,47.47,84.51
2024-04-08 14:30:00,29.07,71.8,74.38
2024-04-08 14:45:00,22.97,52.42,94.37
2024-04-08 15:00:00,26.24,51.29,79.27
2024-04-08 15:15:00,21.75,70.6,74.91
2024-04-08 15:30:00,33.27,47.46,74.67
2024-04-08 15:45:00,24.81,46.7,67.71
2024-04-08 16:00:00,30.84,75.62,81.9
2024-04-08 16:15:00,35.67,61.63,95.81
2024-04-08 16:30:00,26.64,38.19,77.75
2024-04-08 16:45:00,28.66,72.83,81.61
2024-04-08 17:00:00,23.48,53.9,69.67
2024-04-08 17:15:00,28.06,38.95,84.1
2024-04-08 17:30:00,42.87,30.0,82.78
2024-04-08 17:45:00,33.89,73.55,87.09
2024-04-08 18:00:00,28.68,47.1,72.12
2024-04-08 18:15:00,26.94,41.34,93.28
2024-04-08 18:30:00,29.79,69.59,70.82
2024-04-08 18:45:00,30.65,72.09,64.73
2024-04-08 19:00:00,27.9,48.19,80.86
2024-04-08 19:15:00,32.65,73.69,86.18
2024-04-08 19:30:00,25.23,90.0,70.38
2024-04-08 19:45:00,25.21,80.2,71.6
2024-04-08 20:00:00,31.85,77.87,74.58
2024-04-08 20:15:00,24.16,64.71,80.82
2024-04-08 20:30:00,33.65,53.34,70.94
2024-04-08 20:45:00,29.93,59.16,85.62
2024-04-08 21:00:00,20.86,66.61,91.73
2024-04-08 21:15:00,30.55,41.14,76.26
2024-04-08 21:30:00,21.57,48.46,74.86
2024-04-08 21:45:00,33.47,38.58,78.62
2024-04-08 22:00:00,28.76,63.53,81.95
2024-04-08 22:15:00,39.26,61.25,85.11
2024-04-08 22:30:00,35.36,50.21,79.26
2024-04-08 22:45:00,24.7,72.31,90.32
2024-04-08 23:00:00,20.0,44.33,74.74
2024-04-08 23:15:00,26.22,49.65,81.91
2024-04-08 23:30:00,23.89,71.71,100.0
2024-04-08 23:45:00,39.13,73.93,84.8
2024-04-09 00:00:00,29.95,48.06,88.07
2024-04-09 00:15:00,34.67,63.48,88.64
2024-04-09 00:30:00,28.57,48.32,89.44
2024-04-09 00:45:00,29.1,57.04,70.18
2024-04-09 01:00:00,29.84,62.16,87.69
2024-04-09 01:15:00,35.53,68.41,74.94
2024-04-09 01:30:00,31.56,64.76,91.57
2024-04-09 01:45:00,24.71,64.1,81.93
2024-04-09 02:00:00,38.11,43.82,69.95
2024-04-09 02:15:00,28.54,65.82,87.65
2024-04-09 02:30:00,27.72,68.27,69.12
2024-04-09 02:45:00,20.0,70.33,87.81
2024-04-09 03:00:00,33.17,49.21,84.45
2024-04-09 03:15:00,30.51,73.73,88.82
2024-04-09 03:30:00,30.5,40.24,89.21
2024-04-09 03:45:00,27.99,53.54,85.49
2024-04-09 04:00:00,27.12,55.87,86.61
2024-04-09 04:15:00,28.15,41.06,83.72
2024-04-09 04:30:00,32.32,55.64,89.72
2024-04-09 04:45:00,33.2,63.32,83.34
2024-04-09 05:00:00,28.84,32.61,74.98
2024-04-09 05:15:00,34.74,54.08,80.8
2024-04-09 05:30:00,29.61,33.77,81.61
2024-04-09 05:45:00,27.48,90.0,80.48
2024-04-09 06:00:00,30.99,63.19,92.07
2024-04-09 06:15:00,23.2,61.89,68.32
2024-04-09 06:30:00,31.16,63.48,74.1
2024-04-09 06:45:00,22.29,69.07,94.87
2024-04-09 07:00:00,24.86,74.67,69.32
2024-04-09 07:15:00,20.0,36.55,87.16
2024-04-09 07:30:00,29.12,79.65,88.34
2024-04-09 07:45:00,38.05,78.69,89.17
2024-04-09 08:00:00,29.41,59.0,75.1
2024-04-09 08:15:00,33.22,58.22,85.8
2024-04-09 08:30:00,41.76,30.0,99.03
2024-04-09 08:45:00,32.02,41.34,90.69
2024-04-09 09:00:00,26.17,67.78,85.94
2024-04-09 09:15:00,26.86,78.01,86.93
2024-04-09 09:30:00,30.0,70.93,73.15
2024-04-09 09:45:00,26.84,58.86,100.0
2024-04-09 10:00:00,27.21,88.89,73.71
2024-04-09 10:15:00,34.93,75.08,75.44
2024-04-09 10:30:00,35.13,54.09,75.88
2024-04-09 10:45:00,21.77,90.0,86.35
2024-04-09 11:00:00,25.91,43.56,89.94
2024-04-09 11:15:00,27.68,37.92,84.18
2024-04-09 11:30:00,33.0,53.68,66.23
2024-04-09 11:45:00,35.72,48.62,78.87
2024-04-09 12:00:00,43.51,54.53,77.35
2024-04-09 12:15:00,27.67,71.97,93.96
2024-04-09 12:30:00,27.92,59.49,74.24
2024-04-09 12:45:00,32.94,59.88,89.34
2024-04-09 13:00:00,26.59,60.88,70.21
2024-04-09 13:15:00,29.3,30.0,89.15
2024-04-09 13:30:00,27.92,37.27,87.16
2024-04-09 13:45:00,20.0,54.22,92.07
2024-04-09 14:00:00,30.62,47.36,84.2
2024-04-09 14:15:00,29.09,56.52,87.37
2024-04-09 14:30:00,36.36,81.06,78.43
2024-04-09 14:45:00,30.03,58.88,84.53
2024-04-09 15:00:00,23.73,40.17,82.95
2024-04-09 15:15:00,28.71,48.1,88.2
2024-04-09 15:30:00,20.0,85.66,75.24
2024-04-09 15:45:00,23.95,82.99,76.32
2024-04-09 16:00:00,33.18,68.94,83.29
2024-04-09 16:15:00,28.76,36.56,88.73
2024-04-09 16:30:00,34.61,64.6,93.18
2024-04-09 16:45:00,20.17,65.76,70.98
2024-04-09 17:00:00,28.79,60.38,88.85
2024-04-09 17:15:00,27.62,51.45,66.65
2024-04-09 17:30:00,34.78,54.56,76.18
2024-04-09 17:45:00,33.36,50.4,88.99
2024-04-09 18:00:00,33.21,42.82,72.95
2024-04-09 18:15:00,37.71,80.49,81.35
2024-04-09 18:30:00,28.16,73.23,69.85
2024-04-09 18:45:00,36.68,55.73,75.24
2024-04-09 19:00:00,24.78,65.28,78.87
2024-04-09 19:15:00,24.6,65.85,74.09
2024-04-09 19:30:00,33.76,90.0,85.66
2024-04-09 19:45:00,22.48,73.09,100.0
2024-04-09 20:00:00,32.86,72.52,65.05
2024-04-09 20:15:00,30.51,60.57,97.13
2024-04-09 20:30:00,35.36,53.48,94.43
2024-04-09 20:45:00,29.7,80.74,76.39
2024-04-09 21:00:00,30.28,69.78,86.76
2024-04-09 21:15:00,32.55,47.56,83.72
2024-04-09 21:30:00,26.69,66.81,88.05
2024-04-09 21:45:00,26.47,72.56,86.83
2024-04-09 22:00:00,32.37,30.0,80.26
2024-04-09 22:15:00,29.85,46.16,68.24
2024-04-09 22:30:00,27.96,65.44,87.77
2024-04-09 22:45:00,29.59,31.13,89.69
2024-04-09 23:00:00,37.97,33.51,72.49
2024-04-09 23:15:00,27.78,55.94,76.36
2024-04-09 23:30:00,27.64,67.37,86.58
2024-04-09 23:45:00,21.46,68.07,81.27
2024-04-10 00:00:00,29.79,83.74,76.93
2024-04-10 00:15:00,33.28,61.23,68.98
2024-04-10 00:30:00,34.18,54.41,88.5
2024-04-10 00:45:00,30.54,40.39,88.76
2024-04-10 01:00:00,34.78,54.23,73.26
2024-04-10 01:15:00,33.66,70.61,80.09
2024-04-10 01:30:00,35.56,71.29,73.17
2024-04-10 01:45:00,34.92,63.97,87.04
2024-04-10 02:00:00,37.85,68.21,92.39
2024-04-10 02:15:00,29.15,79.15,89.83
2024-04-10 02:30:00,23.36,61.13,90.39
2024-04-10 02:45:00,33.32,80.51,90.64
2024-04-10 03:00:00,33.9,49.1,94.07
2024-04-10 03:15:00,37.85,58.9,71.15
2024-04-10 03:30:00,36.41,52.79,75.85
2024-04-10 03:45:00,39.73,71.89,89.37
2024-04-10 04:00:00,33.1,44.78,94.42
2024-04-10 04:15:00,31.14,55.17,94.65
2024-04-10 04:30:00,23.08,32.1,85.74
2024-04-10 04:45:00,31.54,68.92,95.37
2024-04-10 05:00:00,27.24,78.7,82.1
2024-04-10 05:15:00,31.06,73.66,76.96
2024-04-10 05:30:00,30.27,72.19,81.85
2024-04-10 05:45:00,32.36,72.59,65.27
2024-04-10 06:00:00,29.51,70.5,64.57
2024-04-10 06:15:00,34.68,69.22,68.71
2024-04-10 06:30:00,20.0,70.18,77.38
2024-04-10 06:45:00,30.95,50.16,93.55
2024-04-10 07:00:00,36.01,57.0,93.04
2024-04-10 07:15:00,39.35,61.05,96.16
2024-04-10 07:30:00,33.66,54.96,95.3
2024-04-10 07:45:00,38.42,36.51,93.83
2024-04-10 08:00:00,30.84,41.47,94.92
2024-04-10 08:15:00,30.01,63.45,77.65
2024-04-10 08:30:00,32.65,73.59,74.17
2024-04-10 08:45:00,29.98,60.14,96.79
2024-04-10 09:00:00,26.09,90.0,75.93
2024-04-10 09:15:00,27.42,46.2,87.49
2024-04-10 09:30:00,24.44,66.67,89.53
2024-04-10 09:45:00,32.64,79.37,76.87
2024-04-10 10:00:00,30.06,75.99,74.97
2024-04-10 10:15:00,28.2,69.83,100.0
2024-04-10 10:30:00,27.17,76.05,90.4
2024-04-10 10:45:00,32.53,60.83,79.69
2024-04-10 11:00:00,33.9,84.94,80.57
2024-04-10 11:15:00,24.35,79.25,70.32
2024-04-10 11:30:00,23.56,47.22,85.42
2024-04-10 11:45:00,34.77,64.82,93.28
2024-04-10 12:00:00,23.12,36.79,83.43
2024-04-10 12:15:00,32.74,82.83,85.2
2024-04-10 12:30:00,38.08,63.36,82.93
2024-04-10 12:45:00,38.1,80.23,91.61
2024-04-10 13:00:00,33.69,58.36,92.0
2024-04-10 13:15:00,33.54,32.16,100.0
2024-04-10 13:30:00,41.26,90.0,93.03
2024-04-10 13:45:00,20.0,61.97,87.99
2024-04-10 14:00:00,27.68,45.0,83.09
2024-04-10 14:15:00,34.24,77.19,85.86
2024-04-10 14:30:00,28.31,90.0,71.42
2024-04-10 14:45:00,36.2,56.96,78.13
2024-04-10 15:00:00,29.8,58.51,69.89
2024-04-10 15:15:00,30.66,63.57,84.53
2024-04-10 15:30:00,28.63,43.34,77.2
2024-04-10 15:45:00,27.39,49.64,73.4
2024-04-10 16:00:00,27.26,86.73,70.72
2024-04-10 16:15:00,31.36,58.02,74.73
2024-04-10 16:30:00,26.13,47.44,89.46
2024-04-10 16:45:00,34.77,53.22,94.19
2024-04-10 17:00:00,33.27,76.09,75.54
2024-04-10 17:15:00,35.5,30.36,92.73
2024-04-10 17:30:00,24.36,63.82,71.71
2024-04-10 17:45:00,21.5,90.0,89.45
2024-04-10 18:00:00,29.98,90.0,78.27
2024-04-10 18:15:00,44.49,68.6,82.53
2024-04-10 18:30:00,36.33,79.75,70.92
2024-04-10 18:45:00,27.23,79.6,65.53
2024-04-10 19:00:00,32.12,58.11,80.79
2024-04-10 19:15:00,33.64,73.87,84.86
2024-04-10 19:30:00,23.16,86.83,78.71
2024-04-10 19:45:00,36.85,41.04,90.02
2024-04-10 20:00:00,29.16,68.65,90.06
2024-04-10 20:15:00,29.55,65.42,74.43
2024-04-10 20:30:00,30.12,61.55,76.99
2024-04-10 20:45:00,35.72,60.22,84.35
2024-04-10 21:00:00,26.22,63.48,94.6
2024-04-10 21:15:00,21.47,64.73,80.82
2024-04-10 21:30:00,31.61,76.78,69.23
2024-04-10 21:45:00,20.0,67.15,79.79
2024-04-10 22:00:00,28.49,57.33,81.8
2024-04-10 22:15:00,35.93,47.4,83.27
2024-04-10 22:30:00,32.9,52.91,83.93
2024-04-10 22:45:00,35.21,63.92,88.63
2024-04-10 23:00:00,33.1,49.41,76.47
2024-04-10 23:15:00,42.05,74.19,85.25
2024-04-10 23:30:00,27.06,66.45,66.05
2024-04-10 23:45:00,31.99,77.15,79.55
2024-04-11 00:00:00,27.81,50.42,95.06
2024-04-11 00:15:00,34.78,47.53,92.56
2024-04-11 00:30:00,29.69,77.04,87.87
2024-04-11 00:45:00,38.59,61.95,66.2
2024-04-11 01:00:00,27.35,56.96,95.37
2024-04-11 01:15:00,37.04,70.48,87.26
2024-04-11 01:30:00,32.97,69.92,66.95
2024-04-11 01:45:00,29.84,41.16,88.59
2024-04-11 02:00:00,32.71,80.77,88.89
2024-04-11 02:15:00,31.31,53.84,81.67
2024-04-11 02:30:00,31.78,85.5,74.55
2024-04-11 02:45:00,28.97,40.0,77.81
2024-04-11 03:00:00,26.49,64.76,89.62
2024-04-11 03:15:00,28.32,57.22,77.37
2024-04-11 03:30:00,21.58,30.37,92.58
2024-04-11 03:45:00,34.21,69.87,82.52
2024-04-11 04:00:00,23.82,31.14,85.29
2024-04-11 04:15:00,28.91,55.62,87.85
2024-04-11 04:30:00,33.24,76.56,88.39
2024-04-11 04:45:00,34.2,52.05,81.44
2024-04-11 05:00:00,21.13,46.44,78.67
2024-04-11 05:15:00,29.54,72.01,78.57
2024-04-11 05:30:00,32.3,56.26,79.89
2024-04-11 05:45:00,30.26,53.92,70.1
2024-04-11 06:00:00,36.72,79.12,86.83
2024-04-11 06:15:00,25.89,42.49,80.88
2024-04-11 06:30:00,20.0,53.11,92.07
2024-04-11 06:45:00,34.05,73.0,88.54
2024-04-11 07:00:00,27.31,41.52,85.87
2024-04-11 07:15:00,21.21,86.63,65.81
2024-04-11 07:30:00,29.21,56.75,76.75
2024-04-11 07:45:00,36.15,73.12,73.64
2024-04-11 08:00:00,23.68,73.09,88.59
2024-04-11 08:15:00,41.68,57.72,95.92
2024-04-11 08:30:00,25.81,52.81,97.61
2024-04-11 08:45:00,30.44,59.36,84.11
2024-04-11 09:00:00,23.9,70.69,91.05
2024-04-11 09:15:00,30.21,45.2,77.87
2024-04-11 09:30:00,29.33,41.95,71.96
2024-04-11 09:45:00,22.55,82.26,87.58
2024-04-11 10:00:00,44.13,48.98,86.56
2024-04-11 10:15:00,27.52,65.31,75.18
2024-04-11 10:30:00,27.53,56.97,92.85
2024-04-11 10:45:00,34.85,57.63,86.29
2024-04-11 11:00:00,39.07,81.46,69.44
2024-04-11 11:15:00,35.63,58.72,81.4
2024-04-11 11:30:00,23.99,54.65,96.9
2024-04-11 11:45:00,31.07,55.95,73.04
2024-04-11 12:00:00,20.59,52.45,94.84
2024-04-11 12:15:00,34.51,49.95,89.78
2024-04-11 12:30:00,21.82,52.51,83.86
2024-04-11 12:45:00,25.98,84.95,76.32
2024-04-11 13:00:00,29.98,70.67,68.49
2024-04-11 13:15:00,32.23,54.82,67.68
2024-04-11 13:30:00,28.7,74.72,79.57
2024-04-11 13:45:00,37.6,36.19,85.24
2024-04-11 14:00:00,33.62,80.64,93.62
2024-04-11 14:15:00,33.22,79.43,72.04
2024-04-11 14:30:00,23.85,90.0,77.53
2024-04-11 14:45:00,38.5,75.17,72.8
2024-04-11 15:00:00,25.98,66.56,84.24
2024-04-11 15:15:00,38.69,79.37,87.23
2024-04-11 15:30:00,40.11,50.61,89.1
2024-04-11 15:45:00,32.56,54.07,84.37
2024-04-11 16:00:00,35.16,59.04,68.32
2024-04-11 16:15:00,20.0,80.53,85.1
2024-04-11 16:30:00,29.02,47.16,68.13
2024-04-11 16:45:00,35.51,45.57,92.11
2024-04-11 17:00:00,34.62,63.55,96.73
2024-04-11 17:15:00,23.9,70.76,70.29
2024-04-11 17:30:00,28.53,49.45,82.07
2024-04-11 17:45:00,20.0,70.06,93.65
2024-04-11 18:00:00,32.06,80.53,81.92
2024-04-11 18:15:00,20.58,78.01,79.01
2024-04-11 18:30:00,35.65,65.3,95.46
2024-04-11 18:45:00,35.91,58.64,80.73
2024-04-11 19:00:00,27.63,86.03,88.44
2024-04-11 19:15:00,32.61,60.23,66.25
2024-04-11 19:30:00,28.91,74.11,71.19
2024-04-11 19:45:00,31.21,89.37,96.27
2024-04-11 20:00:00,24.26,72.53,86.47
2024-04-11 20:15:00,33.11,45.04,74.3
2024-04-11 20:30:00,21.79,41.41,69.2
2024-04-11 20:45:00,20.85,55.54,89.07
2024-04-11 21:00:00,29.39,70.64,75.89
2024-04-11 21:15:00,28.94,66.67,87.2
2024-04-11 21:30:00,31.36,90.0,71.19
2024-04-11 21:45:00,26.75,66.53,87.7
2024-04-11 22:00:00,39.43,55.09,85.48
2024-04-11 22:15:00,30.8,43.0,72.08
2024-04-11 22:30:00,31.16,77.71,81.05
2024-04-11 22:45:00,30.99,59.91,82.62
2024-04-11 23:00:00,35.01,37.41,87.64
2024-04-11 23:15:00,32.88,60.33,85.49
2024-04-11 23:30:00,32.21,45.06,89.01
2024-04-11 23:45:00,33.68,53.62,74.01
2024-04-12 00:00:00,20.88,60.09,68.67
2024-04-12 00:15:00,21.07,46.42,87.44
2024-04-12 00:30:00,29.62,52.69,66.37
2024-04-12 00:45:00,29.01,48.84,96.64
2024-04-12 01:00:00,32.9,49.24,70.25
2024-04-12 01:15:00,30.1,44.88,76.76
2024-04-12 01:30:00,32.91,52.76,81.2
2024-04-12 01:45:00,23.77,46.58,78.18
2024-04-12 02:00:00,29.95,68.8,90.85
2024-04-12 02:15:00,23.29,63.01,78.48
2024-04-12 02:30:00,31.93,77.92,95.44
2024-04-12 02:45:00,20.61,88.3,75.73
2024-04-12 03:00:00,31.74,70.16,81.11
2024-04-12 03:15:00,22.66,66.74,74.17
2024-04-12 03:30:00,28.08,71.11,91.87
2024-04-12 03:45:00,34.47,67.0,70.17
2024-04-12 04:00:00,31.14,60.75,89.71
2024-04-12 04:15:00,21.77,59.56,92.69
2024-04-12 04:30:00,26.64,44.67,86.06
2024-04-12 04:45:00,22.49,72.58,76.78
2024-04-12 05:00:00,21.53,59.53,74.05
2024-04-12 05:15:00,30.59,81.74,59.84
2024-04-12 05:30:00,32.8,73.73,97.43
2024-04-12 05:45:00,32.2,50.61,93.32
2024-04-12 06:00:00,33.01,78.7,67.93
2024-04-12 06:15:00,29.94,30.0,76.3
2024-04-12 06:30:00,28.63,88.95,87.63
2024-04-12 06:45:00,24.63,39.92,81.38
2024-04-12 07:00:00,27.8,67.43,79.5
2024-04-12 07:15:00,23.39,66.41,78.55
2024-04-12 07:30:00,25.77,76.86,74.9
2024-04-12 07:45:00,30.44,55.07,92.61
2024-04-12 08:00:00,29.41,30.0,72.15
2024-04-12 08:15:00,45.0,55.09,79.11
2024-04-12 08:30:00,23.27,56.71,90.89
2024-04-12 08:45:00,29.37,30.0,86.31
2024-04-12 09:00:00,22.88,60.68,84.15
2024-04-12 09:15:00,28.06,43.86,88.52
2024-04-12 09:30:00,28.26,69.74,69.19
2024-04-12 09:45:00,34.22,56.31,71.12
2024-04-12 10:00:00,27.75,89.42,74.34
2024-04-12 10:15:00,29.04,56.16,79.62
2024-04-12 10:30:00,27.85,66.46,90.64
2024-04-12 10:45:00,22.99,56.8,75.81
2024-04-12 11:00:00,26.74,35.65,87.69
2024-04-12 11:15:00,28.09,56.93,89.86
2024-04-12 11:30:00,30.37,71.3,76.27
2024-04-12 11:45:00,32.79,69.03,67.62
2024-04-12 12:00:00,28.83,55.6,89.86
2024-04-12 12:15:00,28.74,38.15,100.0
2024-04-12 12:30:00,21.4,69.67,91.18
2024-04-12 12:45:00,32.7,66.29,95.04
2024-04-12 13:00:00,26.52,72.65,93.12
2024-04-12 13:15:00,33.74,55.89,97.23
2024-04-12 13:30:00,36.58,34.73,88.13
2024-04-12 13:45:00,29.06,68.01,87.23
2024-04-12 14:00:00,24.88,59.86,93.66
2024-04-12 14:15:00,29.92,80.88,94.34
2024-04-12 14:30:00,31.74,60.43,86.5
2024-04-12 14:45:00,28.42,59.32,74.21
2024-04-12 15:00:00,27.18,66.26,97.95
2024-04-12 15:15:00,32.82,51.05,79.26
2024-04-12 15:30:00,32.49,50.32,87.04
2024-04-12 15:45:00,28.27,58.53,93.15
2024-04-12 16:00:00,21.73,46.19,80.7
2024-04-12 16:15:00,32.28,56.56,74.59
2024-04-12 16:30:00,26.16,89.09,71.66
2024-04-12 16:45:00,31.07,75.64,74.67
2024-04-12 17:00:00,30.76,64.62,82.24
2024-04-12 17:15:00,20.56,83.28,78.99
2024-04-12 17:30:00,30.41,47.63,87.35
2024-04-12 17:45:00,32.57,90.0,88.0
2024-04-12 18:00:00,33.19,53.09,79.03
2024-04-12 18:15:00,30.59,90.0,62.94
2024-04-12 18:30:00,20.11,89.99,71.09
2024-04-12 18:45:00,36.39,33.7,89.09
2024-04-12 19:00:00,32.06,82.01,81.77
2024-04-12 19:15:00,23.98,55.74,67.56
2024-04-12 19:30:00,26.06,51.48,74.52
2024-04-12 19:45:00,31.16,67.87,94.3
2024-04-12 20:00:00,33.4,44.88,85.14
2024-04-12 20:15:00,27.56,67.53,74.71
2024-04-12 20:30:00,34.13,45.89,85.43
2024-04-12 20:45:00,21.04,62.66,88.39
2024-04-12 21:00:00,24.79,80.03,89.73
2024-04-12 21:15:00,20.0,65.8,86.0
2024-04-12 21:30:00,25.51,54.6,82.64
2024-04-12 21:45:00,37.54,68.12,69.91
2024-04-12 22:00:00,40.29,38.9,80.33
2024-04-12 22:15:00,31.17,47.42,82.04
2024-04-12 22:30:00,26.81,53.55,78.79
2024-04-12 22:45:00,28.89,71.8,70.88
2024-04-12 23:00:00,32.37,66.09,82.25
2024-04-12 23:15:00,22.19,68.03,97.55
2024-04-12 23:30:00,27.14,59.59,74.32
2024-04-12 23:45:00,37.17,48.18,92.2
2024-04-13 00:00:00,24.77,82.32,66.97
2024-04-13 00:15:00,26.25,49.53,88.49
2024-04-13 00:30:00,30.07,66.29,91.15
2024-04-13 00:45:00,31.42,58.32,88.67
2024-04-13 01:00:00,26.87,68.44,98.8
2024-04-13 01:15:00,30.38,50.92,100.0
2024-04-13 01:30:00,33.04,75.79,96.2
2024-04-13 01:45:00,39.81,80.67,80.16
2024-04-13 02:00:00,29.37,74.87,87.66
2024-04-13 02:15:00,29.79,62.36,69.68
2024-04-13 02:30:00,37.64,53.47,62.28
2024-04-13 02:45:00,27.25,90.0,80.06
2024-04-13 03:00:00,23.38,45.13,61.32
2024-04-13 03:15:00,31.25,73.22,91.64
2024-04-13 03:30:00,35.38,64.99,74.78
2024-04-13 03:45:00,31.81,59.06,64.23
2024-04-13 04:00:00,29.51,62.78,71.61
2024-04-13 04:15:00,22.76,52.35,64.09
2024-04-13 04:30:00,29.71,66.41,73.52
2024-04-13 04:45:00,36.17,64.75,80.42
2024-04-13 05:00:00,23.83,90.0,82.28
2024-04-13 05:15:00,28.78,76.06,90.88
2024-04-13 05:30:00,28.06,67.74,88.14
2024-04-13 05:45:00,26.51,68.63,85.58
2024-04-13 06:00:00,31.24,87.59,98.43
2024-04-13 06:15:00,32.22,45.44,73.41
2024-04-13 06:30:00,32.16,57.26,68.77
2024-04-13 06:45:00,25.12,31.39,100.0
2024-04-13 07:00:00,21.77,68.38,78.38
2024-04-13 07:15:00,31.31,72.72,71.61
2024-04-13 07:30:00,27.47,45.07,78.67
2024-04-13 07:45:00,39.19,81.53,69.05
2024-04-13 08:00:00,39.42,49.22,61.08
2024-04-13 08:15:00,39.95,54.86,78.8
2024-04-13 08:30:00,25.3,61.79,82.25
2024-04-13 08:45:00,32.85,83.91,78.49
2024-04-13 09:00:00,34.35,47.13,88.08
2024-04-13 09:15:00,33.79,64.37,75.73
2024-04-13 09:30:00,28.23,71.62,74.39
2024-04-13 09:45:00,36.4,68.53,82.05
2024-04-13 10:00:00,30.0,69.08,89.86
2024-04-13 10:15:00,30.64,71.42,84.92
2024-04-13 10:30:00,22.31,51.68,91.5
2024-04-13 10:45:00,33.22,85.32,72.64
2024-04-13 11:00:00,28.7,58.33,71.05
2024-04-13 11:15:00,32.32,56.34,68.08
2024-04-13 11:30:00,31.18,80.21,88.65
2024-04-13 11:45:00,30.9,50.54,80.78
2024-04-13 12:00:00,29.77,64.8,97.32
2024-04-13 12:15:00,33.93,49.16,73.46
2024-04-13 12:30:00,29.01,90.0,72.83
2024-04-13 12:45:00,22.72,90.0,84.84
2024-04-13 13:00:00,32.84,58.35,79.38
2024-04-13 13:15:00,25.95,67.8,81.06
2024-04-13 13:30:00,23.38,60.08,79.28
2024-04-13 13:45:00,24.89,54.77,80.21
2024-04-13 14:00:00,31.42,61.79,92.21
2024-04-13 14:15:00,29.52,59.39,76.02
2024-04-13 14:30:00,20.0,37.19,92.36
2024-04-13 14:45:00,28.08,63.95,87.84
2024-04-13 15:00:00,35.85,59.37,87.8
2024-04-13 15:15:00,27.74,64.68,77.21
2024-04-13 15:30:00,29.17,58.84,76.03
2024-04-13 15:45:00,35.21,54.59,81.12
2024-04-13 16:00:00,33.98,73.12,95.5
2024-04-13 16:15:00,35.11,68.0,94.01
2024-04-13 16:30:00,20.0,80.94,75.52
2024-04-13 16:45:00,38.67,67.42,97.8
2024-04-13 17:00:00,33.18,57.04,75.15
2024-04-13 17:15:00,42.31,69.25,85.35
2024-04-13 17:30:00,26.09,30.29,77.11
2024-04-13 17:45:00,21.18,90.0,74.71
2024-04-13 18:00:00,30.04,64.12,89.06
2024-04-13 18:15:00,28.62,90.0,83.77
2024-04-13 18:30:00,33.27,46.96,91.21
2024-04-13 18:45:00,35.37,43.24,82.92
2024-04-13 19:00:00,29.56,65.49,94.76
2024-04-13 19:15:00,28.8,65.44,77.3
2024-04-13 19:30:00,32.61,65.07,69.1
2024-04-13 19:45:00,28.72,62.79,74.88
2024-04-13 20:00:00,28.3,50.58,91.13
2024-04-13 20:15:00,35.19,37.72,79.6
2024-04-13 20:30:00,36.3,64.25,66.99
2024-04-13 20:45:00,35.42,40.76,77.36
2024-04-13 21:00:00,29.16,39.34,75.17
2024-04-13 21:15:00,20.0,54.29,80.27
2024-04-13 21:30:00,29.26,66.46,86.95
2024-04-13 21:45:00,26.21,89.82,88.32
2024-04-13 22:00:00,29.35,74.69,74.78
2024-04-13 22:15:00,26.64,81.5,65.91
2024-04-13 22:30:00,29.9,69.8,73.59
2024-04-13 22:45:00,24.8,65.5,85.9
2024-04-13 23:00:00,23.6,90.0,90.96
2024-04-13 23:15:00,36.11,40.16,84.19
2024-04-13 23:30:00,25.15,53.8,87.28
2024-04-13 23:45:00,30.0,54.97,79.06
2024-04-14 00:00:00,34.77,73.4,83.46
2024-04-14 00:15:00,34.57,45.32,73.42
2024-04-14 00:30:00,33.97,71.45,98.94
2024-04-14 00:45:00,31.51,68.69,98.64
2024-04-14 01:00:00,33.62,72.2,66.42
2024-04-14 01:15:00,36.87,71.93,82.43
2024-04-14 01:30:00,32.13,83.07,75.67
2024-04-14 01:45:00,20.81,59.26,89.51
2024-04-14 02:00:00,27.36,67.95,81.24
2024-04-14 02:15:00,33.48,48.95,81.44
2024-04-14 02:30:00,26.86,45.53,84.42
2024-04-14 02:45:00,38.1,86.47,91.7
2024-04-14 03:00:00,29.68,47.82,76.74
2024-04-14 03:15:00,30.43,69.62,85.37
2024-04-14 03:30:00,35.62,67.97,77.39
2024-04-14 03:45:00,29.09,77.62,97.29
